candidate_case_id,site,date,aqs_site_id,parameter_code,report_species_name,aqs_parameter_name,value,units,sample_duration,method_code,method_name,historical_cmb_input_identity,receptor_uncertainty
fairbanks_state_building_2008-11-08,state_building,2008-11-08,02-090-0010,88102,Antimony,Antimony PM2.5 LC,0,Micrograms/cubic meter (LC),24 HOUR,811,Met One SASS/SuperSASS Teflon - Energy dispersive XRF,not proven,not present in AirData daily file
fairbanks_state_building_2008-11-08,state_building,2008-11-08,02-090-0010,88103,Arsenic,Arsenic PM2.5 LC,0.00222,Micrograms/cubic meter (LC),24 HOUR,811,Met One SASS/SuperSASS Teflon - Energy dispersive XRF,not proven,not present in AirData daily file
fairbanks_state_building_2008-11-08,state_building,2008-11-08,02-090-0010,88104,Aluminum,Aluminum PM2.5 LC,0.002,Micrograms/cubic meter (LC),24 HOUR,811,Met One SASS/SuperSASS Teflon - Energy dispersive XRF,not proven,not present in AirData daily file
fairbanks_state_building_2008-11-08,state_building,2008-11-08,02-090-0010,88107,Barium,Barium PM2.5 LC,0,Micrograms/cubic meter (LC),24 HOUR,811,Met One SASS/SuperSASS Teflon - Energy dispersive XRF,not proven,not present in AirData daily file
fairbanks_state_building_2008-11-08,state_building,2008-11-08,02-090-0010,88109,Bromine,Bromine PM2.5 LC,0.0052,Micrograms/cubic meter (LC),24 HOUR,811,Met One SASS/SuperSASS Teflon - Energy dispersive XRF,not proven,not present in AirData daily file
fairbanks_state_building_2008-11-08,state_building,2008-11-08,02-090-0010,88110,Cadmium,Cadmium PM2.5 LC,0,Micrograms/cubic meter (LC),24 HOUR,811,Met One SASS/SuperSASS Teflon - Energy dispersive XRF,not proven,not present in AirData daily file
fairbanks_state_building_2008-11-08,state_building,2008-11-08,02-090-0010,88111,Calcium,Calcium PM2.5 LC,0.0524,Micrograms/cubic meter (LC),24 HOUR,811,Met One SASS/SuperSASS Teflon - Energy dispersive XRF,not proven,not present in AirData daily file
fairbanks_state_building_2008-11-08,state_building,2008-11-08,02-090-0010,88112,Chromium,Chromium PM2.5 LC,0.002,Micrograms/cubic meter (LC),24 HOUR,811,Met One SASS/SuperSASS Teflon - Energy dispersive XRF,not proven,not present in AirData daily file
fairbanks_state_building_2008-11-08,state_building,2008-11-08,02-090-0010,88113,Cobalt,Cobalt PM2.5 LC,0,Micrograms/cubic meter (LC),24 HOUR,811,Met One SASS/SuperSASS Teflon - Energy Dispersive XRF,not proven,not present in AirData daily file
fairbanks_state_building_2008-11-08,state_building,2008-11-08,02-090-0010,88114,Copper,Copper PM2.5 LC,0.0052,Micrograms/cubic meter (LC),24 HOUR,811,Met One SASS/SuperSASS Teflon - Energy dispersive XRF,not proven,not present in AirData daily file
fairbanks_state_building_2008-11-08,state_building,2008-11-08,02-090-0010,88115,Chlorine,Chlorine PM2.5 LC,0.151,Micrograms/cubic meter (LC),24 HOUR,811,Met One SASS/SuperSASS Teflon - Energy Dispersive XRF,not proven,not present in AirData daily file
fairbanks_state_building_2008-11-08,state_building,2008-11-08,02-090-0010,88124,Gallium,Gallium PM2.5 LC,0,Micrograms/cubic meter (LC),24 HOUR,811,Met One SASS Teflon - Energy Dispersive XRF,not proven,not present in AirData daily file
fairbanks_state_building_2008-11-08,state_building,2008-11-08,02-090-0010,88126,Iron,Iron PM2.5 LC,0.0676,Micrograms/cubic meter (LC),24 HOUR,811,Met One SASS/SuperSASS Teflon - Energy Dispersive XRF,not proven,not present in AirData daily file
fairbanks_state_building_2008-11-08,state_building,2008-11-08,02-090-0010,88128,Lead,Lead PM2.5 LC,0.001,Micrograms/cubic meter (LC),24 HOUR,811,Met One SASS/SuperSASS Teflon - Energy Dispersive XRF,not proven,not present in AirData daily file
fairbanks_state_building_2008-11-08,state_building,2008-11-08,02-090-0010,88131,Indium,Indium PM2.5 LC,0,Micrograms/cubic meter (LC),24 HOUR,811,Met One SASS/SuperSASS Teflon - Energy Dispersive XRF,not proven,not present in AirData daily file
fairbanks_state_building_2008-11-08,state_building,2008-11-08,02-090-0010,88132,Manganese,Manganese PM2.5 LC,0,Micrograms/cubic meter (LC),24 HOUR,811,Met One SASS/SuperSASS Teflon - Energy Dispersive XRF,not proven,not present in AirData daily file
fairbanks_state_building_2008-11-08,state_building,2008-11-08,02-090-0010,88134,Molybdenum,Molybdenum PM2.5 LC,0.0035,Micrograms/cubic meter (LC),24 HOUR,811,Met One SASS Teflon - Energy Dispersive XRF,not proven,not present in AirData daily file
fairbanks_state_building_2008-11-08,state_building,2008-11-08,02-090-0010,88136,Nickel,Nickel PM2.5 LC,0.001,Micrograms/cubic meter (LC),24 HOUR,811,Met One SASS/SuperSASS Teflon - Energy Dispersive XRF,not proven,not present in AirData daily file
fairbanks_state_building_2008-11-08,state_building,2008-11-08,02-090-0010,88140,Magnesium,Magnesium PM2.5 LC,0.005,Micrograms/cubic meter (LC),24 HOUR,811,Met One SASS/SuperSASS Teflon - Energy Dispersive XRF,not proven,not present in AirData daily file
fairbanks_state_building_2008-11-08,state_building,2008-11-08,02-090-0010,88142,Mercury,Mercury PM2.5 LC,0,Micrograms/cubic meter (LC),24 HOUR,811,Met One SASS Teflon - Energy Dispersive XRF,not proven,not present in AirData daily file
fairbanks_state_building_2008-11-08,state_building,2008-11-08,02-090-0010,88146,Lanthanum,Lanthanum PM2.5 LC,0,Micrograms/cubic meter (LC),24 HOUR,811,Met One SASS Teflon - Energy Dispersive XRF,not proven,not present in AirData daily file
fairbanks_state_building_2008-11-08,state_building,2008-11-08,02-090-0010,88152,Phosphorus,Phosphorus PM2.5 LC,0.003,Micrograms/cubic meter (LC),24 HOUR,811,Met One SASS/SuperSASS Teflon - Energy Dispersive XRF,not proven,not present in AirData daily file
fairbanks_state_building_2008-11-08,state_building,2008-11-08,02-090-0010,88154,Selenium,Selenium PM2.5 LC,0.001,Micrograms/cubic meter (LC),24 HOUR,811,Met One SASS/SuperSASS Teflon - Energy Dispersive XRF,not proven,not present in AirData daily file
fairbanks_state_building_2008-11-08,state_building,2008-11-08,02-090-0010,88160,Tin,Tin PM2.5 LC,0,Micrograms/cubic meter (LC),24 HOUR,811,Met One SASS/SuperSASS Teflon - Energy Dispersive XRF,not proven,not present in AirData daily file
fairbanks_state_building_2008-11-08,state_building,2008-11-08,02-090-0010,88161,Titanium,Titanium PM2.5 LC,0,Micrograms/cubic meter (LC),24 HOUR,811,Met One SASS/SuperSASS Teflon - Energy Dispersive XRF,not proven,not present in AirData daily file
fairbanks_state_building_2008-11-08,state_building,2008-11-08,02-090-0010,88164,Vanadium,Vanadium PM2.5 LC,0.001,Micrograms/cubic meter (LC),24 HOUR,811,Met One SASS/SuperSASS Teflon - Energy Dispersive XRF,not proven,not present in AirData daily file
fairbanks_state_building_2008-11-08,state_building,2008-11-08,02-090-0010,88165,Silicon,Silicon PM2.5 LC,0.0944,Micrograms/cubic meter (LC),24 HOUR,811,Met One SASS/SuperSASS Teflon - Energy Dispersive XRF,not proven,not present in AirData daily file
fairbanks_state_building_2008-11-08,state_building,2008-11-08,02-090-0010,88166,Silver,Silver PM2.5 LC,0,Micrograms/cubic meter (LC),24 HOUR,811,Met One SASS/SuperSASS Teflon - Energy Dispersive XRF,not proven,not present in AirData daily file
fairbanks_state_building_2008-11-08,state_building,2008-11-08,02-090-0010,88167,Zinc,Zinc PM2.5 LC,0.0831,Micrograms/cubic meter (LC),24 HOUR,811,Met One SASS/SuperSASS Teflon - Energy Dispersive XRF,not proven,not present in AirData daily file
fairbanks_state_building_2008-11-08,state_building,2008-11-08,02-090-0010,88168,Strontium,Strontium PM2.5 LC,0,Micrograms/cubic meter (LC),24 HOUR,811,Met One SASS/SuperSASS Teflon - Energy Dispersive XRF,not proven,not present in AirData daily file
fairbanks_state_building_2008-11-08,state_building,2008-11-08,02-090-0010,88169,Sulfur,Sulfur PM2.5 LC,1.68,Micrograms/cubic meter (LC),24 HOUR,811,Met One SASS/SuperSASS Teflon - Energy Dispersive XRF,not proven,not present in AirData daily file
fairbanks_state_building_2008-11-08,state_building,2008-11-08,02-090-0010,88176,Rubidium,Rubidium PM2.5 LC,0,Micrograms/cubic meter (LC),24 HOUR,811,Met One SASS/SuperSASS Teflon - Energy Dispersive XRF,not proven,not present in AirData daily file
fairbanks_state_building_2008-11-08,state_building,2008-11-08,02-090-0010,88180,Potassium,Potassium PM2.5 LC,0.19,Micrograms/cubic meter (LC),24 HOUR,811,Met One SASS/SuperSASS Teflon - Energy Dispersive XRF,not proven,not present in AirData daily file
fairbanks_state_building_2008-11-08,state_building,2008-11-08,02-090-0010,88183,Yttrium,Yttrium PM2.5 LC,0,Micrograms/cubic meter (LC),24 HOUR,811,Met One SASS Teflon - Energy Dispersive XRF,not proven,not present in AirData daily file
fairbanks_state_building_2008-11-08,state_building,2008-11-08,02-090-0010,88184,Sodium,Sodium PM2.5 LC,0.067,Micrograms/cubic meter (LC),24 HOUR,811,Met One SASS/SuperSASS Teflon - Energy Dispersive XRF,not proven,not present in AirData daily file
fairbanks_state_building_2008-11-08,state_building,2008-11-08,02-090-0010,88185,Zirconium,Zirconium PM2.5 LC,0,Micrograms/cubic meter (LC),24 HOUR,811,Met One SASS/SuperSASS Teflon - Energy Dispersive XRF,not proven,not present in AirData daily file
fairbanks_state_building_2008-11-08,state_building,2008-11-08,02-090-0010,88301,Ammonium,Ammonium Ion PM2.5 LC,2.22,Micrograms/cubic meter (LC),24 HOUR,812,Met One SASS/SuperSASS Nylon - Ion Chromatography,not proven,not present in AirData daily file
fairbanks_state_building_2008-11-08,state_building,2008-11-08,02-090-0010,88302,Sodium ion,Sodium Ion Pm2.5 LC,0.02,Micrograms/cubic meter (LC),24 HOUR,812,Met One SASS/SuperSASS Nylon - Ion Chromatography,not proven,not present in AirData daily file
fairbanks_state_building_2008-11-08,state_building,2008-11-08,02-090-0010,88303,Potassium ion,Potassium Ion PM2.5 LC,0.158,Micrograms/cubic meter (LC),24 HOUR,812,Met One SASS/SuperSASS Nylon - Ion Chromatography,not proven,not present in AirData daily file
fairbanks_state_building_2008-11-08,state_building,2008-11-08,02-090-0010,88305,Organic carbon,OC CSN Unadjusted PM2.5 LC TOT,22.3,Micrograms/cubic meter (LC),24 HOUR,813,Met One SASS Quartz - STN TOT,not proven,not present in AirData daily file
fairbanks_state_building_2008-11-08,state_building,2008-11-08,02-090-0010,88306,Nitrate,Total Nitrate PM2.5 LC,1.69,Micrograms/cubic meter (LC),24 HOUR,812,Met One SASS/SuperSASS Nylon - Ion Chromatography,not proven,not present in AirData daily file
fairbanks_state_building_2008-11-08,state_building,2008-11-08,02-090-0010,88307,Elemental carbon,EC CSN PM2.5 LC TOT,2.17,Micrograms/cubic meter (LC),24 HOUR,813,Met One SASS Quartz - STN TOT,not proven,not present in AirData daily file
fairbanks_state_building_2008-11-08,state_building,2008-11-08,02-090-0010,88403,Sulfate,Sulfate PM2.5 LC,4.73,Micrograms/cubic meter (LC),24 HOUR,812,Met One SASS/SuperSASS Nylon - Ion Chromatography,not proven,not present in AirData daily file
fairbanks_state_building_2008-11-11,state_building,2008-11-11,02-090-0010,88102,Antimony,Antimony PM2.5 LC,0,Micrograms/cubic meter (LC),24 HOUR,811,Met One SASS/SuperSASS Teflon - Energy dispersive XRF,not proven,not present in AirData daily file
fairbanks_state_building_2008-11-11,state_building,2008-11-11,02-090-0010,88103,Arsenic,Arsenic PM2.5 LC,0,Micrograms/cubic meter (LC),24 HOUR,811,Met One SASS/SuperSASS Teflon - Energy dispersive XRF,not proven,not present in AirData daily file
fairbanks_state_building_2008-11-11,state_building,2008-11-11,02-090-0010,88104,Aluminum,Aluminum PM2.5 LC,0,Micrograms/cubic meter (LC),24 HOUR,811,Met One SASS/SuperSASS Teflon - Energy dispersive XRF,not proven,not present in AirData daily file
fairbanks_state_building_2008-11-11,state_building,2008-11-11,02-090-0010,88107,Barium,Barium PM2.5 LC,0,Micrograms/cubic meter (LC),24 HOUR,811,Met One SASS/SuperSASS Teflon - Energy dispersive XRF,not proven,not present in AirData daily file
fairbanks_state_building_2008-11-11,state_building,2008-11-11,02-090-0010,88109,Bromine,Bromine PM2.5 LC,0.0035,Micrograms/cubic meter (LC),24 HOUR,811,Met One SASS/SuperSASS Teflon - Energy dispersive XRF,not proven,not present in AirData daily file
fairbanks_state_building_2008-11-11,state_building,2008-11-11,02-090-0010,88110,Cadmium,Cadmium PM2.5 LC,0.004,Micrograms/cubic meter (LC),24 HOUR,811,Met One SASS/SuperSASS Teflon - Energy dispersive XRF,not proven,not present in AirData daily file
fairbanks_state_building_2008-11-11,state_building,2008-11-11,02-090-0010,88111,Calcium,Calcium PM2.5 LC,0.067,Micrograms/cubic meter (LC),24 HOUR,811,Met One SASS/SuperSASS Teflon - Energy dispersive XRF,not proven,not present in AirData daily file
fairbanks_state_building_2008-11-11,state_building,2008-11-11,02-090-0010,88112,Chromium,Chromium PM2.5 LC,0.001,Micrograms/cubic meter (LC),24 HOUR,811,Met One SASS/SuperSASS Teflon - Energy dispersive XRF,not proven,not present in AirData daily file
fairbanks_state_building_2008-11-11,state_building,2008-11-11,02-090-0010,88113,Cobalt,Cobalt PM2.5 LC,0,Micrograms/cubic meter (LC),24 HOUR,811,Met One SASS/SuperSASS Teflon - Energy Dispersive XRF,not proven,not present in AirData daily file
fairbanks_state_building_2008-11-11,state_building,2008-11-11,02-090-0010,88114,Copper,Copper PM2.5 LC,0.0039,Micrograms/cubic meter (LC),24 HOUR,811,Met One SASS/SuperSASS Teflon - Energy dispersive XRF,not proven,not present in AirData daily file
fairbanks_state_building_2008-11-11,state_building,2008-11-11,02-090-0010,88115,Chlorine,Chlorine PM2.5 LC,0.151,Micrograms/cubic meter (LC),24 HOUR,811,Met One SASS/SuperSASS Teflon - Energy Dispersive XRF,not proven,not present in AirData daily file
fairbanks_state_building_2008-11-11,state_building,2008-11-11,02-090-0010,88124,Gallium,Gallium PM2.5 LC,0,Micrograms/cubic meter (LC),24 HOUR,811,Met One SASS Teflon - Energy Dispersive XRF,not proven,not present in AirData daily file
fairbanks_state_building_2008-11-11,state_building,2008-11-11,02-090-0010,88126,Iron,Iron PM2.5 LC,0.0607,Micrograms/cubic meter (LC),24 HOUR,811,Met One SASS/SuperSASS Teflon - Energy Dispersive XRF,not proven,not present in AirData daily file
fairbanks_state_building_2008-11-11,state_building,2008-11-11,02-090-0010,88128,Lead,Lead PM2.5 LC,0,Micrograms/cubic meter (LC),24 HOUR,811,Met One SASS/SuperSASS Teflon - Energy Dispersive XRF,not proven,not present in AirData daily file
fairbanks_state_building_2008-11-11,state_building,2008-11-11,02-090-0010,88131,Indium,Indium PM2.5 LC,0.001,Micrograms/cubic meter (LC),24 HOUR,811,Met One SASS/SuperSASS Teflon - Energy Dispersive XRF,not proven,not present in AirData daily file
fairbanks_state_building_2008-11-11,state_building,2008-11-11,02-090-0010,88132,Manganese,Manganese PM2.5 LC,0.0024,Micrograms/cubic meter (LC),24 HOUR,811,Met One SASS/SuperSASS Teflon - Energy Dispersive XRF,not proven,not present in AirData daily file
fairbanks_state_building_2008-11-11,state_building,2008-11-11,02-090-0010,88134,Molybdenum,Molybdenum PM2.5 LC,0,Micrograms/cubic meter (LC),24 HOUR,811,Met One SASS Teflon - Energy Dispersive XRF,not proven,not present in AirData daily file
fairbanks_state_building_2008-11-11,state_building,2008-11-11,02-090-0010,88136,Nickel,Nickel PM2.5 LC,0.001,Micrograms/cubic meter (LC),24 HOUR,811,Met One SASS/SuperSASS Teflon - Energy Dispersive XRF,not proven,not present in AirData daily file
fairbanks_state_building_2008-11-11,state_building,2008-11-11,02-090-0010,88140,Magnesium,Magnesium PM2.5 LC,0.005,Micrograms/cubic meter (LC),24 HOUR,811,Met One SASS/SuperSASS Teflon - Energy Dispersive XRF,not proven,not present in AirData daily file
fairbanks_state_building_2008-11-11,state_building,2008-11-11,02-090-0010,88142,Mercury,Mercury PM2.5 LC,0.001,Micrograms/cubic meter (LC),24 HOUR,811,Met One SASS Teflon - Energy Dispersive XRF,not proven,not present in AirData daily file
fairbanks_state_building_2008-11-11,state_building,2008-11-11,02-090-0010,88146,Lanthanum,Lanthanum PM2.5 LC,0,Micrograms/cubic meter (LC),24 HOUR,811,Met One SASS Teflon - Energy Dispersive XRF,not proven,not present in AirData daily file
fairbanks_state_building_2008-11-11,state_building,2008-11-11,02-090-0010,88152,Phosphorus,Phosphorus PM2.5 LC,0.001,Micrograms/cubic meter (LC),24 HOUR,811,Met One SASS/SuperSASS Teflon - Energy Dispersive XRF,not proven,not present in AirData daily file
fairbanks_state_building_2008-11-11,state_building,2008-11-11,02-090-0010,88154,Selenium,Selenium PM2.5 LC,0,Micrograms/cubic meter (LC),24 HOUR,811,Met One SASS/SuperSASS Teflon - Energy Dispersive XRF,not proven,not present in AirData daily file
fairbanks_state_building_2008-11-11,state_building,2008-11-11,02-090-0010,88160,Tin,Tin PM2.5 LC,0,Micrograms/cubic meter (LC),24 HOUR,811,Met One SASS/SuperSASS Teflon - Energy Dispersive XRF,not proven,not present in AirData daily file
fairbanks_state_building_2008-11-11,state_building,2008-11-11,02-090-0010,88161,Titanium,Titanium PM2.5 LC,0.004,Micrograms/cubic meter (LC),24 HOUR,811,Met One SASS/SuperSASS Teflon - Energy Dispersive XRF,not proven,not present in AirData daily file
fairbanks_state_building_2008-11-11,state_building,2008-11-11,02-090-0010,88164,Vanadium,Vanadium PM2.5 LC,0,Micrograms/cubic meter (LC),24 HOUR,811,Met One SASS/SuperSASS Teflon - Energy Dispersive XRF,not proven,not present in AirData daily file
fairbanks_state_building_2008-11-11,state_building,2008-11-11,02-090-0010,88165,Silicon,Silicon PM2.5 LC,0.0545,Micrograms/cubic meter (LC),24 HOUR,811,Met One SASS/SuperSASS Teflon - Energy Dispersive XRF,not proven,not present in AirData daily file
fairbanks_state_building_2008-11-11,state_building,2008-11-11,02-090-0010,88166,Silver,Silver PM2.5 LC,0,Micrograms/cubic meter (LC),24 HOUR,811,Met One SASS/SuperSASS Teflon - Energy Dispersive XRF,not proven,not present in AirData daily file
fairbanks_state_building_2008-11-11,state_building,2008-11-11,02-090-0010,88167,Zinc,Zinc PM2.5 LC,0.072,Micrograms/cubic meter (LC),24 HOUR,811,Met One SASS/SuperSASS Teflon - Energy Dispersive XRF,not proven,not present in AirData daily file
fairbanks_state_building_2008-11-11,state_building,2008-11-11,02-090-0010,88168,Strontium,Strontium PM2.5 LC,0,Micrograms/cubic meter (LC),24 HOUR,811,Met One SASS/SuperSASS Teflon - Energy Dispersive XRF,not proven,not present in AirData daily file
fairbanks_state_building_2008-11-11,state_building,2008-11-11,02-090-0010,88169,Sulfur,Sulfur PM2.5 LC,1.22,Micrograms/cubic meter (LC),24 HOUR,811,Met One SASS/SuperSASS Teflon - Energy Dispersive XRF,not proven,not present in AirData daily file
fairbanks_state_building_2008-11-11,state_building,2008-11-11,02-090-0010,88176,Rubidium,Rubidium PM2.5 LC,0,Micrograms/cubic meter (LC),24 HOUR,811,Met One SASS/SuperSASS Teflon - Energy Dispersive XRF,not proven,not present in AirData daily file
fairbanks_state_building_2008-11-11,state_building,2008-11-11,02-090-0010,88180,Potassium,Potassium PM2.5 LC,0.124,Micrograms/cubic meter (LC),24 HOUR,811,Met One SASS/SuperSASS Teflon - Energy Dispersive XRF,not proven,not present in AirData daily file
fairbanks_state_building_2008-11-11,state_building,2008-11-11,02-090-0010,88183,Yttrium,Yttrium PM2.5 LC,0,Micrograms/cubic meter (LC),24 HOUR,811,Met One SASS Teflon - Energy Dispersive XRF,not proven,not present in AirData daily file
fairbanks_state_building_2008-11-11,state_building,2008-11-11,02-090-0010,88184,Sodium,Sodium PM2.5 LC,0.041,Micrograms/cubic meter (LC),24 HOUR,811,Met One SASS/SuperSASS Teflon - Energy Dispersive XRF,not proven,not present in AirData daily file
fairbanks_state_building_2008-11-11,state_building,2008-11-11,02-090-0010,88185,Zirconium,Zirconium PM2.5 LC,0,Micrograms/cubic meter (LC),24 HOUR,811,Met One SASS/SuperSASS Teflon - Energy Dispersive XRF,not proven,not present in AirData daily file
fairbanks_state_building_2008-11-11,state_building,2008-11-11,02-090-0010,88301,Ammonium,Ammonium Ion PM2.5 LC,1.46,Micrograms/cubic meter (LC),24 HOUR,812,Met One SASS/SuperSASS Nylon - Ion Chromatography,not proven,not present in AirData daily file
fairbanks_state_building_2008-11-11,state_building,2008-11-11,02-090-0010,88302,Sodium ion,Sodium Ion Pm2.5 LC,0.031,Micrograms/cubic meter (LC),24 HOUR,812,Met One SASS/SuperSASS Nylon - Ion Chromatography,not proven,not present in AirData daily file
fairbanks_state_building_2008-11-11,state_building,2008-11-11,02-090-0010,88303,Potassium ion,Potassium Ion PM2.5 LC,0.103,Micrograms/cubic meter (LC),24 HOUR,812,Met One SASS/SuperSASS Nylon - Ion Chromatography,not proven,not present in AirData daily file
fairbanks_state_building_2008-11-11,state_building,2008-11-11,02-090-0010,88305,Organic carbon,OC CSN Unadjusted PM2.5 LC TOT,16.2,Micrograms/cubic meter (LC),24 HOUR,813,Met One SASS Quartz - STN TOT,not proven,not present in AirData daily file
fairbanks_state_building_2008-11-11,state_building,2008-11-11,02-090-0010,88306,Nitrate,Total Nitrate PM2.5 LC,1.26,Micrograms/cubic meter (LC),24 HOUR,812,Met One SASS/SuperSASS Nylon - Ion Chromatography,not proven,not present in AirData daily file
fairbanks_state_building_2008-11-11,state_building,2008-11-11,02-090-0010,88307,Elemental carbon,EC CSN PM2.5 LC TOT,2.47,Micrograms/cubic meter (LC),24 HOUR,813,Met One SASS Quartz - STN TOT,not proven,not present in AirData daily file
fairbanks_state_building_2008-11-11,state_building,2008-11-11,02-090-0010,88403,Sulfate,Sulfate PM2.5 LC,3.19,Micrograms/cubic meter (LC),24 HOUR,812,Met One SASS/SuperSASS Nylon - Ion Chromatography,not proven,not present in AirData daily file
fairbanks_state_building_2008-11-14,state_building,2008-11-14,02-090-0010,88102,Antimony,Antimony PM2.5 LC,0,Micrograms/cubic meter (LC),24 HOUR,811,Met One SASS/SuperSASS Teflon - Energy dispersive XRF,not proven,not present in AirData daily file
fairbanks_state_building_2008-11-14,state_building,2008-11-14,02-090-0010,88103,Arsenic,Arsenic PM2.5 LC,0.002,Micrograms/cubic meter (LC),24 HOUR,811,Met One SASS/SuperSASS Teflon - Energy dispersive XRF,not proven,not present in AirData daily file
fairbanks_state_building_2008-11-14,state_building,2008-11-14,02-090-0010,88104,Aluminum,Aluminum PM2.5 LC,0.06,Micrograms/cubic meter (LC),24 HOUR,811,Met One SASS/SuperSASS Teflon - Energy dispersive XRF,not proven,not present in AirData daily file
fairbanks_state_building_2008-11-14,state_building,2008-11-14,02-090-0010,88107,Barium,Barium PM2.5 LC,0,Micrograms/cubic meter (LC),24 HOUR,811,Met One SASS/SuperSASS Teflon - Energy dispersive XRF,not proven,not present in AirData daily file
fairbanks_state_building_2008-11-14,state_building,2008-11-14,02-090-0010,88109,Bromine,Bromine PM2.5 LC,0.0125,Micrograms/cubic meter (LC),24 HOUR,811,Met One SASS/SuperSASS Teflon - Energy dispersive XRF,not proven,not present in AirData daily file
fairbanks_state_building_2008-11-14,state_building,2008-11-14,02-090-0010,88110,Cadmium,Cadmium PM2.5 LC,0.001,Micrograms/cubic meter (LC),24 HOUR,811,Met One SASS/SuperSASS Teflon - Energy dispersive XRF,not proven,not present in AirData daily file
fairbanks_state_building_2008-11-14,state_building,2008-11-14,02-090-0010,88111,Calcium,Calcium PM2.5 LC,0.0974,Micrograms/cubic meter (LC),24 HOUR,811,Met One SASS/SuperSASS Teflon - Energy dispersive XRF,not proven,not present in AirData daily file
fairbanks_state_building_2008-11-14,state_building,2008-11-14,02-090-0010,88112,Chromium,Chromium PM2.5 LC,0.001,Micrograms/cubic meter (LC),24 HOUR,811,Met One SASS/SuperSASS Teflon - Energy dispersive XRF,not proven,not present in AirData daily file
fairbanks_state_building_2008-11-14,state_building,2008-11-14,02-090-0010,88113,Cobalt,Cobalt PM2.5 LC,0.0013,Micrograms/cubic meter (LC),24 HOUR,811,Met One SASS/SuperSASS Teflon - Energy Dispersive XRF,not proven,not present in AirData daily file
fairbanks_state_building_2008-11-14,state_building,2008-11-14,02-090-0010,88114,Copper,Copper PM2.5 LC,0.0114,Micrograms/cubic meter (LC),24 HOUR,811,Met One SASS/SuperSASS Teflon - Energy dispersive XRF,not proven,not present in AirData daily file
fairbanks_state_building_2008-11-14,state_building,2008-11-14,02-090-0010,88115,Chlorine,Chlorine PM2.5 LC,0.308,Micrograms/cubic meter (LC),24 HOUR,811,Met One SASS/SuperSASS Teflon - Energy Dispersive XRF,not proven,not present in AirData daily file
fairbanks_state_building_2008-11-14,state_building,2008-11-14,02-090-0010,88124,Gallium,Gallium PM2.5 LC,0,Micrograms/cubic meter (LC),24 HOUR,811,Met One SASS Teflon - Energy Dispersive XRF,not proven,not present in AirData daily file
fairbanks_state_building_2008-11-14,state_building,2008-11-14,02-090-0010,88126,Iron,Iron PM2.5 LC,0.131,Micrograms/cubic meter (LC),24 HOUR,811,Met One SASS/SuperSASS Teflon - Energy Dispersive XRF,not proven,not present in AirData daily file
fairbanks_state_building_2008-11-14,state_building,2008-11-14,02-090-0010,88128,Lead,Lead PM2.5 LC,0.0074,Micrograms/cubic meter (LC),24 HOUR,811,Met One SASS/SuperSASS Teflon - Energy Dispersive XRF,not proven,not present in AirData daily file
fairbanks_state_building_2008-11-14,state_building,2008-11-14,02-090-0010,88131,Indium,Indium PM2.5 LC,0,Micrograms/cubic meter (LC),24 HOUR,811,Met One SASS/SuperSASS Teflon - Energy Dispersive XRF,not proven,not present in AirData daily file
fairbanks_state_building_2008-11-14,state_building,2008-11-14,02-090-0010,88132,Manganese,Manganese PM2.5 LC,0.004,Micrograms/cubic meter (LC),24 HOUR,811,Met One SASS/SuperSASS Teflon - Energy Dispersive XRF,not proven,not present in AirData daily file
fairbanks_state_building_2008-11-14,state_building,2008-11-14,02-090-0010,88134,Molybdenum,Molybdenum PM2.5 LC,0.002,Micrograms/cubic meter (LC),24 HOUR,811,Met One SASS Teflon - Energy Dispersive XRF,not proven,not present in AirData daily file
fairbanks_state_building_2008-11-14,state_building,2008-11-14,02-090-0010,88136,Nickel,Nickel PM2.5 LC,0,Micrograms/cubic meter (LC),24 HOUR,811,Met One SASS/SuperSASS Teflon - Energy Dispersive XRF,not proven,not present in AirData daily file
fairbanks_state_building_2008-11-14,state_building,2008-11-14,02-090-0010,88140,Magnesium,Magnesium PM2.5 LC,0,Micrograms/cubic meter (LC),24 HOUR,811,Met One SASS/SuperSASS Teflon - Energy Dispersive XRF,not proven,not present in AirData daily file
fairbanks_state_building_2008-11-14,state_building,2008-11-14,02-090-0010,88142,Mercury,Mercury PM2.5 LC,0,Micrograms/cubic meter (LC),24 HOUR,811,Met One SASS Teflon - Energy Dispersive XRF,not proven,not present in AirData daily file
fairbanks_state_building_2008-11-14,state_building,2008-11-14,02-090-0010,88146,Lanthanum,Lanthanum PM2.5 LC,0,Micrograms/cubic meter (LC),24 HOUR,811,Met One SASS Teflon - Energy Dispersive XRF,not proven,not present in AirData daily file
fairbanks_state_building_2008-11-14,state_building,2008-11-14,02-090-0010,88152,Phosphorus,Phosphorus PM2.5 LC,0.104,Micrograms/cubic meter (LC),24 HOUR,811,Met One SASS/SuperSASS Teflon - Energy Dispersive XRF,not proven,not present in AirData daily file
fairbanks_state_building_2008-11-14,state_building,2008-11-14,02-090-0010,88154,Selenium,Selenium PM2.5 LC,0,Micrograms/cubic meter (LC),24 HOUR,811,Met One SASS/SuperSASS Teflon - Energy Dispersive XRF,not proven,not present in AirData daily file
fairbanks_state_building_2008-11-14,state_building,2008-11-14,02-090-0010,88160,Tin,Tin PM2.5 LC,0.009,Micrograms/cubic meter (LC),24 HOUR,811,Met One SASS/SuperSASS Teflon - Energy Dispersive XRF,not proven,not present in AirData daily file
fairbanks_state_building_2008-11-14,state_building,2008-11-14,02-090-0010,88161,Titanium,Titanium PM2.5 LC,0,Micrograms/cubic meter (LC),24 HOUR,811,Met One SASS/SuperSASS Teflon - Energy Dispersive XRF,not proven,not present in AirData daily file
fairbanks_state_building_2008-11-14,state_building,2008-11-14,02-090-0010,88164,Vanadium,Vanadium PM2.5 LC,0,Micrograms/cubic meter (LC),24 HOUR,811,Met One SASS/SuperSASS Teflon - Energy Dispersive XRF,not proven,not present in AirData daily file
fairbanks_state_building_2008-11-14,state_building,2008-11-14,02-090-0010,88165,Silicon,Silicon PM2.5 LC,0.157,Micrograms/cubic meter (LC),24 HOUR,811,Met One SASS/SuperSASS Teflon - Energy Dispersive XRF,not proven,not present in AirData daily file
fairbanks_state_building_2008-11-14,state_building,2008-11-14,02-090-0010,88166,Silver,Silver PM2.5 LC,0,Micrograms/cubic meter (LC),24 HOUR,811,Met One SASS/SuperSASS Teflon - Energy Dispersive XRF,not proven,not present in AirData daily file
fairbanks_state_building_2008-11-14,state_building,2008-11-14,02-090-0010,88167,Zinc,Zinc PM2.5 LC,0.188,Micrograms/cubic meter (LC),24 HOUR,811,Met One SASS/SuperSASS Teflon - Energy Dispersive XRF,not proven,not present in AirData daily file
fairbanks_state_building_2008-11-14,state_building,2008-11-14,02-090-0010,88168,Strontium,Strontium PM2.5 LC,0.0105,Micrograms/cubic meter (LC),24 HOUR,811,Met One SASS/SuperSASS Teflon - Energy Dispersive XRF,not proven,not present in AirData daily file
fairbanks_state_building_2008-11-14,state_building,2008-11-14,02-090-0010,88169,Sulfur,Sulfur PM2.5 LC,2.96,Micrograms/cubic meter (LC),24 HOUR,811,Met One SASS/SuperSASS Teflon - Energy Dispersive XRF,not proven,not present in AirData daily file
fairbanks_state_building_2008-11-14,state_building,2008-11-14,02-090-0010,88176,Rubidium,Rubidium PM2.5 LC,0,Micrograms/cubic meter (LC),24 HOUR,811,Met One SASS/SuperSASS Teflon - Energy Dispersive XRF,not proven,not present in AirData daily file
fairbanks_state_building_2008-11-14,state_building,2008-11-14,02-090-0010,88180,Potassium,Potassium PM2.5 LC,0.214,Micrograms/cubic meter (LC),24 HOUR,811,Met One SASS/SuperSASS Teflon - Energy Dispersive XRF,not proven,not present in AirData daily file
fairbanks_state_building_2008-11-14,state_building,2008-11-14,02-090-0010,88183,Yttrium,Yttrium PM2.5 LC,0,Micrograms/cubic meter (LC),24 HOUR,811,Met One SASS Teflon - Energy Dispersive XRF,not proven,not present in AirData daily file
fairbanks_state_building_2008-11-14,state_building,2008-11-14,02-090-0010,88184,Sodium,Sodium PM2.5 LC,0.082,Micrograms/cubic meter (LC),24 HOUR,811,Met One SASS/SuperSASS Teflon - Energy Dispersive XRF,not proven,not present in AirData daily file
fairbanks_state_building_2008-11-14,state_building,2008-11-14,02-090-0010,88185,Zirconium,Zirconium PM2.5 LC,0,Micrograms/cubic meter (LC),24 HOUR,811,Met One SASS/SuperSASS Teflon - Energy Dispersive XRF,not proven,not present in AirData daily file
fairbanks_state_building_2008-11-14,state_building,2008-11-14,02-090-0010,88301,Ammonium,Ammonium Ion PM2.5 LC,4.83,Micrograms/cubic meter (LC),24 HOUR,812,Met One SASS/SuperSASS Nylon - Ion Chromatography,not proven,not present in AirData daily file
fairbanks_state_building_2008-11-14,state_building,2008-11-14,02-090-0010,88302,Sodium ion,Sodium Ion Pm2.5 LC,0.03,Micrograms/cubic meter (LC),24 HOUR,812,Met One SASS/SuperSASS Nylon - Ion Chromatography,not proven,not present in AirData daily file
fairbanks_state_building_2008-11-14,state_building,2008-11-14,02-090-0010,88303,Potassium ion,Potassium Ion PM2.5 LC,0.2,Micrograms/cubic meter (LC),24 HOUR,812,Met One SASS/SuperSASS Nylon - Ion Chromatography,not proven,not present in AirData daily file
fairbanks_state_building_2008-11-14,state_building,2008-11-14,02-090-0010,88305,Organic carbon,OC CSN Unadjusted PM2.5 LC TOT,24.3,Micrograms/cubic meter (LC),24 HOUR,813,Met One SASS Quartz - STN TOT,not proven,not present in AirData daily file
fairbanks_state_building_2008-11-14,state_building,2008-11-14,02-090-0010,88306,Nitrate,Total Nitrate PM2.5 LC,2.49,Micrograms/cubic meter (LC),24 HOUR,812,Met One SASS/SuperSASS Nylon - Ion Chromatography,not proven,not present in AirData daily file
fairbanks_state_building_2008-11-14,state_building,2008-11-14,02-090-0010,88307,Elemental carbon,EC CSN PM2.5 LC TOT,3.46,Micrograms/cubic meter (LC),24 HOUR,813,Met One SASS Quartz - STN TOT,not proven,not present in AirData daily file
fairbanks_state_building_2008-11-14,state_building,2008-11-14,02-090-0010,88403,Sulfate,Sulfate PM2.5 LC,7.3,Micrograms/cubic meter (LC),24 HOUR,812,Met One SASS/SuperSASS Nylon - Ion Chromatography,not proven,not present in AirData daily file
fairbanks_state_building_2008-11-17,state_building,2008-11-17,02-090-0010,88102,Antimony,Antimony PM2.5 LC,0.016,Micrograms/cubic meter (LC),24 HOUR,811,Met One SASS/SuperSASS Teflon - Energy dispersive XRF,not proven,not present in AirData daily file
fairbanks_state_building_2008-11-17,state_building,2008-11-17,02-090-0010,88103,Arsenic,Arsenic PM2.5 LC,0,Micrograms/cubic meter (LC),24 HOUR,811,Met One SASS/SuperSASS Teflon - Energy dispersive XRF,not proven,not present in AirData daily file
fairbanks_state_building_2008-11-17,state_building,2008-11-17,02-090-0010,88104,Aluminum,Aluminum PM2.5 LC,0.051,Micrograms/cubic meter (LC),24 HOUR,811,Met One SASS/SuperSASS Teflon - Energy dispersive XRF,not proven,not present in AirData daily file
fairbanks_state_building_2008-11-17,state_building,2008-11-17,02-090-0010,88107,Barium,Barium PM2.5 LC,0,Micrograms/cubic meter (LC),24 HOUR,811,Met One SASS/SuperSASS Teflon - Energy dispersive XRF,not proven,not present in AirData daily file
fairbanks_state_building_2008-11-17,state_building,2008-11-17,02-090-0010,88109,Bromine,Bromine PM2.5 LC,0.0041,Micrograms/cubic meter (LC),24 HOUR,811,Met One SASS/SuperSASS Teflon - Energy dispersive XRF,not proven,not present in AirData daily file
fairbanks_state_building_2008-11-17,state_building,2008-11-17,02-090-0010,88110,Cadmium,Cadmium PM2.5 LC,0.005,Micrograms/cubic meter (LC),24 HOUR,811,Met One SASS/SuperSASS Teflon - Energy dispersive XRF,not proven,not present in AirData daily file
fairbanks_state_building_2008-11-17,state_building,2008-11-17,02-090-0010,88111,Calcium,Calcium PM2.5 LC,0.0498,Micrograms/cubic meter (LC),24 HOUR,811,Met One SASS/SuperSASS Teflon - Energy dispersive XRF,not proven,not present in AirData daily file
fairbanks_state_building_2008-11-17,state_building,2008-11-17,02-090-0010,88112,Chromium,Chromium PM2.5 LC,0.011,Micrograms/cubic meter (LC),24 HOUR,811,Met One SASS/SuperSASS Teflon - Energy dispersive XRF,not proven,not present in AirData daily file
fairbanks_state_building_2008-11-17,state_building,2008-11-17,02-090-0010,88113,Cobalt,Cobalt PM2.5 LC,0,Micrograms/cubic meter (LC),24 HOUR,811,Met One SASS/SuperSASS Teflon - Energy Dispersive XRF,not proven,not present in AirData daily file
fairbanks_state_building_2008-11-17,state_building,2008-11-17,02-090-0010,88114,Copper,Copper PM2.5 LC,0.003,Micrograms/cubic meter (LC),24 HOUR,811,Met One SASS/SuperSASS Teflon - Energy dispersive XRF,not proven,not present in AirData daily file
fairbanks_state_building_2008-11-17,state_building,2008-11-17,02-090-0010,88115,Chlorine,Chlorine PM2.5 LC,0.021,Micrograms/cubic meter (LC),24 HOUR,811,Met One SASS/SuperSASS Teflon - Energy Dispersive XRF,not proven,not present in AirData daily file
fairbanks_state_building_2008-11-17,state_building,2008-11-17,02-090-0010,88124,Gallium,Gallium PM2.5 LC,0,Micrograms/cubic meter (LC),24 HOUR,811,Met One SASS Teflon - Energy Dispersive XRF,not proven,not present in AirData daily file
fairbanks_state_building_2008-11-17,state_building,2008-11-17,02-090-0010,88126,Iron,Iron PM2.5 LC,0.116,Micrograms/cubic meter (LC),24 HOUR,811,Met One SASS/SuperSASS Teflon - Energy Dispersive XRF,not proven,not present in AirData daily file
fairbanks_state_building_2008-11-17,state_building,2008-11-17,02-090-0010,88128,Lead,Lead PM2.5 LC,0.0084,Micrograms/cubic meter (LC),24 HOUR,811,Met One SASS/SuperSASS Teflon - Energy Dispersive XRF,not proven,not present in AirData daily file
fairbanks_state_building_2008-11-17,state_building,2008-11-17,02-090-0010,88131,Indium,Indium PM2.5 LC,0,Micrograms/cubic meter (LC),24 HOUR,811,Met One SASS/SuperSASS Teflon - Energy Dispersive XRF,not proven,not present in AirData daily file
fairbanks_state_building_2008-11-17,state_building,2008-11-17,02-090-0010,88132,Manganese,Manganese PM2.5 LC,0.001,Micrograms/cubic meter (LC),24 HOUR,811,Met One SASS/SuperSASS Teflon - Energy Dispersive XRF,not proven,not present in AirData daily file
fairbanks_state_building_2008-11-17,state_building,2008-11-17,02-090-0010,88134,Molybdenum,Molybdenum PM2.5 LC,0.002,Micrograms/cubic meter (LC),24 HOUR,811,Met One SASS Teflon - Energy Dispersive XRF,not proven,not present in AirData daily file
fairbanks_state_building_2008-11-17,state_building,2008-11-17,02-090-0010,88136,Nickel,Nickel PM2.5 LC,0,Micrograms/cubic meter (LC),24 HOUR,811,Met One SASS/SuperSASS Teflon - Energy Dispersive XRF,not proven,not present in AirData daily file
fairbanks_state_building_2008-11-17,state_building,2008-11-17,02-090-0010,88140,Magnesium,Magnesium PM2.5 LC,0,Micrograms/cubic meter (LC),24 HOUR,811,Met One SASS/SuperSASS Teflon - Energy Dispersive XRF,not proven,not present in AirData daily file
fairbanks_state_building_2008-11-17,state_building,2008-11-17,02-090-0010,88142,Mercury,Mercury PM2.5 LC,0,Micrograms/cubic meter (LC),24 HOUR,811,Met One SASS Teflon - Energy Dispersive XRF,not proven,not present in AirData daily file
fairbanks_state_building_2008-11-17,state_building,2008-11-17,02-090-0010,88146,Lanthanum,Lanthanum PM2.5 LC,0,Micrograms/cubic meter (LC),24 HOUR,811,Met One SASS Teflon - Energy Dispersive XRF,not proven,not present in AirData daily file
fairbanks_state_building_2008-11-17,state_building,2008-11-17,02-090-0010,88152,Phosphorus,Phosphorus PM2.5 LC,0,Micrograms/cubic meter (LC),24 HOUR,811,Met One SASS/SuperSASS Teflon - Energy Dispersive XRF,not proven,not present in AirData daily file
fairbanks_state_building_2008-11-17,state_building,2008-11-17,02-090-0010,88154,Selenium,Selenium PM2.5 LC,0,Micrograms/cubic meter (LC),24 HOUR,811,Met One SASS/SuperSASS Teflon - Energy Dispersive XRF,not proven,not present in AirData daily file
fairbanks_state_building_2008-11-17,state_building,2008-11-17,02-090-0010,88160,Tin,Tin PM2.5 LC,0,Micrograms/cubic meter (LC),24 HOUR,811,Met One SASS/SuperSASS Teflon - Energy Dispersive XRF,not proven,not present in AirData daily file
fairbanks_state_building_2008-11-17,state_building,2008-11-17,02-090-0010,88161,Titanium,Titanium PM2.5 LC,0.001,Micrograms/cubic meter (LC),24 HOUR,811,Met One SASS/SuperSASS Teflon - Energy Dispersive XRF,not proven,not present in AirData daily file
fairbanks_state_building_2008-11-17,state_building,2008-11-17,02-090-0010,88164,Vanadium,Vanadium PM2.5 LC,0,Micrograms/cubic meter (LC),24 HOUR,811,Met One SASS/SuperSASS Teflon - Energy Dispersive XRF,not proven,not present in AirData daily file
fairbanks_state_building_2008-11-17,state_building,2008-11-17,02-090-0010,88165,Silicon,Silicon PM2.5 LC,0.0373,Micrograms/cubic meter (LC),24 HOUR,811,Met One SASS/SuperSASS Teflon - Energy Dispersive XRF,not proven,not present in AirData daily file
fairbanks_state_building_2008-11-17,state_building,2008-11-17,02-090-0010,88166,Silver,Silver PM2.5 LC,0,Micrograms/cubic meter (LC),24 HOUR,811,Met One SASS/SuperSASS Teflon - Energy Dispersive XRF,not proven,not present in AirData daily file
fairbanks_state_building_2008-11-17,state_building,2008-11-17,02-090-0010,88167,Zinc,Zinc PM2.5 LC,0.057,Micrograms/cubic meter (LC),24 HOUR,811,Met One SASS/SuperSASS Teflon - Energy Dispersive XRF,not proven,not present in AirData daily file
fairbanks_state_building_2008-11-17,state_building,2008-11-17,02-090-0010,88168,Strontium,Strontium PM2.5 LC,0.002,Micrograms/cubic meter (LC),24 HOUR,811,Met One SASS/SuperSASS Teflon - Energy Dispersive XRF,not proven,not present in AirData daily file
fairbanks_state_building_2008-11-17,state_building,2008-11-17,02-090-0010,88169,Sulfur,Sulfur PM2.5 LC,0.922,Micrograms/cubic meter (LC),24 HOUR,811,Met One SASS/SuperSASS Teflon - Energy Dispersive XRF,not proven,not present in AirData daily file
fairbanks_state_building_2008-11-17,state_building,2008-11-17,02-090-0010,88176,Rubidium,Rubidium PM2.5 LC,0,Micrograms/cubic meter (LC),24 HOUR,811,Met One SASS/SuperSASS Teflon - Energy Dispersive XRF,not proven,not present in AirData daily file
fairbanks_state_building_2008-11-17,state_building,2008-11-17,02-090-0010,88180,Potassium,Potassium PM2.5 LC,0.097,Micrograms/cubic meter (LC),24 HOUR,811,Met One SASS/SuperSASS Teflon - Energy Dispersive XRF,not proven,not present in AirData daily file
fairbanks_state_building_2008-11-17,state_building,2008-11-17,02-090-0010,88183,Yttrium,Yttrium PM2.5 LC,0,Micrograms/cubic meter (LC),24 HOUR,811,Met One SASS Teflon - Energy Dispersive XRF,not proven,not present in AirData daily file
fairbanks_state_building_2008-11-17,state_building,2008-11-17,02-090-0010,88184,Sodium,Sodium PM2.5 LC,0.002,Micrograms/cubic meter (LC),24 HOUR,811,Met One SASS/SuperSASS Teflon - Energy Dispersive XRF,not proven,not present in AirData daily file
fairbanks_state_building_2008-11-17,state_building,2008-11-17,02-090-0010,88185,Zirconium,Zirconium PM2.5 LC,0,Micrograms/cubic meter (LC),24 HOUR,811,Met One SASS/SuperSASS Teflon - Energy Dispersive XRF,not proven,not present in AirData daily file
fairbanks_state_building_2008-11-17,state_building,2008-11-17,02-090-0010,88301,Ammonium,Ammonium Ion PM2.5 LC,1.23,Micrograms/cubic meter (LC),24 HOUR,812,Met One SASS/SuperSASS Nylon - Ion Chromatography,not proven,not present in AirData daily file
fairbanks_state_building_2008-11-17,state_building,2008-11-17,02-090-0010,88302,Sodium ion,Sodium Ion Pm2.5 LC,0.03,Micrograms/cubic meter (LC),24 HOUR,812,Met One SASS/SuperSASS Nylon - Ion Chromatography,not proven,not present in AirData daily file
fairbanks_state_building_2008-11-17,state_building,2008-11-17,02-090-0010,88303,Potassium ion,Potassium Ion PM2.5 LC,0.124,Micrograms/cubic meter (LC),24 HOUR,812,Met One SASS/SuperSASS Nylon - Ion Chromatography,not proven,not present in AirData daily file
fairbanks_state_building_2008-11-17,state_building,2008-11-17,02-090-0010,88305,Organic carbon,OC CSN Unadjusted PM2.5 LC TOT,12,Micrograms/cubic meter (LC),24 HOUR,813,Met One SASS Quartz - STN TOT,not proven,not present in AirData daily file
fairbanks_state_building_2008-11-17,state_building,2008-11-17,02-090-0010,88306,Nitrate,Total Nitrate PM2.5 LC,1.33,Micrograms/cubic meter (LC),24 HOUR,812,Met One SASS/SuperSASS Nylon - Ion Chromatography,not proven,not present in AirData daily file
fairbanks_state_building_2008-11-17,state_building,2008-11-17,02-090-0010,88307,Elemental carbon,EC CSN PM2.5 LC TOT,1.28,Micrograms/cubic meter (LC),24 HOUR,813,Met One SASS Quartz - STN TOT,not proven,not present in AirData daily file
fairbanks_state_building_2008-11-17,state_building,2008-11-17,02-090-0010,88403,Sulfate,Sulfate PM2.5 LC,2.5,Micrograms/cubic meter (LC),24 HOUR,812,Met One SASS/SuperSASS Nylon - Ion Chromatography,not proven,not present in AirData daily file
fairbanks_state_building_2008-11-20,state_building,2008-11-20,02-090-0010,88102,Antimony,Antimony PM2.5 LC,0,Micrograms/cubic meter (LC),24 HOUR,811,Met One SASS/SuperSASS Teflon - Energy dispersive XRF,not proven,not present in AirData daily file
fairbanks_state_building_2008-11-20,state_building,2008-11-20,02-090-0010,88103,Arsenic,Arsenic PM2.5 LC,0,Micrograms/cubic meter (LC),24 HOUR,811,Met One SASS/SuperSASS Teflon - Energy dispersive XRF,not proven,not present in AirData daily file
fairbanks_state_building_2008-11-20,state_building,2008-11-20,02-090-0010,88104,Aluminum,Aluminum PM2.5 LC,0.002,Micrograms/cubic meter (LC),24 HOUR,811,Met One SASS/SuperSASS Teflon - Energy dispersive XRF,not proven,not present in AirData daily file
fairbanks_state_building_2008-11-20,state_building,2008-11-20,02-090-0010,88107,Barium,Barium PM2.5 LC,0,Micrograms/cubic meter (LC),24 HOUR,811,Met One SASS/SuperSASS Teflon - Energy dispersive XRF,not proven,not present in AirData daily file
fairbanks_state_building_2008-11-20,state_building,2008-11-20,02-090-0010,88109,Bromine,Bromine PM2.5 LC,0.0023,Micrograms/cubic meter (LC),24 HOUR,811,Met One SASS/SuperSASS Teflon - Energy dispersive XRF,not proven,not present in AirData daily file
fairbanks_state_building_2008-11-20,state_building,2008-11-20,02-090-0010,88110,Cadmium,Cadmium PM2.5 LC,0,Micrograms/cubic meter (LC),24 HOUR,811,Met One SASS/SuperSASS Teflon - Energy dispersive XRF,not proven,not present in AirData daily file
fairbanks_state_building_2008-11-20,state_building,2008-11-20,02-090-0010,88111,Calcium,Calcium PM2.5 LC,0.0328,Micrograms/cubic meter (LC),24 HOUR,811,Met One SASS/SuperSASS Teflon - Energy dispersive XRF,not proven,not present in AirData daily file
fairbanks_state_building_2008-11-20,state_building,2008-11-20,02-090-0010,88112,Chromium,Chromium PM2.5 LC,0.0024,Micrograms/cubic meter (LC),24 HOUR,811,Met One SASS/SuperSASS Teflon - Energy dispersive XRF,not proven,not present in AirData daily file
fairbanks_state_building_2008-11-20,state_building,2008-11-20,02-090-0010,88113,Cobalt,Cobalt PM2.5 LC,0,Micrograms/cubic meter (LC),24 HOUR,811,Met One SASS/SuperSASS Teflon - Energy Dispersive XRF,not proven,not present in AirData daily file
fairbanks_state_building_2008-11-20,state_building,2008-11-20,02-090-0010,88114,Copper,Copper PM2.5 LC,0.0053,Micrograms/cubic meter (LC),24 HOUR,811,Met One SASS/SuperSASS Teflon - Energy dispersive XRF,not proven,not present in AirData daily file
fairbanks_state_building_2008-11-20,state_building,2008-11-20,02-090-0010,88115,Chlorine,Chlorine PM2.5 LC,0.175,Micrograms/cubic meter (LC),24 HOUR,811,Met One SASS/SuperSASS Teflon - Energy Dispersive XRF,not proven,not present in AirData daily file
fairbanks_state_building_2008-11-20,state_building,2008-11-20,02-090-0010,88124,Gallium,Gallium PM2.5 LC,0,Micrograms/cubic meter (LC),24 HOUR,811,Met One SASS Teflon - Energy Dispersive XRF,not proven,not present in AirData daily file
fairbanks_state_building_2008-11-20,state_building,2008-11-20,02-090-0010,88126,Iron,Iron PM2.5 LC,0.0553,Micrograms/cubic meter (LC),24 HOUR,811,Met One SASS/SuperSASS Teflon - Energy Dispersive XRF,not proven,not present in AirData daily file
fairbanks_state_building_2008-11-20,state_building,2008-11-20,02-090-0010,88128,Lead,Lead PM2.5 LC,0.0098,Micrograms/cubic meter (LC),24 HOUR,811,Met One SASS/SuperSASS Teflon - Energy Dispersive XRF,not proven,not present in AirData daily file
fairbanks_state_building_2008-11-20,state_building,2008-11-20,02-090-0010,88131,Indium,Indium PM2.5 LC,0.002,Micrograms/cubic meter (LC),24 HOUR,811,Met One SASS/SuperSASS Teflon - Energy Dispersive XRF,not proven,not present in AirData daily file
fairbanks_state_building_2008-11-20,state_building,2008-11-20,02-090-0010,88132,Manganese,Manganese PM2.5 LC,0,Micrograms/cubic meter (LC),24 HOUR,811,Met One SASS/SuperSASS Teflon - Energy Dispersive XRF,not proven,not present in AirData daily file
fairbanks_state_building_2008-11-20,state_building,2008-11-20,02-090-0010,88134,Molybdenum,Molybdenum PM2.5 LC,0,Micrograms/cubic meter (LC),24 HOUR,811,Met One SASS Teflon - Energy Dispersive XRF,not proven,not present in AirData daily file
fairbanks_state_building_2008-11-20,state_building,2008-11-20,02-090-0010,88136,Nickel,Nickel PM2.5 LC,0,Micrograms/cubic meter (LC),24 HOUR,811,Met One SASS/SuperSASS Teflon - Energy Dispersive XRF,not proven,not present in AirData daily file
fairbanks_state_building_2008-11-20,state_building,2008-11-20,02-090-0010,88140,Magnesium,Magnesium PM2.5 LC,0,Micrograms/cubic meter (LC),24 HOUR,811,Met One SASS/SuperSASS Teflon - Energy Dispersive XRF,not proven,not present in AirData daily file
fairbanks_state_building_2008-11-20,state_building,2008-11-20,02-090-0010,88142,Mercury,Mercury PM2.5 LC,0,Micrograms/cubic meter (LC),24 HOUR,811,Met One SASS Teflon - Energy Dispersive XRF,not proven,not present in AirData daily file
fairbanks_state_building_2008-11-20,state_building,2008-11-20,02-090-0010,88146,Lanthanum,Lanthanum PM2.5 LC,0,Micrograms/cubic meter (LC),24 HOUR,811,Met One SASS Teflon - Energy Dispersive XRF,not proven,not present in AirData daily file
fairbanks_state_building_2008-11-20,state_building,2008-11-20,02-090-0010,88152,Phosphorus,Phosphorus PM2.5 LC,0.01,Micrograms/cubic meter (LC),24 HOUR,811,Met One SASS/SuperSASS Teflon - Energy Dispersive XRF,not proven,not present in AirData daily file
fairbanks_state_building_2008-11-20,state_building,2008-11-20,02-090-0010,88154,Selenium,Selenium PM2.5 LC,0,Micrograms/cubic meter (LC),24 HOUR,811,Met One SASS/SuperSASS Teflon - Energy Dispersive XRF,not proven,not present in AirData daily file
fairbanks_state_building_2008-11-20,state_building,2008-11-20,02-090-0010,88160,Tin,Tin PM2.5 LC,0,Micrograms/cubic meter (LC),24 HOUR,811,Met One SASS/SuperSASS Teflon - Energy Dispersive XRF,not proven,not present in AirData daily file
fairbanks_state_building_2008-11-20,state_building,2008-11-20,02-090-0010,88161,Titanium,Titanium PM2.5 LC,0.0053,Micrograms/cubic meter (LC),24 HOUR,811,Met One SASS/SuperSASS Teflon - Energy Dispersive XRF,not proven,not present in AirData daily file
fairbanks_state_building_2008-11-20,state_building,2008-11-20,02-090-0010,88164,Vanadium,Vanadium PM2.5 LC,0,Micrograms/cubic meter (LC),24 HOUR,811,Met One SASS/SuperSASS Teflon - Energy Dispersive XRF,not proven,not present in AirData daily file
fairbanks_state_building_2008-11-20,state_building,2008-11-20,02-090-0010,88165,Silicon,Silicon PM2.5 LC,0.028,Micrograms/cubic meter (LC),24 HOUR,811,Met One SASS/SuperSASS Teflon - Energy Dispersive XRF,not proven,not present in AirData daily file
fairbanks_state_building_2008-11-20,state_building,2008-11-20,02-090-0010,88166,Silver,Silver PM2.5 LC,0,Micrograms/cubic meter (LC),24 HOUR,811,Met One SASS/SuperSASS Teflon - Energy Dispersive XRF,not proven,not present in AirData daily file
fairbanks_state_building_2008-11-20,state_building,2008-11-20,02-090-0010,88167,Zinc,Zinc PM2.5 LC,0.0877,Micrograms/cubic meter (LC),24 HOUR,811,Met One SASS/SuperSASS Teflon - Energy Dispersive XRF,not proven,not present in AirData daily file
fairbanks_state_building_2008-11-20,state_building,2008-11-20,02-090-0010,88168,Strontium,Strontium PM2.5 LC,0.0086,Micrograms/cubic meter (LC),24 HOUR,811,Met One SASS/SuperSASS Teflon - Energy Dispersive XRF,not proven,not present in AirData daily file
fairbanks_state_building_2008-11-20,state_building,2008-11-20,02-090-0010,88169,Sulfur,Sulfur PM2.5 LC,1.09,Micrograms/cubic meter (LC),24 HOUR,811,Met One SASS/SuperSASS Teflon - Energy Dispersive XRF,not proven,not present in AirData daily file
fairbanks_state_building_2008-11-20,state_building,2008-11-20,02-090-0010,88176,Rubidium,Rubidium PM2.5 LC,0,Micrograms/cubic meter (LC),24 HOUR,811,Met One SASS/SuperSASS Teflon - Energy Dispersive XRF,not proven,not present in AirData daily file
fairbanks_state_building_2008-11-20,state_building,2008-11-20,02-090-0010,88180,Potassium,Potassium PM2.5 LC,0.113,Micrograms/cubic meter (LC),24 HOUR,811,Met One SASS/SuperSASS Teflon - Energy Dispersive XRF,not proven,not present in AirData daily file
fairbanks_state_building_2008-11-20,state_building,2008-11-20,02-090-0010,88183,Yttrium,Yttrium PM2.5 LC,0,Micrograms/cubic meter (LC),24 HOUR,811,Met One SASS Teflon - Energy Dispersive XRF,not proven,not present in AirData daily file
fairbanks_state_building_2008-11-20,state_building,2008-11-20,02-090-0010,88184,Sodium,Sodium PM2.5 LC,0.028,Micrograms/cubic meter (LC),24 HOUR,811,Met One SASS/SuperSASS Teflon - Energy Dispersive XRF,not proven,not present in AirData daily file
fairbanks_state_building_2008-11-20,state_building,2008-11-20,02-090-0010,88185,Zirconium,Zirconium PM2.5 LC,0.002,Micrograms/cubic meter (LC),24 HOUR,811,Met One SASS/SuperSASS Teflon - Energy Dispersive XRF,not proven,not present in AirData daily file
fairbanks_state_building_2008-11-20,state_building,2008-11-20,02-090-0010,88301,Ammonium,Ammonium Ion PM2.5 LC,1.3,Micrograms/cubic meter (LC),24 HOUR,812,Met One SASS/SuperSASS Nylon - Ion Chromatography,not proven,not present in AirData daily file
fairbanks_state_building_2008-11-20,state_building,2008-11-20,02-090-0010,88302,Sodium ion,Sodium Ion Pm2.5 LC,0.02,Micrograms/cubic meter (LC),24 HOUR,812,Met One SASS/SuperSASS Nylon - Ion Chromatography,not proven,not present in AirData daily file
fairbanks_state_building_2008-11-20,state_building,2008-11-20,02-090-0010,88303,Potassium ion,Potassium Ion PM2.5 LC,0.105,Micrograms/cubic meter (LC),24 HOUR,812,Met One SASS/SuperSASS Nylon - Ion Chromatography,not proven,not present in AirData daily file
fairbanks_state_building_2008-11-20,state_building,2008-11-20,02-090-0010,88305,Organic carbon,OC CSN Unadjusted PM2.5 LC TOT,10.8,Micrograms/cubic meter (LC),24 HOUR,813,Met One SASS Quartz - STN TOT,not proven,not present in AirData daily file
fairbanks_state_building_2008-11-20,state_building,2008-11-20,02-090-0010,88306,Nitrate,Total Nitrate PM2.5 LC,0.632,Micrograms/cubic meter (LC),24 HOUR,812,Met One SASS/SuperSASS Nylon - Ion Chromatography,not proven,not present in AirData daily file
fairbanks_state_building_2008-11-20,state_building,2008-11-20,02-090-0010,88307,Elemental carbon,EC CSN PM2.5 LC TOT,1.44,Micrograms/cubic meter (LC),24 HOUR,813,Met One SASS Quartz - STN TOT,not proven,not present in AirData daily file
fairbanks_state_building_2008-11-20,state_building,2008-11-20,02-090-0010,88403,Sulfate,Sulfate PM2.5 LC,3.04,Micrograms/cubic meter (LC),24 HOUR,812,Met One SASS/SuperSASS Nylon - Ion Chromatography,not proven,not present in AirData daily file
fairbanks_state_building_2008-11-23,state_building,2008-11-23,02-090-0010,88102,Antimony,Antimony PM2.5 LC,0,Micrograms/cubic meter (LC),24 HOUR,811,Met One SASS/SuperSASS Teflon - Energy dispersive XRF,not proven,not present in AirData daily file
fairbanks_state_building_2008-11-23,state_building,2008-11-23,02-090-0010,88103,Arsenic,Arsenic PM2.5 LC,0.001,Micrograms/cubic meter (LC),24 HOUR,811,Met One SASS/SuperSASS Teflon - Energy dispersive XRF,not proven,not present in AirData daily file
fairbanks_state_building_2008-11-23,state_building,2008-11-23,02-090-0010,88104,Aluminum,Aluminum PM2.5 LC,0.02,Micrograms/cubic meter (LC),24 HOUR,811,Met One SASS/SuperSASS Teflon - Energy dispersive XRF,not proven,not present in AirData daily file
fairbanks_state_building_2008-11-23,state_building,2008-11-23,02-090-0010,88107,Barium,Barium PM2.5 LC,0,Micrograms/cubic meter (LC),24 HOUR,811,Met One SASS/SuperSASS Teflon - Energy dispersive XRF,not proven,not present in AirData daily file
fairbanks_state_building_2008-11-23,state_building,2008-11-23,02-090-0010,88109,Bromine,Bromine PM2.5 LC,0.002,Micrograms/cubic meter (LC),24 HOUR,811,Met One SASS/SuperSASS Teflon - Energy dispersive XRF,not proven,not present in AirData daily file
fairbanks_state_building_2008-11-23,state_building,2008-11-23,02-090-0010,88110,Cadmium,Cadmium PM2.5 LC,0,Micrograms/cubic meter (LC),24 HOUR,811,Met One SASS/SuperSASS Teflon - Energy dispersive XRF,not proven,not present in AirData daily file
fairbanks_state_building_2008-11-23,state_building,2008-11-23,02-090-0010,88111,Calcium,Calcium PM2.5 LC,0.0644,Micrograms/cubic meter (LC),24 HOUR,811,Met One SASS/SuperSASS Teflon - Energy dispersive XRF,not proven,not present in AirData daily file
fairbanks_state_building_2008-11-23,state_building,2008-11-23,02-090-0010,88112,Chromium,Chromium PM2.5 LC,0,Micrograms/cubic meter (LC),24 HOUR,811,Met One SASS/SuperSASS Teflon - Energy dispersive XRF,not proven,not present in AirData daily file
fairbanks_state_building_2008-11-23,state_building,2008-11-23,02-090-0010,88113,Cobalt,Cobalt PM2.5 LC,0,Micrograms/cubic meter (LC),24 HOUR,811,Met One SASS/SuperSASS Teflon - Energy Dispersive XRF,not proven,not present in AirData daily file
fairbanks_state_building_2008-11-23,state_building,2008-11-23,02-090-0010,88114,Copper,Copper PM2.5 LC,0.0017,Micrograms/cubic meter (LC),24 HOUR,811,Met One SASS/SuperSASS Teflon - Energy dispersive XRF,not proven,not present in AirData daily file
fairbanks_state_building_2008-11-23,state_building,2008-11-23,02-090-0010,88115,Chlorine,Chlorine PM2.5 LC,0.054,Micrograms/cubic meter (LC),24 HOUR,811,Met One SASS/SuperSASS Teflon - Energy Dispersive XRF,not proven,not present in AirData daily file
fairbanks_state_building_2008-11-23,state_building,2008-11-23,02-090-0010,88124,Gallium,Gallium PM2.5 LC,0.001,Micrograms/cubic meter (LC),24 HOUR,811,Met One SASS Teflon - Energy Dispersive XRF,not proven,not present in AirData daily file
fairbanks_state_building_2008-11-23,state_building,2008-11-23,02-090-0010,88126,Iron,Iron PM2.5 LC,0.0335,Micrograms/cubic meter (LC),24 HOUR,811,Met One SASS/SuperSASS Teflon - Energy Dispersive XRF,not proven,not present in AirData daily file
fairbanks_state_building_2008-11-23,state_building,2008-11-23,02-090-0010,88128,Lead,Lead PM2.5 LC,0.003,Micrograms/cubic meter (LC),24 HOUR,811,Met One SASS/SuperSASS Teflon - Energy Dispersive XRF,not proven,not present in AirData daily file
fairbanks_state_building_2008-11-23,state_building,2008-11-23,02-090-0010,88131,Indium,Indium PM2.5 LC,0,Micrograms/cubic meter (LC),24 HOUR,811,Met One SASS/SuperSASS Teflon - Energy Dispersive XRF,not proven,not present in AirData daily file
fairbanks_state_building_2008-11-23,state_building,2008-11-23,02-090-0010,88132,Manganese,Manganese PM2.5 LC,0,Micrograms/cubic meter (LC),24 HOUR,811,Met One SASS/SuperSASS Teflon - Energy Dispersive XRF,not proven,not present in AirData daily file
fairbanks_state_building_2008-11-23,state_building,2008-11-23,02-090-0010,88134,Molybdenum,Molybdenum PM2.5 LC,0,Micrograms/cubic meter (LC),24 HOUR,811,Met One SASS Teflon - Energy Dispersive XRF,not proven,not present in AirData daily file
fairbanks_state_building_2008-11-23,state_building,2008-11-23,02-090-0010,88136,Nickel,Nickel PM2.5 LC,0,Micrograms/cubic meter (LC),24 HOUR,811,Met One SASS/SuperSASS Teflon - Energy Dispersive XRF,not proven,not present in AirData daily file
fairbanks_state_building_2008-11-23,state_building,2008-11-23,02-090-0010,88140,Magnesium,Magnesium PM2.5 LC,0,Micrograms/cubic meter (LC),24 HOUR,811,Met One SASS/SuperSASS Teflon - Energy Dispersive XRF,not proven,not present in AirData daily file
fairbanks_state_building_2008-11-23,state_building,2008-11-23,02-090-0010,88142,Mercury,Mercury PM2.5 LC,0,Micrograms/cubic meter (LC),24 HOUR,811,Met One SASS Teflon - Energy Dispersive XRF,not proven,not present in AirData daily file
fairbanks_state_building_2008-11-23,state_building,2008-11-23,02-090-0010,88146,Lanthanum,Lanthanum PM2.5 LC,0,Micrograms/cubic meter (LC),24 HOUR,811,Met One SASS Teflon - Energy Dispersive XRF,not proven,not present in AirData daily file
fairbanks_state_building_2008-11-23,state_building,2008-11-23,02-090-0010,88152,Phosphorus,Phosphorus PM2.5 LC,0.005,Micrograms/cubic meter (LC),24 HOUR,811,Met One SASS/SuperSASS Teflon - Energy Dispersive XRF,not proven,not present in AirData daily file
fairbanks_state_building_2008-11-23,state_building,2008-11-23,02-090-0010,88154,Selenium,Selenium PM2.5 LC,0,Micrograms/cubic meter (LC),24 HOUR,811,Met One SASS/SuperSASS Teflon - Energy Dispersive XRF,not proven,not present in AirData daily file
fairbanks_state_building_2008-11-23,state_building,2008-11-23,02-090-0010,88160,Tin,Tin PM2.5 LC,0,Micrograms/cubic meter (LC),24 HOUR,811,Met One SASS/SuperSASS Teflon - Energy Dispersive XRF,not proven,not present in AirData daily file
fairbanks_state_building_2008-11-23,state_building,2008-11-23,02-090-0010,88161,Titanium,Titanium PM2.5 LC,0,Micrograms/cubic meter (LC),24 HOUR,811,Met One SASS/SuperSASS Teflon - Energy Dispersive XRF,not proven,not present in AirData daily file
fairbanks_state_building_2008-11-23,state_building,2008-11-23,02-090-0010,88164,Vanadium,Vanadium PM2.5 LC,0,Micrograms/cubic meter (LC),24 HOUR,811,Met One SASS/SuperSASS Teflon - Energy Dispersive XRF,not proven,not present in AirData daily file
fairbanks_state_building_2008-11-23,state_building,2008-11-23,02-090-0010,88165,Silicon,Silicon PM2.5 LC,0.05,Micrograms/cubic meter (LC),24 HOUR,811,Met One SASS/SuperSASS Teflon - Energy Dispersive XRF,not proven,not present in AirData daily file
fairbanks_state_building_2008-11-23,state_building,2008-11-23,02-090-0010,88166,Silver,Silver PM2.5 LC,0.007,Micrograms/cubic meter (LC),24 HOUR,811,Met One SASS/SuperSASS Teflon - Energy Dispersive XRF,not proven,not present in AirData daily file
fairbanks_state_building_2008-11-23,state_building,2008-11-23,02-090-0010,88167,Zinc,Zinc PM2.5 LC,0.0696,Micrograms/cubic meter (LC),24 HOUR,811,Met One SASS/SuperSASS Teflon - Energy Dispersive XRF,not proven,not present in AirData daily file
fairbanks_state_building_2008-11-23,state_building,2008-11-23,02-090-0010,88168,Strontium,Strontium PM2.5 LC,0.003,Micrograms/cubic meter (LC),24 HOUR,811,Met One SASS/SuperSASS Teflon - Energy Dispersive XRF,not proven,not present in AirData daily file
fairbanks_state_building_2008-11-23,state_building,2008-11-23,02-090-0010,88169,Sulfur,Sulfur PM2.5 LC,1.23,Micrograms/cubic meter (LC),24 HOUR,811,Met One SASS/SuperSASS Teflon - Energy Dispersive XRF,not proven,not present in AirData daily file
fairbanks_state_building_2008-11-23,state_building,2008-11-23,02-090-0010,88176,Rubidium,Rubidium PM2.5 LC,0,Micrograms/cubic meter (LC),24 HOUR,811,Met One SASS/SuperSASS Teflon - Energy Dispersive XRF,not proven,not present in AirData daily file
fairbanks_state_building_2008-11-23,state_building,2008-11-23,02-090-0010,88180,Potassium,Potassium PM2.5 LC,0.0978,Micrograms/cubic meter (LC),24 HOUR,811,Met One SASS/SuperSASS Teflon - Energy Dispersive XRF,not proven,not present in AirData daily file
fairbanks_state_building_2008-11-23,state_building,2008-11-23,02-090-0010,88183,Yttrium,Yttrium PM2.5 LC,0,Micrograms/cubic meter (LC),24 HOUR,811,Met One SASS Teflon - Energy Dispersive XRF,not proven,not present in AirData daily file
fairbanks_state_building_2008-11-23,state_building,2008-11-23,02-090-0010,88184,Sodium,Sodium PM2.5 LC,0.028,Micrograms/cubic meter (LC),24 HOUR,811,Met One SASS/SuperSASS Teflon - Energy Dispersive XRF,not proven,not present in AirData daily file
fairbanks_state_building_2008-11-23,state_building,2008-11-23,02-090-0010,88185,Zirconium,Zirconium PM2.5 LC,0,Micrograms/cubic meter (LC),24 HOUR,811,Met One SASS/SuperSASS Teflon - Energy Dispersive XRF,not proven,not present in AirData daily file
fairbanks_state_building_2008-11-23,state_building,2008-11-23,02-090-0010,88301,Ammonium,Ammonium Ion PM2.5 LC,1.55,Micrograms/cubic meter (LC),24 HOUR,812,Met One SASS/SuperSASS Nylon - Ion Chromatography,not proven,not present in AirData daily file
fairbanks_state_building_2008-11-23,state_building,2008-11-23,02-090-0010,88302,Sodium ion,Sodium Ion Pm2.5 LC,0.03,Micrograms/cubic meter (LC),24 HOUR,812,Met One SASS/SuperSASS Nylon - Ion Chromatography,not proven,not present in AirData daily file
fairbanks_state_building_2008-11-23,state_building,2008-11-23,02-090-0010,88303,Potassium ion,Potassium Ion PM2.5 LC,0.096,Micrograms/cubic meter (LC),24 HOUR,812,Met One SASS/SuperSASS Nylon - Ion Chromatography,not proven,not present in AirData daily file
fairbanks_state_building_2008-11-23,state_building,2008-11-23,02-090-0010,88305,Organic carbon,OC CSN Unadjusted PM2.5 LC TOT,12.8,Micrograms/cubic meter (LC),24 HOUR,813,Met One SASS Quartz - STN TOT,not proven,not present in AirData daily file
fairbanks_state_building_2008-11-23,state_building,2008-11-23,02-090-0010,88306,Nitrate,Total Nitrate PM2.5 LC,1.34,Micrograms/cubic meter (LC),24 HOUR,812,Met One SASS/SuperSASS Nylon - Ion Chromatography,not proven,not present in AirData daily file
fairbanks_state_building_2008-11-23,state_building,2008-11-23,02-090-0010,88307,Elemental carbon,EC CSN PM2.5 LC TOT,1.94,Micrograms/cubic meter (LC),24 HOUR,813,Met One SASS Quartz - STN TOT,not proven,not present in AirData daily file
fairbanks_state_building_2008-11-23,state_building,2008-11-23,02-090-0010,88403,Sulfate,Sulfate PM2.5 LC,3.42,Micrograms/cubic meter (LC),24 HOUR,812,Met One SASS/SuperSASS Nylon - Ion Chromatography,not proven,not present in AirData daily file
fairbanks_state_building_2008-11-26,state_building,2008-11-26,02-090-0010,88102,Antimony,Antimony PM2.5 LC,0,Micrograms/cubic meter (LC),24 HOUR,811,Met One SASS/SuperSASS Teflon - Energy dispersive XRF,not proven,not present in AirData daily file
fairbanks_state_building_2008-11-26,state_building,2008-11-26,02-090-0010,88103,Arsenic,Arsenic PM2.5 LC,0.00163,Micrograms/cubic meter (LC),24 HOUR,811,Met One SASS/SuperSASS Teflon - Energy dispersive XRF,not proven,not present in AirData daily file
fairbanks_state_building_2008-11-26,state_building,2008-11-26,02-090-0010,88104,Aluminum,Aluminum PM2.5 LC,0,Micrograms/cubic meter (LC),24 HOUR,811,Met One SASS/SuperSASS Teflon - Energy dispersive XRF,not proven,not present in AirData daily file
fairbanks_state_building_2008-11-26,state_building,2008-11-26,02-090-0010,88107,Barium,Barium PM2.5 LC,0,Micrograms/cubic meter (LC),24 HOUR,811,Met One SASS/SuperSASS Teflon - Energy dispersive XRF,not proven,not present in AirData daily file
fairbanks_state_building_2008-11-26,state_building,2008-11-26,02-090-0010,88109,Bromine,Bromine PM2.5 LC,0.001,Micrograms/cubic meter (LC),24 HOUR,811,Met One SASS/SuperSASS Teflon - Energy dispersive XRF,not proven,not present in AirData daily file
fairbanks_state_building_2008-11-26,state_building,2008-11-26,02-090-0010,88110,Cadmium,Cadmium PM2.5 LC,0,Micrograms/cubic meter (LC),24 HOUR,811,Met One SASS/SuperSASS Teflon - Energy dispersive XRF,not proven,not present in AirData daily file
fairbanks_state_building_2008-11-26,state_building,2008-11-26,02-090-0010,88111,Calcium,Calcium PM2.5 LC,0.0274,Micrograms/cubic meter (LC),24 HOUR,811,Met One SASS/SuperSASS Teflon - Energy dispersive XRF,not proven,not present in AirData daily file
fairbanks_state_building_2008-11-26,state_building,2008-11-26,02-090-0010,88112,Chromium,Chromium PM2.5 LC,0.002,Micrograms/cubic meter (LC),24 HOUR,811,Met One SASS/SuperSASS Teflon - Energy dispersive XRF,not proven,not present in AirData daily file
fairbanks_state_building_2008-11-26,state_building,2008-11-26,02-090-0010,88113,Cobalt,Cobalt PM2.5 LC,0,Micrograms/cubic meter (LC),24 HOUR,811,Met One SASS/SuperSASS Teflon - Energy Dispersive XRF,not proven,not present in AirData daily file
fairbanks_state_building_2008-11-26,state_building,2008-11-26,02-090-0010,88114,Copper,Copper PM2.5 LC,0.0041,Micrograms/cubic meter (LC),24 HOUR,811,Met One SASS/SuperSASS Teflon - Energy dispersive XRF,not proven,not present in AirData daily file
fairbanks_state_building_2008-11-26,state_building,2008-11-26,02-090-0010,88115,Chlorine,Chlorine PM2.5 LC,0.106,Micrograms/cubic meter (LC),24 HOUR,811,Met One SASS/SuperSASS Teflon - Energy Dispersive XRF,not proven,not present in AirData daily file
fairbanks_state_building_2008-11-26,state_building,2008-11-26,02-090-0010,88124,Gallium,Gallium PM2.5 LC,0,Micrograms/cubic meter (LC),24 HOUR,811,Met One SASS Teflon - Energy Dispersive XRF,not proven,not present in AirData daily file
fairbanks_state_building_2008-11-26,state_building,2008-11-26,02-090-0010,88126,Iron,Iron PM2.5 LC,0.0486,Micrograms/cubic meter (LC),24 HOUR,811,Met One SASS/SuperSASS Teflon - Energy Dispersive XRF,not proven,not present in AirData daily file
fairbanks_state_building_2008-11-26,state_building,2008-11-26,02-090-0010,88128,Lead,Lead PM2.5 LC,0,Micrograms/cubic meter (LC),24 HOUR,811,Met One SASS/SuperSASS Teflon - Energy Dispersive XRF,not proven,not present in AirData daily file
fairbanks_state_building_2008-11-26,state_building,2008-11-26,02-090-0010,88131,Indium,Indium PM2.5 LC,0,Micrograms/cubic meter (LC),24 HOUR,811,Met One SASS/SuperSASS Teflon - Energy Dispersive XRF,not proven,not present in AirData daily file
fairbanks_state_building_2008-11-26,state_building,2008-11-26,02-090-0010,88132,Manganese,Manganese PM2.5 LC,0.0027,Micrograms/cubic meter (LC),24 HOUR,811,Met One SASS/SuperSASS Teflon - Energy Dispersive XRF,not proven,not present in AirData daily file
fairbanks_state_building_2008-11-26,state_building,2008-11-26,02-090-0010,88134,Molybdenum,Molybdenum PM2.5 LC,0,Micrograms/cubic meter (LC),24 HOUR,811,Met One SASS Teflon - Energy Dispersive XRF,not proven,not present in AirData daily file
fairbanks_state_building_2008-11-26,state_building,2008-11-26,02-090-0010,88136,Nickel,Nickel PM2.5 LC,0.0012,Micrograms/cubic meter (LC),24 HOUR,811,Met One SASS/SuperSASS Teflon - Energy Dispersive XRF,not proven,not present in AirData daily file
fairbanks_state_building_2008-11-26,state_building,2008-11-26,02-090-0010,88140,Magnesium,Magnesium PM2.5 LC,0.004,Micrograms/cubic meter (LC),24 HOUR,811,Met One SASS/SuperSASS Teflon - Energy Dispersive XRF,not proven,not present in AirData daily file
fairbanks_state_building_2008-11-26,state_building,2008-11-26,02-090-0010,88142,Mercury,Mercury PM2.5 LC,0,Micrograms/cubic meter (LC),24 HOUR,811,Met One SASS Teflon - Energy Dispersive XRF,not proven,not present in AirData daily file
fairbanks_state_building_2008-11-26,state_building,2008-11-26,02-090-0010,88146,Lanthanum,Lanthanum PM2.5 LC,0,Micrograms/cubic meter (LC),24 HOUR,811,Met One SASS Teflon - Energy Dispersive XRF,not proven,not present in AirData daily file
fairbanks_state_building_2008-11-26,state_building,2008-11-26,02-090-0010,88152,Phosphorus,Phosphorus PM2.5 LC,0,Micrograms/cubic meter (LC),24 HOUR,811,Met One SASS/SuperSASS Teflon - Energy Dispersive XRF,not proven,not present in AirData daily file
fairbanks_state_building_2008-11-26,state_building,2008-11-26,02-090-0010,88154,Selenium,Selenium PM2.5 LC,0,Micrograms/cubic meter (LC),24 HOUR,811,Met One SASS/SuperSASS Teflon - Energy Dispersive XRF,not proven,not present in AirData daily file
fairbanks_state_building_2008-11-26,state_building,2008-11-26,02-090-0010,88160,Tin,Tin PM2.5 LC,0,Micrograms/cubic meter (LC),24 HOUR,811,Met One SASS/SuperSASS Teflon - Energy Dispersive XRF,not proven,not present in AirData daily file
fairbanks_state_building_2008-11-26,state_building,2008-11-26,02-090-0010,88161,Titanium,Titanium PM2.5 LC,0,Micrograms/cubic meter (LC),24 HOUR,811,Met One SASS/SuperSASS Teflon - Energy Dispersive XRF,not proven,not present in AirData daily file
fairbanks_state_building_2008-11-26,state_building,2008-11-26,02-090-0010,88164,Vanadium,Vanadium PM2.5 LC,0.001,Micrograms/cubic meter (LC),24 HOUR,811,Met One SASS/SuperSASS Teflon - Energy Dispersive XRF,not proven,not present in AirData daily file
fairbanks_state_building_2008-11-26,state_building,2008-11-26,02-090-0010,88165,Silicon,Silicon PM2.5 LC,0.0261,Micrograms/cubic meter (LC),24 HOUR,811,Met One SASS/SuperSASS Teflon - Energy Dispersive XRF,not proven,not present in AirData daily file
fairbanks_state_building_2008-11-26,state_building,2008-11-26,02-090-0010,88166,Silver,Silver PM2.5 LC,0,Micrograms/cubic meter (LC),24 HOUR,811,Met One SASS/SuperSASS Teflon - Energy Dispersive XRF,not proven,not present in AirData daily file
fairbanks_state_building_2008-11-26,state_building,2008-11-26,02-090-0010,88167,Zinc,Zinc PM2.5 LC,0.0499,Micrograms/cubic meter (LC),24 HOUR,811,Met One SASS/SuperSASS Teflon - Energy Dispersive XRF,not proven,not present in AirData daily file
fairbanks_state_building_2008-11-26,state_building,2008-11-26,02-090-0010,88168,Strontium,Strontium PM2.5 LC,0,Micrograms/cubic meter (LC),24 HOUR,811,Met One SASS/SuperSASS Teflon - Energy Dispersive XRF,not proven,not present in AirData daily file
fairbanks_state_building_2008-11-26,state_building,2008-11-26,02-090-0010,88169,Sulfur,Sulfur PM2.5 LC,1.14,Micrograms/cubic meter (LC),24 HOUR,811,Met One SASS/SuperSASS Teflon - Energy Dispersive XRF,not proven,not present in AirData daily file
fairbanks_state_building_2008-11-26,state_building,2008-11-26,02-090-0010,88176,Rubidium,Rubidium PM2.5 LC,0,Micrograms/cubic meter (LC),24 HOUR,811,Met One SASS/SuperSASS Teflon - Energy Dispersive XRF,not proven,not present in AirData daily file
fairbanks_state_building_2008-11-26,state_building,2008-11-26,02-090-0010,88180,Potassium,Potassium PM2.5 LC,0.094,Micrograms/cubic meter (LC),24 HOUR,811,Met One SASS/SuperSASS Teflon - Energy Dispersive XRF,not proven,not present in AirData daily file
fairbanks_state_building_2008-11-26,state_building,2008-11-26,02-090-0010,88183,Yttrium,Yttrium PM2.5 LC,0,Micrograms/cubic meter (LC),24 HOUR,811,Met One SASS Teflon - Energy Dispersive XRF,not proven,not present in AirData daily file
fairbanks_state_building_2008-11-26,state_building,2008-11-26,02-090-0010,88184,Sodium,Sodium PM2.5 LC,0.081,Micrograms/cubic meter (LC),24 HOUR,811,Met One SASS/SuperSASS Teflon - Energy Dispersive XRF,not proven,not present in AirData daily file
fairbanks_state_building_2008-11-26,state_building,2008-11-26,02-090-0010,88185,Zirconium,Zirconium PM2.5 LC,0,Micrograms/cubic meter (LC),24 HOUR,811,Met One SASS/SuperSASS Teflon - Energy Dispersive XRF,not proven,not present in AirData daily file
fairbanks_state_building_2008-11-26,state_building,2008-11-26,02-090-0010,88301,Ammonium,Ammonium Ion PM2.5 LC,1.37,Micrograms/cubic meter (LC),24 HOUR,812,Met One SASS/SuperSASS Nylon - Ion Chromatography,not proven,not present in AirData daily file
fairbanks_state_building_2008-11-26,state_building,2008-11-26,02-090-0010,88302,Sodium ion,Sodium Ion Pm2.5 LC,0.03,Micrograms/cubic meter (LC),24 HOUR,812,Met One SASS/SuperSASS Nylon - Ion Chromatography,not proven,not present in AirData daily file
fairbanks_state_building_2008-11-26,state_building,2008-11-26,02-090-0010,88303,Potassium ion,Potassium Ion PM2.5 LC,0.093,Micrograms/cubic meter (LC),24 HOUR,812,Met One SASS/SuperSASS Nylon - Ion Chromatography,not proven,not present in AirData daily file
fairbanks_state_building_2008-11-26,state_building,2008-11-26,02-090-0010,88305,Organic carbon,OC CSN Unadjusted PM2.5 LC TOT,12.9,Micrograms/cubic meter (LC),24 HOUR,813,Met One SASS Quartz - STN TOT,not proven,not present in AirData daily file
fairbanks_state_building_2008-11-26,state_building,2008-11-26,02-090-0010,88306,Nitrate,Total Nitrate PM2.5 LC,0.894,Micrograms/cubic meter (LC),24 HOUR,812,Met One SASS/SuperSASS Nylon - Ion Chromatography,not proven,not present in AirData daily file
fairbanks_state_building_2008-11-26,state_building,2008-11-26,02-090-0010,88307,Elemental carbon,EC CSN PM2.5 LC TOT,2.04,Micrograms/cubic meter (LC),24 HOUR,813,Met One SASS Quartz - STN TOT,not proven,not present in AirData daily file
fairbanks_state_building_2008-11-26,state_building,2008-11-26,02-090-0010,88403,Sulfate,Sulfate PM2.5 LC,2.93,Micrograms/cubic meter (LC),24 HOUR,812,Met One SASS/SuperSASS Nylon - Ion Chromatography,not proven,not present in AirData daily file
fairbanks_state_building_2008-11-29,state_building,2008-11-29,02-090-0010,88102,Antimony,Antimony PM2.5 LC,0,Micrograms/cubic meter (LC),24 HOUR,811,Met One SASS/SuperSASS Teflon - Energy dispersive XRF,not proven,not present in AirData daily file
fairbanks_state_building_2008-11-29,state_building,2008-11-29,02-090-0010,88103,Arsenic,Arsenic PM2.5 LC,0,Micrograms/cubic meter (LC),24 HOUR,811,Met One SASS/SuperSASS Teflon - Energy dispersive XRF,not proven,not present in AirData daily file
fairbanks_state_building_2008-11-29,state_building,2008-11-29,02-090-0010,88104,Aluminum,Aluminum PM2.5 LC,0,Micrograms/cubic meter (LC),24 HOUR,811,Met One SASS/SuperSASS Teflon - Energy dispersive XRF,not proven,not present in AirData daily file
fairbanks_state_building_2008-11-29,state_building,2008-11-29,02-090-0010,88107,Barium,Barium PM2.5 LC,0,Micrograms/cubic meter (LC),24 HOUR,811,Met One SASS/SuperSASS Teflon - Energy dispersive XRF,not proven,not present in AirData daily file
fairbanks_state_building_2008-11-29,state_building,2008-11-29,02-090-0010,88109,Bromine,Bromine PM2.5 LC,0.001,Micrograms/cubic meter (LC),24 HOUR,811,Met One SASS/SuperSASS Teflon - Energy dispersive XRF,not proven,not present in AirData daily file
fairbanks_state_building_2008-11-29,state_building,2008-11-29,02-090-0010,88110,Cadmium,Cadmium PM2.5 LC,0,Micrograms/cubic meter (LC),24 HOUR,811,Met One SASS/SuperSASS Teflon - Energy dispersive XRF,not proven,not present in AirData daily file
fairbanks_state_building_2008-11-29,state_building,2008-11-29,02-090-0010,88111,Calcium,Calcium PM2.5 LC,0.0215,Micrograms/cubic meter (LC),24 HOUR,811,Met One SASS/SuperSASS Teflon - Energy dispersive XRF,not proven,not present in AirData daily file
fairbanks_state_building_2008-11-29,state_building,2008-11-29,02-090-0010,88112,Chromium,Chromium PM2.5 LC,0.001,Micrograms/cubic meter (LC),24 HOUR,811,Met One SASS/SuperSASS Teflon - Energy dispersive XRF,not proven,not present in AirData daily file
fairbanks_state_building_2008-11-29,state_building,2008-11-29,02-090-0010,88113,Cobalt,Cobalt PM2.5 LC,0,Micrograms/cubic meter (LC),24 HOUR,811,Met One SASS/SuperSASS Teflon - Energy Dispersive XRF,not proven,not present in AirData daily file
fairbanks_state_building_2008-11-29,state_building,2008-11-29,02-090-0010,88114,Copper,Copper PM2.5 LC,0.0022,Micrograms/cubic meter (LC),24 HOUR,811,Met One SASS/SuperSASS Teflon - Energy dispersive XRF,not proven,not present in AirData daily file
fairbanks_state_building_2008-11-29,state_building,2008-11-29,02-090-0010,88115,Chlorine,Chlorine PM2.5 LC,0.067,Micrograms/cubic meter (LC),24 HOUR,811,Met One SASS/SuperSASS Teflon - Energy Dispersive XRF,not proven,not present in AirData daily file
fairbanks_state_building_2008-11-29,state_building,2008-11-29,02-090-0010,88124,Gallium,Gallium PM2.5 LC,0,Micrograms/cubic meter (LC),24 HOUR,811,Met One SASS Teflon - Energy Dispersive XRF,not proven,not present in AirData daily file
fairbanks_state_building_2008-11-29,state_building,2008-11-29,02-090-0010,88126,Iron,Iron PM2.5 LC,0.0137,Micrograms/cubic meter (LC),24 HOUR,811,Met One SASS/SuperSASS Teflon - Energy Dispersive XRF,not proven,not present in AirData daily file
fairbanks_state_building_2008-11-29,state_building,2008-11-29,02-090-0010,88128,Lead,Lead PM2.5 LC,0,Micrograms/cubic meter (LC),24 HOUR,811,Met One SASS/SuperSASS Teflon - Energy Dispersive XRF,not proven,not present in AirData daily file
fairbanks_state_building_2008-11-29,state_building,2008-11-29,02-090-0010,88131,Indium,Indium PM2.5 LC,0,Micrograms/cubic meter (LC),24 HOUR,811,Met One SASS/SuperSASS Teflon - Energy Dispersive XRF,not proven,not present in AirData daily file
fairbanks_state_building_2008-11-29,state_building,2008-11-29,02-090-0010,88132,Manganese,Manganese PM2.5 LC,0,Micrograms/cubic meter (LC),24 HOUR,811,Met One SASS/SuperSASS Teflon - Energy Dispersive XRF,not proven,not present in AirData daily file
fairbanks_state_building_2008-11-29,state_building,2008-11-29,02-090-0010,88134,Molybdenum,Molybdenum PM2.5 LC,0,Micrograms/cubic meter (LC),24 HOUR,811,Met One SASS Teflon - Energy Dispersive XRF,not proven,not present in AirData daily file
fairbanks_state_building_2008-11-29,state_building,2008-11-29,02-090-0010,88136,Nickel,Nickel PM2.5 LC,0,Micrograms/cubic meter (LC),24 HOUR,811,Met One SASS/SuperSASS Teflon - Energy Dispersive XRF,not proven,not present in AirData daily file
fairbanks_state_building_2008-11-29,state_building,2008-11-29,02-090-0010,88140,Magnesium,Magnesium PM2.5 LC,0,Micrograms/cubic meter (LC),24 HOUR,811,Met One SASS/SuperSASS Teflon - Energy Dispersive XRF,not proven,not present in AirData daily file
fairbanks_state_building_2008-11-29,state_building,2008-11-29,02-090-0010,88142,Mercury,Mercury PM2.5 LC,0.004,Micrograms/cubic meter (LC),24 HOUR,811,Met One SASS Teflon - Energy Dispersive XRF,not proven,not present in AirData daily file
fairbanks_state_building_2008-11-29,state_building,2008-11-29,02-090-0010,88146,Lanthanum,Lanthanum PM2.5 LC,0,Micrograms/cubic meter (LC),24 HOUR,811,Met One SASS Teflon - Energy Dispersive XRF,not proven,not present in AirData daily file
fairbanks_state_building_2008-11-29,state_building,2008-11-29,02-090-0010,88152,Phosphorus,Phosphorus PM2.5 LC,0,Micrograms/cubic meter (LC),24 HOUR,811,Met One SASS/SuperSASS Teflon - Energy Dispersive XRF,not proven,not present in AirData daily file
fairbanks_state_building_2008-11-29,state_building,2008-11-29,02-090-0010,88154,Selenium,Selenium PM2.5 LC,0,Micrograms/cubic meter (LC),24 HOUR,811,Met One SASS/SuperSASS Teflon - Energy Dispersive XRF,not proven,not present in AirData daily file
fairbanks_state_building_2008-11-29,state_building,2008-11-29,02-090-0010,88160,Tin,Tin PM2.5 LC,0.008,Micrograms/cubic meter (LC),24 HOUR,811,Met One SASS/SuperSASS Teflon - Energy Dispersive XRF,not proven,not present in AirData daily file
fairbanks_state_building_2008-11-29,state_building,2008-11-29,02-090-0010,88161,Titanium,Titanium PM2.5 LC,0,Micrograms/cubic meter (LC),24 HOUR,811,Met One SASS/SuperSASS Teflon - Energy Dispersive XRF,not proven,not present in AirData daily file
fairbanks_state_building_2008-11-29,state_building,2008-11-29,02-090-0010,88164,Vanadium,Vanadium PM2.5 LC,0,Micrograms/cubic meter (LC),24 HOUR,811,Met One SASS/SuperSASS Teflon - Energy Dispersive XRF,not proven,not present in AirData daily file
fairbanks_state_building_2008-11-29,state_building,2008-11-29,02-090-0010,88165,Silicon,Silicon PM2.5 LC,0.008,Micrograms/cubic meter (LC),24 HOUR,811,Met One SASS/SuperSASS Teflon - Energy Dispersive XRF,not proven,not present in AirData daily file
fairbanks_state_building_2008-11-29,state_building,2008-11-29,02-090-0010,88166,Silver,Silver PM2.5 LC,0,Micrograms/cubic meter (LC),24 HOUR,811,Met One SASS/SuperSASS Teflon - Energy Dispersive XRF,not proven,not present in AirData daily file
fairbanks_state_building_2008-11-29,state_building,2008-11-29,02-090-0010,88167,Zinc,Zinc PM2.5 LC,0.0563,Micrograms/cubic meter (LC),24 HOUR,811,Met One SASS/SuperSASS Teflon - Energy Dispersive XRF,not proven,not present in AirData daily file
fairbanks_state_building_2008-11-29,state_building,2008-11-29,02-090-0010,88168,Strontium,Strontium PM2.5 LC,0,Micrograms/cubic meter (LC),24 HOUR,811,Met One SASS/SuperSASS Teflon - Energy Dispersive XRF,not proven,not present in AirData daily file
fairbanks_state_building_2008-11-29,state_building,2008-11-29,02-090-0010,88169,Sulfur,Sulfur PM2.5 LC,0.779,Micrograms/cubic meter (LC),24 HOUR,811,Met One SASS/SuperSASS Teflon - Energy Dispersive XRF,not proven,not present in AirData daily file
fairbanks_state_building_2008-11-29,state_building,2008-11-29,02-090-0010,88176,Rubidium,Rubidium PM2.5 LC,0,Micrograms/cubic meter (LC),24 HOUR,811,Met One SASS/SuperSASS Teflon - Energy Dispersive XRF,not proven,not present in AirData daily file
fairbanks_state_building_2008-11-29,state_building,2008-11-29,02-090-0010,88180,Potassium,Potassium PM2.5 LC,0.0733,Micrograms/cubic meter (LC),24 HOUR,811,Met One SASS/SuperSASS Teflon - Energy Dispersive XRF,not proven,not present in AirData daily file
fairbanks_state_building_2008-11-29,state_building,2008-11-29,02-090-0010,88183,Yttrium,Yttrium PM2.5 LC,0,Micrograms/cubic meter (LC),24 HOUR,811,Met One SASS Teflon - Energy Dispersive XRF,not proven,not present in AirData daily file
fairbanks_state_building_2008-11-29,state_building,2008-11-29,02-090-0010,88184,Sodium,Sodium PM2.5 LC,0.03,Micrograms/cubic meter (LC),24 HOUR,811,Met One SASS/SuperSASS Teflon - Energy Dispersive XRF,not proven,not present in AirData daily file
fairbanks_state_building_2008-11-29,state_building,2008-11-29,02-090-0010,88185,Zirconium,Zirconium PM2.5 LC,0,Micrograms/cubic meter (LC),24 HOUR,811,Met One SASS/SuperSASS Teflon - Energy Dispersive XRF,not proven,not present in AirData daily file
fairbanks_state_building_2008-11-29,state_building,2008-11-29,02-090-0010,88301,Ammonium,Ammonium Ion PM2.5 LC,0.99,Micrograms/cubic meter (LC),24 HOUR,812,Met One SASS/SuperSASS Nylon - Ion Chromatography,not proven,not present in AirData daily file
fairbanks_state_building_2008-11-29,state_building,2008-11-29,02-090-0010,88302,Sodium ion,Sodium Ion Pm2.5 LC,0.02,Micrograms/cubic meter (LC),24 HOUR,812,Met One SASS/SuperSASS Nylon - Ion Chromatography,not proven,not present in AirData daily file
fairbanks_state_building_2008-11-29,state_building,2008-11-29,02-090-0010,88303,Potassium ion,Potassium Ion PM2.5 LC,0.069,Micrograms/cubic meter (LC),24 HOUR,812,Met One SASS/SuperSASS Nylon - Ion Chromatography,not proven,not present in AirData daily file
fairbanks_state_building_2008-11-29,state_building,2008-11-29,02-090-0010,88305,Organic carbon,OC CSN Unadjusted PM2.5 LC TOT,9.53,Micrograms/cubic meter (LC),24 HOUR,813,Met One SASS Quartz - STN TOT,not proven,not present in AirData daily file
fairbanks_state_building_2008-11-29,state_building,2008-11-29,02-090-0010,88306,Nitrate,Total Nitrate PM2.5 LC,1.02,Micrograms/cubic meter (LC),24 HOUR,812,Met One SASS/SuperSASS Nylon - Ion Chromatography,not proven,not present in AirData daily file
fairbanks_state_building_2008-11-29,state_building,2008-11-29,02-090-0010,88307,Elemental carbon,EC CSN PM2.5 LC TOT,0.76,Micrograms/cubic meter (LC),24 HOUR,813,Met One SASS Quartz - STN TOT,not proven,not present in AirData daily file
fairbanks_state_building_2008-11-29,state_building,2008-11-29,02-090-0010,88403,Sulfate,Sulfate PM2.5 LC,2.12,Micrograms/cubic meter (LC),24 HOUR,812,Met One SASS/SuperSASS Nylon - Ion Chromatography,not proven,not present in AirData daily file
fairbanks_state_building_2008-12-02,state_building,2008-12-02,02-090-0010,88102,Antimony,Antimony PM2.5 LC,0,Micrograms/cubic meter (LC),24 HOUR,811,Met One SASS/SuperSASS Teflon - Energy dispersive XRF,not proven,not present in AirData daily file
fairbanks_state_building_2008-12-02,state_building,2008-12-02,02-090-0010,88103,Arsenic,Arsenic PM2.5 LC,0.001,Micrograms/cubic meter (LC),24 HOUR,811,Met One SASS/SuperSASS Teflon - Energy dispersive XRF,not proven,not present in AirData daily file
fairbanks_state_building_2008-12-02,state_building,2008-12-02,02-090-0010,88104,Aluminum,Aluminum PM2.5 LC,0.026,Micrograms/cubic meter (LC),24 HOUR,811,Met One SASS/SuperSASS Teflon - Energy dispersive XRF,not proven,not present in AirData daily file
fairbanks_state_building_2008-12-02,state_building,2008-12-02,02-090-0010,88107,Barium,Barium PM2.5 LC,0,Micrograms/cubic meter (LC),24 HOUR,811,Met One SASS/SuperSASS Teflon - Energy dispersive XRF,not proven,not present in AirData daily file
fairbanks_state_building_2008-12-02,state_building,2008-12-02,02-090-0010,88109,Bromine,Bromine PM2.5 LC,0.0047,Micrograms/cubic meter (LC),24 HOUR,811,Met One SASS/SuperSASS Teflon - Energy dispersive XRF,not proven,not present in AirData daily file
fairbanks_state_building_2008-12-02,state_building,2008-12-02,02-090-0010,88110,Cadmium,Cadmium PM2.5 LC,0,Micrograms/cubic meter (LC),24 HOUR,811,Met One SASS/SuperSASS Teflon - Energy dispersive XRF,not proven,not present in AirData daily file
fairbanks_state_building_2008-12-02,state_building,2008-12-02,02-090-0010,88111,Calcium,Calcium PM2.5 LC,0.0445,Micrograms/cubic meter (LC),24 HOUR,811,Met One SASS/SuperSASS Teflon - Energy dispersive XRF,not proven,not present in AirData daily file
fairbanks_state_building_2008-12-02,state_building,2008-12-02,02-090-0010,88112,Chromium,Chromium PM2.5 LC,0.0023,Micrograms/cubic meter (LC),24 HOUR,811,Met One SASS/SuperSASS Teflon - Energy dispersive XRF,not proven,not present in AirData daily file
fairbanks_state_building_2008-12-02,state_building,2008-12-02,02-090-0010,88113,Cobalt,Cobalt PM2.5 LC,0,Micrograms/cubic meter (LC),24 HOUR,811,Met One SASS/SuperSASS Teflon - Energy Dispersive XRF,not proven,not present in AirData daily file
fairbanks_state_building_2008-12-02,state_building,2008-12-02,02-090-0010,88114,Copper,Copper PM2.5 LC,0.0057,Micrograms/cubic meter (LC),24 HOUR,811,Met One SASS/SuperSASS Teflon - Energy dispersive XRF,not proven,not present in AirData daily file
fairbanks_state_building_2008-12-02,state_building,2008-12-02,02-090-0010,88115,Chlorine,Chlorine PM2.5 LC,0.116,Micrograms/cubic meter (LC),24 HOUR,811,Met One SASS/SuperSASS Teflon - Energy Dispersive XRF,not proven,not present in AirData daily file
fairbanks_state_building_2008-12-02,state_building,2008-12-02,02-090-0010,88124,Gallium,Gallium PM2.5 LC,0,Micrograms/cubic meter (LC),24 HOUR,811,Met One SASS Teflon - Energy Dispersive XRF,not proven,not present in AirData daily file
fairbanks_state_building_2008-12-02,state_building,2008-12-02,02-090-0010,88126,Iron,Iron PM2.5 LC,0.0936,Micrograms/cubic meter (LC),24 HOUR,811,Met One SASS/SuperSASS Teflon - Energy Dispersive XRF,not proven,not present in AirData daily file
fairbanks_state_building_2008-12-02,state_building,2008-12-02,02-090-0010,88128,Lead,Lead PM2.5 LC,0.0058,Micrograms/cubic meter (LC),24 HOUR,811,Met One SASS/SuperSASS Teflon - Energy Dispersive XRF,not proven,not present in AirData daily file
fairbanks_state_building_2008-12-02,state_building,2008-12-02,02-090-0010,88131,Indium,Indium PM2.5 LC,0,Micrograms/cubic meter (LC),24 HOUR,811,Met One SASS/SuperSASS Teflon - Energy Dispersive XRF,not proven,not present in AirData daily file
fairbanks_state_building_2008-12-02,state_building,2008-12-02,02-090-0010,88132,Manganese,Manganese PM2.5 LC,0.001,Micrograms/cubic meter (LC),24 HOUR,811,Met One SASS/SuperSASS Teflon - Energy Dispersive XRF,not proven,not present in AirData daily file
fairbanks_state_building_2008-12-02,state_building,2008-12-02,02-090-0010,88134,Molybdenum,Molybdenum PM2.5 LC,0,Micrograms/cubic meter (LC),24 HOUR,811,Met One SASS Teflon - Energy Dispersive XRF,not proven,not present in AirData daily file
fairbanks_state_building_2008-12-02,state_building,2008-12-02,02-090-0010,88136,Nickel,Nickel PM2.5 LC,0,Micrograms/cubic meter (LC),24 HOUR,811,Met One SASS/SuperSASS Teflon - Energy Dispersive XRF,not proven,not present in AirData daily file
fairbanks_state_building_2008-12-02,state_building,2008-12-02,02-090-0010,88140,Magnesium,Magnesium PM2.5 LC,0.01,Micrograms/cubic meter (LC),24 HOUR,811,Met One SASS/SuperSASS Teflon - Energy Dispersive XRF,not proven,not present in AirData daily file
fairbanks_state_building_2008-12-02,state_building,2008-12-02,02-090-0010,88142,Mercury,Mercury PM2.5 LC,0,Micrograms/cubic meter (LC),24 HOUR,811,Met One SASS Teflon - Energy Dispersive XRF,not proven,not present in AirData daily file
fairbanks_state_building_2008-12-02,state_building,2008-12-02,02-090-0010,88146,Lanthanum,Lanthanum PM2.5 LC,0,Micrograms/cubic meter (LC),24 HOUR,811,Met One SASS Teflon - Energy Dispersive XRF,not proven,not present in AirData daily file
fairbanks_state_building_2008-12-02,state_building,2008-12-02,02-090-0010,88152,Phosphorus,Phosphorus PM2.5 LC,0.007,Micrograms/cubic meter (LC),24 HOUR,811,Met One SASS/SuperSASS Teflon - Energy Dispersive XRF,not proven,not present in AirData daily file
fairbanks_state_building_2008-12-02,state_building,2008-12-02,02-090-0010,88154,Selenium,Selenium PM2.5 LC,0,Micrograms/cubic meter (LC),24 HOUR,811,Met One SASS/SuperSASS Teflon - Energy Dispersive XRF,not proven,not present in AirData daily file
fairbanks_state_building_2008-12-02,state_building,2008-12-02,02-090-0010,88160,Tin,Tin PM2.5 LC,0,Micrograms/cubic meter (LC),24 HOUR,811,Met One SASS/SuperSASS Teflon - Energy Dispersive XRF,not proven,not present in AirData daily file
fairbanks_state_building_2008-12-02,state_building,2008-12-02,02-090-0010,88161,Titanium,Titanium PM2.5 LC,0,Micrograms/cubic meter (LC),24 HOUR,811,Met One SASS/SuperSASS Teflon - Energy Dispersive XRF,not proven,not present in AirData daily file
fairbanks_state_building_2008-12-02,state_building,2008-12-02,02-090-0010,88164,Vanadium,Vanadium PM2.5 LC,0,Micrograms/cubic meter (LC),24 HOUR,811,Met One SASS/SuperSASS Teflon - Energy Dispersive XRF,not proven,not present in AirData daily file
fairbanks_state_building_2008-12-02,state_building,2008-12-02,02-090-0010,88165,Silicon,Silicon PM2.5 LC,0.035,Micrograms/cubic meter (LC),24 HOUR,811,Met One SASS/SuperSASS Teflon - Energy Dispersive XRF,not proven,not present in AirData daily file
fairbanks_state_building_2008-12-02,state_building,2008-12-02,02-090-0010,88166,Silver,Silver PM2.5 LC,0,Micrograms/cubic meter (LC),24 HOUR,811,Met One SASS/SuperSASS Teflon - Energy Dispersive XRF,not proven,not present in AirData daily file
fairbanks_state_building_2008-12-02,state_building,2008-12-02,02-090-0010,88167,Zinc,Zinc PM2.5 LC,0.104,Micrograms/cubic meter (LC),24 HOUR,811,Met One SASS/SuperSASS Teflon - Energy Dispersive XRF,not proven,not present in AirData daily file
fairbanks_state_building_2008-12-02,state_building,2008-12-02,02-090-0010,88168,Strontium,Strontium PM2.5 LC,0.001,Micrograms/cubic meter (LC),24 HOUR,811,Met One SASS/SuperSASS Teflon - Energy Dispersive XRF,not proven,not present in AirData daily file
fairbanks_state_building_2008-12-02,state_building,2008-12-02,02-090-0010,88169,Sulfur,Sulfur PM2.5 LC,3.55,Micrograms/cubic meter (LC),24 HOUR,811,Met One SASS/SuperSASS Teflon - Energy Dispersive XRF,not proven,not present in AirData daily file
fairbanks_state_building_2008-12-02,state_building,2008-12-02,02-090-0010,88176,Rubidium,Rubidium PM2.5 LC,0,Micrograms/cubic meter (LC),24 HOUR,811,Met One SASS/SuperSASS Teflon - Energy Dispersive XRF,not proven,not present in AirData daily file
fairbanks_state_building_2008-12-02,state_building,2008-12-02,02-090-0010,88180,Potassium,Potassium PM2.5 LC,0.169,Micrograms/cubic meter (LC),24 HOUR,811,Met One SASS/SuperSASS Teflon - Energy Dispersive XRF,not proven,not present in AirData daily file
fairbanks_state_building_2008-12-02,state_building,2008-12-02,02-090-0010,88183,Yttrium,Yttrium PM2.5 LC,0,Micrograms/cubic meter (LC),24 HOUR,811,Met One SASS Teflon - Energy Dispersive XRF,not proven,not present in AirData daily file
fairbanks_state_building_2008-12-02,state_building,2008-12-02,02-090-0010,88184,Sodium,Sodium PM2.5 LC,0.117,Micrograms/cubic meter (LC),24 HOUR,811,Met One SASS/SuperSASS Teflon - Energy Dispersive XRF,not proven,not present in AirData daily file
fairbanks_state_building_2008-12-02,state_building,2008-12-02,02-090-0010,88185,Zirconium,Zirconium PM2.5 LC,0,Micrograms/cubic meter (LC),24 HOUR,811,Met One SASS/SuperSASS Teflon - Energy Dispersive XRF,not proven,not present in AirData daily file
fairbanks_state_building_2008-12-02,state_building,2008-12-02,02-090-0010,88301,Ammonium,Ammonium Ion PM2.5 LC,4.23,Micrograms/cubic meter (LC),24 HOUR,812,Met One SASS/SuperSASS Nylon - Ion Chromatography,not proven,not present in AirData daily file
fairbanks_state_building_2008-12-02,state_building,2008-12-02,02-090-0010,88302,Sodium ion,Sodium Ion Pm2.5 LC,0.1,Micrograms/cubic meter (LC),24 HOUR,812,Met One SASS/SuperSASS Nylon - Ion Chromatography,not proven,not present in AirData daily file
fairbanks_state_building_2008-12-02,state_building,2008-12-02,02-090-0010,88303,Potassium ion,Potassium Ion PM2.5 LC,0.162,Micrograms/cubic meter (LC),24 HOUR,812,Met One SASS/SuperSASS Nylon - Ion Chromatography,not proven,not present in AirData daily file
fairbanks_state_building_2008-12-02,state_building,2008-12-02,02-090-0010,88305,Organic carbon,OC CSN Unadjusted PM2.5 LC TOT,22.5,Micrograms/cubic meter (LC),24 HOUR,813,Met One SASS Quartz - STN TOT,not proven,not present in AirData daily file
fairbanks_state_building_2008-12-02,state_building,2008-12-02,02-090-0010,88306,Nitrate,Total Nitrate PM2.5 LC,1.54,Micrograms/cubic meter (LC),24 HOUR,812,Met One SASS/SuperSASS Nylon - Ion Chromatography,not proven,not present in AirData daily file
fairbanks_state_building_2008-12-02,state_building,2008-12-02,02-090-0010,88307,Elemental carbon,EC CSN PM2.5 LC TOT,1.86,Micrograms/cubic meter (LC),24 HOUR,813,Met One SASS Quartz - STN TOT,not proven,not present in AirData daily file
fairbanks_state_building_2008-12-02,state_building,2008-12-02,02-090-0010,88403,Sulfate,Sulfate PM2.5 LC,9.12,Micrograms/cubic meter (LC),24 HOUR,812,Met One SASS/SuperSASS Nylon - Ion Chromatography,not proven,not present in AirData daily file
fairbanks_state_building_2008-12-05,state_building,2008-12-05,02-090-0010,88102,Antimony,Antimony PM2.5 LC,0,Micrograms/cubic meter (LC),24 HOUR,811,Met One SASS/SuperSASS Teflon - Energy dispersive XRF,not proven,not present in AirData daily file
fairbanks_state_building_2008-12-05,state_building,2008-12-05,02-090-0010,88103,Arsenic,Arsenic PM2.5 LC,0.001,Micrograms/cubic meter (LC),24 HOUR,811,Met One SASS/SuperSASS Teflon - Energy dispersive XRF,not proven,not present in AirData daily file
fairbanks_state_building_2008-12-05,state_building,2008-12-05,02-090-0010,88104,Aluminum,Aluminum PM2.5 LC,0.006,Micrograms/cubic meter (LC),24 HOUR,811,Met One SASS/SuperSASS Teflon - Energy dispersive XRF,not proven,not present in AirData daily file
fairbanks_state_building_2008-12-05,state_building,2008-12-05,02-090-0010,88107,Barium,Barium PM2.5 LC,0,Micrograms/cubic meter (LC),24 HOUR,811,Met One SASS/SuperSASS Teflon - Energy dispersive XRF,not proven,not present in AirData daily file
fairbanks_state_building_2008-12-05,state_building,2008-12-05,02-090-0010,88109,Bromine,Bromine PM2.5 LC,0.0061,Micrograms/cubic meter (LC),24 HOUR,811,Met One SASS/SuperSASS Teflon - Energy dispersive XRF,not proven,not present in AirData daily file
fairbanks_state_building_2008-12-05,state_building,2008-12-05,02-090-0010,88110,Cadmium,Cadmium PM2.5 LC,0,Micrograms/cubic meter (LC),24 HOUR,811,Met One SASS/SuperSASS Teflon - Energy dispersive XRF,not proven,not present in AirData daily file
fairbanks_state_building_2008-12-05,state_building,2008-12-05,02-090-0010,88111,Calcium,Calcium PM2.5 LC,0.0355,Micrograms/cubic meter (LC),24 HOUR,811,Met One SASS/SuperSASS Teflon - Energy dispersive XRF,not proven,not present in AirData daily file
fairbanks_state_building_2008-12-05,state_building,2008-12-05,02-090-0010,88112,Chromium,Chromium PM2.5 LC,0.001,Micrograms/cubic meter (LC),24 HOUR,811,Met One SASS/SuperSASS Teflon - Energy dispersive XRF,not proven,not present in AirData daily file
fairbanks_state_building_2008-12-05,state_building,2008-12-05,02-090-0010,88113,Cobalt,Cobalt PM2.5 LC,0,Micrograms/cubic meter (LC),24 HOUR,811,Met One SASS/SuperSASS Teflon - Energy Dispersive XRF,not proven,not present in AirData daily file
fairbanks_state_building_2008-12-05,state_building,2008-12-05,02-090-0010,88114,Copper,Copper PM2.5 LC,0.0054,Micrograms/cubic meter (LC),24 HOUR,811,Met One SASS/SuperSASS Teflon - Energy dispersive XRF,not proven,not present in AirData daily file
fairbanks_state_building_2008-12-05,state_building,2008-12-05,02-090-0010,88115,Chlorine,Chlorine PM2.5 LC,0.164,Micrograms/cubic meter (LC),24 HOUR,811,Met One SASS/SuperSASS Teflon - Energy Dispersive XRF,not proven,not present in AirData daily file
fairbanks_state_building_2008-12-05,state_building,2008-12-05,02-090-0010,88124,Gallium,Gallium PM2.5 LC,0,Micrograms/cubic meter (LC),24 HOUR,811,Met One SASS Teflon - Energy Dispersive XRF,not proven,not present in AirData daily file
fairbanks_state_building_2008-12-05,state_building,2008-12-05,02-090-0010,88126,Iron,Iron PM2.5 LC,0.094,Micrograms/cubic meter (LC),24 HOUR,811,Met One SASS/SuperSASS Teflon - Energy Dispersive XRF,not proven,not present in AirData daily file
fairbanks_state_building_2008-12-05,state_building,2008-12-05,02-090-0010,88128,Lead,Lead PM2.5 LC,0,Micrograms/cubic meter (LC),24 HOUR,811,Met One SASS/SuperSASS Teflon - Energy Dispersive XRF,not proven,not present in AirData daily file
fairbanks_state_building_2008-12-05,state_building,2008-12-05,02-090-0010,88131,Indium,Indium PM2.5 LC,0,Micrograms/cubic meter (LC),24 HOUR,811,Met One SASS/SuperSASS Teflon - Energy Dispersive XRF,not proven,not present in AirData daily file
fairbanks_state_building_2008-12-05,state_building,2008-12-05,02-090-0010,88132,Manganese,Manganese PM2.5 LC,0.0081,Micrograms/cubic meter (LC),24 HOUR,811,Met One SASS/SuperSASS Teflon - Energy Dispersive XRF,not proven,not present in AirData daily file
fairbanks_state_building_2008-12-05,state_building,2008-12-05,02-090-0010,88134,Molybdenum,Molybdenum PM2.5 LC,0,Micrograms/cubic meter (LC),24 HOUR,811,Met One SASS Teflon - Energy Dispersive XRF,not proven,not present in AirData daily file
fairbanks_state_building_2008-12-05,state_building,2008-12-05,02-090-0010,88136,Nickel,Nickel PM2.5 LC,0,Micrograms/cubic meter (LC),24 HOUR,811,Met One SASS/SuperSASS Teflon - Energy Dispersive XRF,not proven,not present in AirData daily file
fairbanks_state_building_2008-12-05,state_building,2008-12-05,02-090-0010,88140,Magnesium,Magnesium PM2.5 LC,0,Micrograms/cubic meter (LC),24 HOUR,811,Met One SASS/SuperSASS Teflon - Energy Dispersive XRF,not proven,not present in AirData daily file
fairbanks_state_building_2008-12-05,state_building,2008-12-05,02-090-0010,88142,Mercury,Mercury PM2.5 LC,0.005,Micrograms/cubic meter (LC),24 HOUR,811,Met One SASS Teflon - Energy Dispersive XRF,not proven,not present in AirData daily file
fairbanks_state_building_2008-12-05,state_building,2008-12-05,02-090-0010,88146,Lanthanum,Lanthanum PM2.5 LC,0,Micrograms/cubic meter (LC),24 HOUR,811,Met One SASS Teflon - Energy Dispersive XRF,not proven,not present in AirData daily file
fairbanks_state_building_2008-12-05,state_building,2008-12-05,02-090-0010,88152,Phosphorus,Phosphorus PM2.5 LC,0.008,Micrograms/cubic meter (LC),24 HOUR,811,Met One SASS/SuperSASS Teflon - Energy Dispersive XRF,not proven,not present in AirData daily file
fairbanks_state_building_2008-12-05,state_building,2008-12-05,02-090-0010,88154,Selenium,Selenium PM2.5 LC,0,Micrograms/cubic meter (LC),24 HOUR,811,Met One SASS/SuperSASS Teflon - Energy Dispersive XRF,not proven,not present in AirData daily file
fairbanks_state_building_2008-12-05,state_building,2008-12-05,02-090-0010,88160,Tin,Tin PM2.5 LC,0,Micrograms/cubic meter (LC),24 HOUR,811,Met One SASS/SuperSASS Teflon - Energy Dispersive XRF,not proven,not present in AirData daily file
fairbanks_state_building_2008-12-05,state_building,2008-12-05,02-090-0010,88161,Titanium,Titanium PM2.5 LC,0.001,Micrograms/cubic meter (LC),24 HOUR,811,Met One SASS/SuperSASS Teflon - Energy Dispersive XRF,not proven,not present in AirData daily file
fairbanks_state_building_2008-12-05,state_building,2008-12-05,02-090-0010,88164,Vanadium,Vanadium PM2.5 LC,0,Micrograms/cubic meter (LC),24 HOUR,811,Met One SASS/SuperSASS Teflon - Energy Dispersive XRF,not proven,not present in AirData daily file
fairbanks_state_building_2008-12-05,state_building,2008-12-05,02-090-0010,88165,Silicon,Silicon PM2.5 LC,0.024,Micrograms/cubic meter (LC),24 HOUR,811,Met One SASS/SuperSASS Teflon - Energy Dispersive XRF,not proven,not present in AirData daily file
fairbanks_state_building_2008-12-05,state_building,2008-12-05,02-090-0010,88166,Silver,Silver PM2.5 LC,0,Micrograms/cubic meter (LC),24 HOUR,811,Met One SASS/SuperSASS Teflon - Energy Dispersive XRF,not proven,not present in AirData daily file
fairbanks_state_building_2008-12-05,state_building,2008-12-05,02-090-0010,88167,Zinc,Zinc PM2.5 LC,0.0743,Micrograms/cubic meter (LC),24 HOUR,811,Met One SASS/SuperSASS Teflon - Energy Dispersive XRF,not proven,not present in AirData daily file
fairbanks_state_building_2008-12-05,state_building,2008-12-05,02-090-0010,88168,Strontium,Strontium PM2.5 LC,0.002,Micrograms/cubic meter (LC),24 HOUR,811,Met One SASS/SuperSASS Teflon - Energy Dispersive XRF,not proven,not present in AirData daily file
fairbanks_state_building_2008-12-05,state_building,2008-12-05,02-090-0010,88169,Sulfur,Sulfur PM2.5 LC,1.38,Micrograms/cubic meter (LC),24 HOUR,811,Met One SASS/SuperSASS Teflon - Energy Dispersive XRF,not proven,not present in AirData daily file
fairbanks_state_building_2008-12-05,state_building,2008-12-05,02-090-0010,88176,Rubidium,Rubidium PM2.5 LC,0,Micrograms/cubic meter (LC),24 HOUR,811,Met One SASS/SuperSASS Teflon - Energy Dispersive XRF,not proven,not present in AirData daily file
fairbanks_state_building_2008-12-05,state_building,2008-12-05,02-090-0010,88180,Potassium,Potassium PM2.5 LC,0.0968,Micrograms/cubic meter (LC),24 HOUR,811,Met One SASS/SuperSASS Teflon - Energy Dispersive XRF,not proven,not present in AirData daily file
fairbanks_state_building_2008-12-05,state_building,2008-12-05,02-090-0010,88183,Yttrium,Yttrium PM2.5 LC,0,Micrograms/cubic meter (LC),24 HOUR,811,Met One SASS Teflon - Energy Dispersive XRF,not proven,not present in AirData daily file
fairbanks_state_building_2008-12-05,state_building,2008-12-05,02-090-0010,88184,Sodium,Sodium PM2.5 LC,0.039,Micrograms/cubic meter (LC),24 HOUR,811,Met One SASS/SuperSASS Teflon - Energy Dispersive XRF,not proven,not present in AirData daily file
fairbanks_state_building_2008-12-05,state_building,2008-12-05,02-090-0010,88185,Zirconium,Zirconium PM2.5 LC,0,Micrograms/cubic meter (LC),24 HOUR,811,Met One SASS/SuperSASS Teflon - Energy Dispersive XRF,not proven,not present in AirData daily file
fairbanks_state_building_2008-12-05,state_building,2008-12-05,02-090-0010,88301,Ammonium,Ammonium Ion PM2.5 LC,1.77,Micrograms/cubic meter (LC),24 HOUR,812,Met One SASS/SuperSASS Nylon - Ion Chromatography,not proven,not present in AirData daily file
fairbanks_state_building_2008-12-05,state_building,2008-12-05,02-090-0010,88302,Sodium ion,Sodium Ion Pm2.5 LC,0.02,Micrograms/cubic meter (LC),24 HOUR,812,Met One SASS/SuperSASS Nylon - Ion Chromatography,not proven,not present in AirData daily file
fairbanks_state_building_2008-12-05,state_building,2008-12-05,02-090-0010,88303,Potassium ion,Potassium Ion PM2.5 LC,0.097,Micrograms/cubic meter (LC),24 HOUR,812,Met One SASS/SuperSASS Nylon - Ion Chromatography,not proven,not present in AirData daily file
fairbanks_state_building_2008-12-05,state_building,2008-12-05,02-090-0010,88305,Organic carbon,OC CSN Unadjusted PM2.5 LC TOT,14.9,Micrograms/cubic meter (LC),24 HOUR,813,Met One SASS Quartz - STN TOT,not proven,not present in AirData daily file
fairbanks_state_building_2008-12-05,state_building,2008-12-05,02-090-0010,88306,Nitrate,Total Nitrate PM2.5 LC,1.35,Micrograms/cubic meter (LC),24 HOUR,812,Met One SASS/SuperSASS Nylon - Ion Chromatography,not proven,not present in AirData daily file
fairbanks_state_building_2008-12-05,state_building,2008-12-05,02-090-0010,88307,Elemental carbon,EC CSN PM2.5 LC TOT,2.49,Micrograms/cubic meter (LC),24 HOUR,813,Met One SASS Quartz - STN TOT,not proven,not present in AirData daily file
fairbanks_state_building_2008-12-05,state_building,2008-12-05,02-090-0010,88403,Sulfate,Sulfate PM2.5 LC,3.55,Micrograms/cubic meter (LC),24 HOUR,812,Met One SASS/SuperSASS Nylon - Ion Chromatography,not proven,not present in AirData daily file
fairbanks_state_building_2008-12-11,state_building,2008-12-11,02-090-0010,88102,Antimony,Antimony PM2.5 LC,0,Micrograms/cubic meter (LC),24 HOUR,811,Met One SASS/SuperSASS Teflon - Energy dispersive XRF,not proven,not present in AirData daily file
fairbanks_state_building_2008-12-11,state_building,2008-12-11,02-090-0010,88103,Arsenic,Arsenic PM2.5 LC,0,Micrograms/cubic meter (LC),24 HOUR,811,Met One SASS/SuperSASS Teflon - Energy dispersive XRF,not proven,not present in AirData daily file
fairbanks_state_building_2008-12-11,state_building,2008-12-11,02-090-0010,88104,Aluminum,Aluminum PM2.5 LC,0,Micrograms/cubic meter (LC),24 HOUR,811,Met One SASS/SuperSASS Teflon - Energy dispersive XRF,not proven,not present in AirData daily file
fairbanks_state_building_2008-12-11,state_building,2008-12-11,02-090-0010,88107,Barium,Barium PM2.5 LC,0,Micrograms/cubic meter (LC),24 HOUR,811,Met One SASS/SuperSASS Teflon - Energy dispersive XRF,not proven,not present in AirData daily file
fairbanks_state_building_2008-12-11,state_building,2008-12-11,02-090-0010,88109,Bromine,Bromine PM2.5 LC,0.0035,Micrograms/cubic meter (LC),24 HOUR,811,Met One SASS/SuperSASS Teflon - Energy dispersive XRF,not proven,not present in AirData daily file
fairbanks_state_building_2008-12-11,state_building,2008-12-11,02-090-0010,88110,Cadmium,Cadmium PM2.5 LC,0,Micrograms/cubic meter (LC),24 HOUR,811,Met One SASS/SuperSASS Teflon - Energy dispersive XRF,not proven,not present in AirData daily file
fairbanks_state_building_2008-12-11,state_building,2008-12-11,02-090-0010,88111,Calcium,Calcium PM2.5 LC,0.0399,Micrograms/cubic meter (LC),24 HOUR,811,Met One SASS/SuperSASS Teflon - Energy dispersive XRF,not proven,not present in AirData daily file
fairbanks_state_building_2008-12-11,state_building,2008-12-11,02-090-0010,88112,Chromium,Chromium PM2.5 LC,0,Micrograms/cubic meter (LC),24 HOUR,811,Met One SASS/SuperSASS Teflon - Energy dispersive XRF,not proven,not present in AirData daily file
fairbanks_state_building_2008-12-11,state_building,2008-12-11,02-090-0010,88113,Cobalt,Cobalt PM2.5 LC,0.0011,Micrograms/cubic meter (LC),24 HOUR,811,Met One SASS/SuperSASS Teflon - Energy Dispersive XRF,not proven,not present in AirData daily file
fairbanks_state_building_2008-12-11,state_building,2008-12-11,02-090-0010,88114,Copper,Copper PM2.5 LC,0.0017,Micrograms/cubic meter (LC),24 HOUR,811,Met One SASS/SuperSASS Teflon - Energy dispersive XRF,not proven,not present in AirData daily file
fairbanks_state_building_2008-12-11,state_building,2008-12-11,02-090-0010,88115,Chlorine,Chlorine PM2.5 LC,0.033,Micrograms/cubic meter (LC),24 HOUR,811,Met One SASS/SuperSASS Teflon - Energy Dispersive XRF,not proven,not present in AirData daily file
fairbanks_state_building_2008-12-11,state_building,2008-12-11,02-090-0010,88124,Gallium,Gallium PM2.5 LC,0,Micrograms/cubic meter (LC),24 HOUR,811,Met One SASS Teflon - Energy Dispersive XRF,not proven,not present in AirData daily file
fairbanks_state_building_2008-12-11,state_building,2008-12-11,02-090-0010,88126,Iron,Iron PM2.5 LC,0.0622,Micrograms/cubic meter (LC),24 HOUR,811,Met One SASS/SuperSASS Teflon - Energy Dispersive XRF,not proven,not present in AirData daily file
fairbanks_state_building_2008-12-11,state_building,2008-12-11,02-090-0010,88128,Lead,Lead PM2.5 LC,0.002,Micrograms/cubic meter (LC),24 HOUR,811,Met One SASS/SuperSASS Teflon - Energy Dispersive XRF,not proven,not present in AirData daily file
fairbanks_state_building_2008-12-11,state_building,2008-12-11,02-090-0010,88131,Indium,Indium PM2.5 LC,0,Micrograms/cubic meter (LC),24 HOUR,811,Met One SASS/SuperSASS Teflon - Energy Dispersive XRF,not proven,not present in AirData daily file
fairbanks_state_building_2008-12-11,state_building,2008-12-11,02-090-0010,88132,Manganese,Manganese PM2.5 LC,0,Micrograms/cubic meter (LC),24 HOUR,811,Met One SASS/SuperSASS Teflon - Energy Dispersive XRF,not proven,not present in AirData daily file
fairbanks_state_building_2008-12-11,state_building,2008-12-11,02-090-0010,88134,Molybdenum,Molybdenum PM2.5 LC,0,Micrograms/cubic meter (LC),24 HOUR,811,Met One SASS Teflon - Energy Dispersive XRF,not proven,not present in AirData daily file
fairbanks_state_building_2008-12-11,state_building,2008-12-11,02-090-0010,88136,Nickel,Nickel PM2.5 LC,0,Micrograms/cubic meter (LC),24 HOUR,811,Met One SASS/SuperSASS Teflon - Energy Dispersive XRF,not proven,not present in AirData daily file
fairbanks_state_building_2008-12-11,state_building,2008-12-11,02-090-0010,88140,Magnesium,Magnesium PM2.5 LC,0,Micrograms/cubic meter (LC),24 HOUR,811,Met One SASS/SuperSASS Teflon - Energy Dispersive XRF,not proven,not present in AirData daily file
fairbanks_state_building_2008-12-11,state_building,2008-12-11,02-090-0010,88142,Mercury,Mercury PM2.5 LC,0,Micrograms/cubic meter (LC),24 HOUR,811,Met One SASS Teflon - Energy Dispersive XRF,not proven,not present in AirData daily file
fairbanks_state_building_2008-12-11,state_building,2008-12-11,02-090-0010,88146,Lanthanum,Lanthanum PM2.5 LC,0,Micrograms/cubic meter (LC),24 HOUR,811,Met One SASS Teflon - Energy Dispersive XRF,not proven,not present in AirData daily file
fairbanks_state_building_2008-12-11,state_building,2008-12-11,02-090-0010,88152,Phosphorus,Phosphorus PM2.5 LC,0,Micrograms/cubic meter (LC),24 HOUR,811,Met One SASS/SuperSASS Teflon - Energy Dispersive XRF,not proven,not present in AirData daily file
fairbanks_state_building_2008-12-11,state_building,2008-12-11,02-090-0010,88154,Selenium,Selenium PM2.5 LC,0,Micrograms/cubic meter (LC),24 HOUR,811,Met One SASS/SuperSASS Teflon - Energy Dispersive XRF,not proven,not present in AirData daily file
fairbanks_state_building_2008-12-11,state_building,2008-12-11,02-090-0010,88160,Tin,Tin PM2.5 LC,0.021,Micrograms/cubic meter (LC),24 HOUR,811,Met One SASS/SuperSASS Teflon - Energy Dispersive XRF,not proven,not present in AirData daily file
fairbanks_state_building_2008-12-11,state_building,2008-12-11,02-090-0010,88161,Titanium,Titanium PM2.5 LC,0,Micrograms/cubic meter (LC),24 HOUR,811,Met One SASS/SuperSASS Teflon - Energy Dispersive XRF,not proven,not present in AirData daily file
fairbanks_state_building_2008-12-11,state_building,2008-12-11,02-090-0010,88164,Vanadium,Vanadium PM2.5 LC,0,Micrograms/cubic meter (LC),24 HOUR,811,Met One SASS/SuperSASS Teflon - Energy Dispersive XRF,not proven,not present in AirData daily file
fairbanks_state_building_2008-12-11,state_building,2008-12-11,02-090-0010,88165,Silicon,Silicon PM2.5 LC,0.044,Micrograms/cubic meter (LC),24 HOUR,811,Met One SASS/SuperSASS Teflon - Energy Dispersive XRF,not proven,not present in AirData daily file
fairbanks_state_building_2008-12-11,state_building,2008-12-11,02-090-0010,88166,Silver,Silver PM2.5 LC,0,Micrograms/cubic meter (LC),24 HOUR,811,Met One SASS/SuperSASS Teflon - Energy Dispersive XRF,not proven,not present in AirData daily file
fairbanks_state_building_2008-12-11,state_building,2008-12-11,02-090-0010,88167,Zinc,Zinc PM2.5 LC,0.051,Micrograms/cubic meter (LC),24 HOUR,811,Met One SASS/SuperSASS Teflon - Energy Dispersive XRF,not proven,not present in AirData daily file
fairbanks_state_building_2008-12-11,state_building,2008-12-11,02-090-0010,88168,Strontium,Strontium PM2.5 LC,0,Micrograms/cubic meter (LC),24 HOUR,811,Met One SASS/SuperSASS Teflon - Energy Dispersive XRF,not proven,not present in AirData daily file
fairbanks_state_building_2008-12-11,state_building,2008-12-11,02-090-0010,88169,Sulfur,Sulfur PM2.5 LC,1.07,Micrograms/cubic meter (LC),24 HOUR,811,Met One SASS/SuperSASS Teflon - Energy Dispersive XRF,not proven,not present in AirData daily file
fairbanks_state_building_2008-12-11,state_building,2008-12-11,02-090-0010,88176,Rubidium,Rubidium PM2.5 LC,0,Micrograms/cubic meter (LC),24 HOUR,811,Met One SASS/SuperSASS Teflon - Energy Dispersive XRF,not proven,not present in AirData daily file
fairbanks_state_building_2008-12-11,state_building,2008-12-11,02-090-0010,88180,Potassium,Potassium PM2.5 LC,0.0932,Micrograms/cubic meter (LC),24 HOUR,811,Met One SASS/SuperSASS Teflon - Energy Dispersive XRF,not proven,not present in AirData daily file
fairbanks_state_building_2008-12-11,state_building,2008-12-11,02-090-0010,88183,Yttrium,Yttrium PM2.5 LC,0,Micrograms/cubic meter (LC),24 HOUR,811,Met One SASS Teflon - Energy Dispersive XRF,not proven,not present in AirData daily file
fairbanks_state_building_2008-12-11,state_building,2008-12-11,02-090-0010,88184,Sodium,Sodium PM2.5 LC,0.033,Micrograms/cubic meter (LC),24 HOUR,811,Met One SASS/SuperSASS Teflon - Energy Dispersive XRF,not proven,not present in AirData daily file
fairbanks_state_building_2008-12-11,state_building,2008-12-11,02-090-0010,88185,Zirconium,Zirconium PM2.5 LC,0,Micrograms/cubic meter (LC),24 HOUR,811,Met One SASS/SuperSASS Teflon - Energy Dispersive XRF,not proven,not present in AirData daily file
fairbanks_state_building_2008-12-11,state_building,2008-12-11,02-090-0010,88301,Ammonium,Ammonium Ion PM2.5 LC,1.44,Micrograms/cubic meter (LC),24 HOUR,812,Met One SASS/SuperSASS Nylon - Ion Chromatography,not proven,not present in AirData daily file
fairbanks_state_building_2008-12-11,state_building,2008-12-11,02-090-0010,88302,Sodium ion,Sodium Ion Pm2.5 LC,0.02,Micrograms/cubic meter (LC),24 HOUR,812,Met One SASS/SuperSASS Nylon - Ion Chromatography,not proven,not present in AirData daily file
fairbanks_state_building_2008-12-11,state_building,2008-12-11,02-090-0010,88303,Potassium ion,Potassium Ion PM2.5 LC,0.104,Micrograms/cubic meter (LC),24 HOUR,812,Met One SASS/SuperSASS Nylon - Ion Chromatography,not proven,not present in AirData daily file
fairbanks_state_building_2008-12-11,state_building,2008-12-11,02-090-0010,88305,Organic carbon,OC CSN Unadjusted PM2.5 LC TOT,11.4,Micrograms/cubic meter (LC),24 HOUR,813,Met One SASS Quartz - STN TOT,not proven,not present in AirData daily file
fairbanks_state_building_2008-12-11,state_building,2008-12-11,02-090-0010,88306,Nitrate,Total Nitrate PM2.5 LC,0.882,Micrograms/cubic meter (LC),24 HOUR,812,Met One SASS/SuperSASS Nylon - Ion Chromatography,not proven,not present in AirData daily file
fairbanks_state_building_2008-12-11,state_building,2008-12-11,02-090-0010,88307,Elemental carbon,EC CSN PM2.5 LC TOT,1.44,Micrograms/cubic meter (LC),24 HOUR,813,Met One SASS Quartz - STN TOT,not proven,not present in AirData daily file
fairbanks_state_building_2008-12-11,state_building,2008-12-11,02-090-0010,88403,Sulfate,Sulfate PM2.5 LC,2.87,Micrograms/cubic meter (LC),24 HOUR,812,Met One SASS/SuperSASS Nylon - Ion Chromatography,not proven,not present in AirData daily file
fairbanks_state_building_2008-12-14,state_building,2008-12-14,02-090-0010,88102,Antimony,Antimony PM2.5 LC,0,Micrograms/cubic meter (LC),24 HOUR,811,Met One SASS/SuperSASS Teflon - Energy dispersive XRF,not proven,not present in AirData daily file
fairbanks_state_building_2008-12-14,state_building,2008-12-14,02-090-0010,88103,Arsenic,Arsenic PM2.5 LC,0,Micrograms/cubic meter (LC),24 HOUR,811,Met One SASS/SuperSASS Teflon - Energy dispersive XRF,not proven,not present in AirData daily file
fairbanks_state_building_2008-12-14,state_building,2008-12-14,02-090-0010,88104,Aluminum,Aluminum PM2.5 LC,0.092,Micrograms/cubic meter (LC),24 HOUR,811,Met One SASS/SuperSASS Teflon - Energy dispersive XRF,not proven,not present in AirData daily file
fairbanks_state_building_2008-12-14,state_building,2008-12-14,02-090-0010,88107,Barium,Barium PM2.5 LC,0,Micrograms/cubic meter (LC),24 HOUR,811,Met One SASS/SuperSASS Teflon - Energy dispersive XRF,not proven,not present in AirData daily file
fairbanks_state_building_2008-12-14,state_building,2008-12-14,02-090-0010,88109,Bromine,Bromine PM2.5 LC,0.0055,Micrograms/cubic meter (LC),24 HOUR,811,Met One SASS/SuperSASS Teflon - Energy dispersive XRF,not proven,not present in AirData daily file
fairbanks_state_building_2008-12-14,state_building,2008-12-14,02-090-0010,88110,Cadmium,Cadmium PM2.5 LC,0.002,Micrograms/cubic meter (LC),24 HOUR,811,Met One SASS/SuperSASS Teflon - Energy dispersive XRF,not proven,not present in AirData daily file
fairbanks_state_building_2008-12-14,state_building,2008-12-14,02-090-0010,88111,Calcium,Calcium PM2.5 LC,0.0376,Micrograms/cubic meter (LC),24 HOUR,811,Met One SASS/SuperSASS Teflon - Energy dispersive XRF,not proven,not present in AirData daily file
fairbanks_state_building_2008-12-14,state_building,2008-12-14,02-090-0010,88112,Chromium,Chromium PM2.5 LC,0.002,Micrograms/cubic meter (LC),24 HOUR,811,Met One SASS/SuperSASS Teflon - Energy dispersive XRF,not proven,not present in AirData daily file
fairbanks_state_building_2008-12-14,state_building,2008-12-14,02-090-0010,88113,Cobalt,Cobalt PM2.5 LC,0.001,Micrograms/cubic meter (LC),24 HOUR,811,Met One SASS/SuperSASS Teflon - Energy Dispersive XRF,not proven,not present in AirData daily file
fairbanks_state_building_2008-12-14,state_building,2008-12-14,02-090-0010,88114,Copper,Copper PM2.5 LC,0.0108,Micrograms/cubic meter (LC),24 HOUR,811,Met One SASS/SuperSASS Teflon - Energy dispersive XRF,not proven,not present in AirData daily file
fairbanks_state_building_2008-12-14,state_building,2008-12-14,02-090-0010,88115,Chlorine,Chlorine PM2.5 LC,0.297,Micrograms/cubic meter (LC),24 HOUR,811,Met One SASS/SuperSASS Teflon - Energy Dispersive XRF,not proven,not present in AirData daily file
fairbanks_state_building_2008-12-14,state_building,2008-12-14,02-090-0010,88124,Gallium,Gallium PM2.5 LC,0,Micrograms/cubic meter (LC),24 HOUR,811,Met One SASS Teflon - Energy Dispersive XRF,not proven,not present in AirData daily file
fairbanks_state_building_2008-12-14,state_building,2008-12-14,02-090-0010,88126,Iron,Iron PM2.5 LC,0.0536,Micrograms/cubic meter (LC),24 HOUR,811,Met One SASS/SuperSASS Teflon - Energy Dispersive XRF,not proven,not present in AirData daily file
fairbanks_state_building_2008-12-14,state_building,2008-12-14,02-090-0010,88128,Lead,Lead PM2.5 LC,0.0095,Micrograms/cubic meter (LC),24 HOUR,811,Met One SASS/SuperSASS Teflon - Energy Dispersive XRF,not proven,not present in AirData daily file
fairbanks_state_building_2008-12-14,state_building,2008-12-14,02-090-0010,88131,Indium,Indium PM2.5 LC,0,Micrograms/cubic meter (LC),24 HOUR,811,Met One SASS/SuperSASS Teflon - Energy Dispersive XRF,not proven,not present in AirData daily file
fairbanks_state_building_2008-12-14,state_building,2008-12-14,02-090-0010,88132,Manganese,Manganese PM2.5 LC,0.001,Micrograms/cubic meter (LC),24 HOUR,811,Met One SASS/SuperSASS Teflon - Energy Dispersive XRF,not proven,not present in AirData daily file
fairbanks_state_building_2008-12-14,state_building,2008-12-14,02-090-0010,88134,Molybdenum,Molybdenum PM2.5 LC,0,Micrograms/cubic meter (LC),24 HOUR,811,Met One SASS Teflon - Energy Dispersive XRF,not proven,not present in AirData daily file
fairbanks_state_building_2008-12-14,state_building,2008-12-14,02-090-0010,88136,Nickel,Nickel PM2.5 LC,0.001,Micrograms/cubic meter (LC),24 HOUR,811,Met One SASS/SuperSASS Teflon - Energy Dispersive XRF,not proven,not present in AirData daily file
fairbanks_state_building_2008-12-14,state_building,2008-12-14,02-090-0010,88140,Magnesium,Magnesium PM2.5 LC,0,Micrograms/cubic meter (LC),24 HOUR,811,Met One SASS/SuperSASS Teflon - Energy Dispersive XRF,not proven,not present in AirData daily file
fairbanks_state_building_2008-12-14,state_building,2008-12-14,02-090-0010,88142,Mercury,Mercury PM2.5 LC,0.002,Micrograms/cubic meter (LC),24 HOUR,811,Met One SASS Teflon - Energy Dispersive XRF,not proven,not present in AirData daily file
fairbanks_state_building_2008-12-14,state_building,2008-12-14,02-090-0010,88146,Lanthanum,Lanthanum PM2.5 LC,0,Micrograms/cubic meter (LC),24 HOUR,811,Met One SASS Teflon - Energy Dispersive XRF,not proven,not present in AirData daily file
fairbanks_state_building_2008-12-14,state_building,2008-12-14,02-090-0010,88152,Phosphorus,Phosphorus PM2.5 LC,0,Micrograms/cubic meter (LC),24 HOUR,811,Met One SASS/SuperSASS Teflon - Energy Dispersive XRF,not proven,not present in AirData daily file
fairbanks_state_building_2008-12-14,state_building,2008-12-14,02-090-0010,88154,Selenium,Selenium PM2.5 LC,0,Micrograms/cubic meter (LC),24 HOUR,811,Met One SASS/SuperSASS Teflon - Energy Dispersive XRF,not proven,not present in AirData daily file
fairbanks_state_building_2008-12-14,state_building,2008-12-14,02-090-0010,88160,Tin,Tin PM2.5 LC,0.016,Micrograms/cubic meter (LC),24 HOUR,811,Met One SASS/SuperSASS Teflon - Energy Dispersive XRF,not proven,not present in AirData daily file
fairbanks_state_building_2008-12-14,state_building,2008-12-14,02-090-0010,88161,Titanium,Titanium PM2.5 LC,0.002,Micrograms/cubic meter (LC),24 HOUR,811,Met One SASS/SuperSASS Teflon - Energy Dispersive XRF,not proven,not present in AirData daily file
fairbanks_state_building_2008-12-14,state_building,2008-12-14,02-090-0010,88164,Vanadium,Vanadium PM2.5 LC,0,Micrograms/cubic meter (LC),24 HOUR,811,Met One SASS/SuperSASS Teflon - Energy Dispersive XRF,not proven,not present in AirData daily file
fairbanks_state_building_2008-12-14,state_building,2008-12-14,02-090-0010,88165,Silicon,Silicon PM2.5 LC,0.048,Micrograms/cubic meter (LC),24 HOUR,811,Met One SASS/SuperSASS Teflon - Energy Dispersive XRF,not proven,not present in AirData daily file
fairbanks_state_building_2008-12-14,state_building,2008-12-14,02-090-0010,88166,Silver,Silver PM2.5 LC,0,Micrograms/cubic meter (LC),24 HOUR,811,Met One SASS/SuperSASS Teflon - Energy Dispersive XRF,not proven,not present in AirData daily file
fairbanks_state_building_2008-12-14,state_building,2008-12-14,02-090-0010,88167,Zinc,Zinc PM2.5 LC,0.0867,Micrograms/cubic meter (LC),24 HOUR,811,Met One SASS/SuperSASS Teflon - Energy Dispersive XRF,not proven,not present in AirData daily file
fairbanks_state_building_2008-12-14,state_building,2008-12-14,02-090-0010,88168,Strontium,Strontium PM2.5 LC,0,Micrograms/cubic meter (LC),24 HOUR,811,Met One SASS/SuperSASS Teflon - Energy Dispersive XRF,not proven,not present in AirData daily file
fairbanks_state_building_2008-12-14,state_building,2008-12-14,02-090-0010,88169,Sulfur,Sulfur PM2.5 LC,2.38,Micrograms/cubic meter (LC),24 HOUR,811,Met One SASS/SuperSASS Teflon - Energy Dispersive XRF,not proven,not present in AirData daily file
fairbanks_state_building_2008-12-14,state_building,2008-12-14,02-090-0010,88176,Rubidium,Rubidium PM2.5 LC,0,Micrograms/cubic meter (LC),24 HOUR,811,Met One SASS/SuperSASS Teflon - Energy Dispersive XRF,not proven,not present in AirData daily file
fairbanks_state_building_2008-12-14,state_building,2008-12-14,02-090-0010,88180,Potassium,Potassium PM2.5 LC,0.167,Micrograms/cubic meter (LC),24 HOUR,811,Met One SASS/SuperSASS Teflon - Energy Dispersive XRF,not proven,not present in AirData daily file
fairbanks_state_building_2008-12-14,state_building,2008-12-14,02-090-0010,88183,Yttrium,Yttrium PM2.5 LC,0,Micrograms/cubic meter (LC),24 HOUR,811,Met One SASS Teflon - Energy Dispersive XRF,not proven,not present in AirData daily file
fairbanks_state_building_2008-12-14,state_building,2008-12-14,02-090-0010,88184,Sodium,Sodium PM2.5 LC,0.104,Micrograms/cubic meter (LC),24 HOUR,811,Met One SASS/SuperSASS Teflon - Energy Dispersive XRF,not proven,not present in AirData daily file
fairbanks_state_building_2008-12-14,state_building,2008-12-14,02-090-0010,88185,Zirconium,Zirconium PM2.5 LC,0,Micrograms/cubic meter (LC),24 HOUR,811,Met One SASS/SuperSASS Teflon - Energy Dispersive XRF,not proven,not present in AirData daily file
fairbanks_state_building_2008-12-14,state_building,2008-12-14,02-090-0010,88301,Ammonium,Ammonium Ion PM2.5 LC,3.47,Micrograms/cubic meter (LC),24 HOUR,812,Met One SASS/SuperSASS Nylon - Ion Chromatography,not proven,not present in AirData daily file
fairbanks_state_building_2008-12-14,state_building,2008-12-14,02-090-0010,88302,Sodium ion,Sodium Ion Pm2.5 LC,0.33,Micrograms/cubic meter (LC),24 HOUR,812,Met One SASS/SuperSASS Nylon - Ion Chromatography,not proven,not present in AirData daily file
fairbanks_state_building_2008-12-14,state_building,2008-12-14,02-090-0010,88303,Potassium ion,Potassium Ion PM2.5 LC,0.187,Micrograms/cubic meter (LC),24 HOUR,812,Met One SASS/SuperSASS Nylon - Ion Chromatography,not proven,not present in AirData daily file
fairbanks_state_building_2008-12-14,state_building,2008-12-14,02-090-0010,88305,Organic carbon,OC CSN Unadjusted PM2.5 LC TOT,19,Micrograms/cubic meter (LC),24 HOUR,813,Met One SASS Quartz - STN TOT,not proven,not present in AirData daily file
fairbanks_state_building_2008-12-14,state_building,2008-12-14,02-090-0010,88306,Nitrate,Total Nitrate PM2.5 LC,1.54,Micrograms/cubic meter (LC),24 HOUR,812,Met One SASS/SuperSASS Nylon - Ion Chromatography,not proven,not present in AirData daily file
fairbanks_state_building_2008-12-14,state_building,2008-12-14,02-090-0010,88307,Elemental carbon,EC CSN PM2.5 LC TOT,2.23,Micrograms/cubic meter (LC),24 HOUR,813,Met One SASS Quartz - STN TOT,not proven,not present in AirData daily file
fairbanks_state_building_2008-12-14,state_building,2008-12-14,02-090-0010,88403,Sulfate,Sulfate PM2.5 LC,7.02,Micrograms/cubic meter (LC),24 HOUR,812,Met One SASS/SuperSASS Nylon - Ion Chromatography,not proven,not present in AirData daily file
fairbanks_state_building_2008-12-17,state_building,2008-12-17,02-090-0010,88102,Antimony,Antimony PM2.5 LC,0.011,Micrograms/cubic meter (LC),24 HOUR,811,Met One SASS/SuperSASS Teflon - Energy dispersive XRF,not proven,not present in AirData daily file
fairbanks_state_building_2008-12-17,state_building,2008-12-17,02-090-0010,88103,Arsenic,Arsenic PM2.5 LC,0,Micrograms/cubic meter (LC),24 HOUR,811,Met One SASS/SuperSASS Teflon - Energy dispersive XRF,not proven,not present in AirData daily file
fairbanks_state_building_2008-12-17,state_building,2008-12-17,02-090-0010,88104,Aluminum,Aluminum PM2.5 LC,0.007,Micrograms/cubic meter (LC),24 HOUR,811,Met One SASS/SuperSASS Teflon - Energy dispersive XRF,not proven,not present in AirData daily file
fairbanks_state_building_2008-12-17,state_building,2008-12-17,02-090-0010,88107,Barium,Barium PM2.5 LC,0.004,Micrograms/cubic meter (LC),24 HOUR,811,Met One SASS/SuperSASS Teflon - Energy dispersive XRF,not proven,not present in AirData daily file
fairbanks_state_building_2008-12-17,state_building,2008-12-17,02-090-0010,88109,Bromine,Bromine PM2.5 LC,0.0029,Micrograms/cubic meter (LC),24 HOUR,811,Met One SASS/SuperSASS Teflon - Energy dispersive XRF,not proven,not present in AirData daily file
fairbanks_state_building_2008-12-17,state_building,2008-12-17,02-090-0010,88110,Cadmium,Cadmium PM2.5 LC,0,Micrograms/cubic meter (LC),24 HOUR,811,Met One SASS/SuperSASS Teflon - Energy dispersive XRF,not proven,not present in AirData daily file
fairbanks_state_building_2008-12-17,state_building,2008-12-17,02-090-0010,88111,Calcium,Calcium PM2.5 LC,0.0474,Micrograms/cubic meter (LC),24 HOUR,811,Met One SASS/SuperSASS Teflon - Energy dispersive XRF,not proven,not present in AirData daily file
fairbanks_state_building_2008-12-17,state_building,2008-12-17,02-090-0010,88112,Chromium,Chromium PM2.5 LC,0.002,Micrograms/cubic meter (LC),24 HOUR,811,Met One SASS/SuperSASS Teflon - Energy dispersive XRF,not proven,not present in AirData daily file
fairbanks_state_building_2008-12-17,state_building,2008-12-17,02-090-0010,88113,Cobalt,Cobalt PM2.5 LC,0,Micrograms/cubic meter (LC),24 HOUR,811,Met One SASS/SuperSASS Teflon - Energy Dispersive XRF,not proven,not present in AirData daily file
fairbanks_state_building_2008-12-17,state_building,2008-12-17,02-090-0010,88114,Copper,Copper PM2.5 LC,0.005,Micrograms/cubic meter (LC),24 HOUR,811,Met One SASS/SuperSASS Teflon - Energy dispersive XRF,not proven,not present in AirData daily file
fairbanks_state_building_2008-12-17,state_building,2008-12-17,02-090-0010,88115,Chlorine,Chlorine PM2.5 LC,0.079,Micrograms/cubic meter (LC),24 HOUR,811,Met One SASS/SuperSASS Teflon - Energy Dispersive XRF,not proven,not present in AirData daily file
fairbanks_state_building_2008-12-17,state_building,2008-12-17,02-090-0010,88124,Gallium,Gallium PM2.5 LC,0,Micrograms/cubic meter (LC),24 HOUR,811,Met One SASS Teflon - Energy Dispersive XRF,not proven,not present in AirData daily file
fairbanks_state_building_2008-12-17,state_building,2008-12-17,02-090-0010,88126,Iron,Iron PM2.5 LC,0.081,Micrograms/cubic meter (LC),24 HOUR,811,Met One SASS/SuperSASS Teflon - Energy Dispersive XRF,not proven,not present in AirData daily file
fairbanks_state_building_2008-12-17,state_building,2008-12-17,02-090-0010,88128,Lead,Lead PM2.5 LC,0.003,Micrograms/cubic meter (LC),24 HOUR,811,Met One SASS/SuperSASS Teflon - Energy Dispersive XRF,not proven,not present in AirData daily file
fairbanks_state_building_2008-12-17,state_building,2008-12-17,02-090-0010,88131,Indium,Indium PM2.5 LC,0.008,Micrograms/cubic meter (LC),24 HOUR,811,Met One SASS/SuperSASS Teflon - Energy Dispersive XRF,not proven,not present in AirData daily file
fairbanks_state_building_2008-12-17,state_building,2008-12-17,02-090-0010,88132,Manganese,Manganese PM2.5 LC,0,Micrograms/cubic meter (LC),24 HOUR,811,Met One SASS/SuperSASS Teflon - Energy Dispersive XRF,not proven,not present in AirData daily file
fairbanks_state_building_2008-12-17,state_building,2008-12-17,02-090-0010,88134,Molybdenum,Molybdenum PM2.5 LC,0,Micrograms/cubic meter (LC),24 HOUR,811,Met One SASS Teflon - Energy Dispersive XRF,not proven,not present in AirData daily file
fairbanks_state_building_2008-12-17,state_building,2008-12-17,02-090-0010,88136,Nickel,Nickel PM2.5 LC,0,Micrograms/cubic meter (LC),24 HOUR,811,Met One SASS/SuperSASS Teflon - Energy Dispersive XRF,not proven,not present in AirData daily file
fairbanks_state_building_2008-12-17,state_building,2008-12-17,02-090-0010,88140,Magnesium,Magnesium PM2.5 LC,0.015,Micrograms/cubic meter (LC),24 HOUR,811,Met One SASS/SuperSASS Teflon - Energy Dispersive XRF,not proven,not present in AirData daily file
fairbanks_state_building_2008-12-17,state_building,2008-12-17,02-090-0010,88142,Mercury,Mercury PM2.5 LC,0.003,Micrograms/cubic meter (LC),24 HOUR,811,Met One SASS Teflon - Energy Dispersive XRF,not proven,not present in AirData daily file
fairbanks_state_building_2008-12-17,state_building,2008-12-17,02-090-0010,88146,Lanthanum,Lanthanum PM2.5 LC,0.001,Micrograms/cubic meter (LC),24 HOUR,811,Met One SASS Teflon - Energy Dispersive XRF,not proven,not present in AirData daily file
fairbanks_state_building_2008-12-17,state_building,2008-12-17,02-090-0010,88152,Phosphorus,Phosphorus PM2.5 LC,0,Micrograms/cubic meter (LC),24 HOUR,811,Met One SASS/SuperSASS Teflon - Energy Dispersive XRF,not proven,not present in AirData daily file
fairbanks_state_building_2008-12-17,state_building,2008-12-17,02-090-0010,88154,Selenium,Selenium PM2.5 LC,0.001,Micrograms/cubic meter (LC),24 HOUR,811,Met One SASS/SuperSASS Teflon - Energy Dispersive XRF,not proven,not present in AirData daily file
fairbanks_state_building_2008-12-17,state_building,2008-12-17,02-090-0010,88160,Tin,Tin PM2.5 LC,0.005,Micrograms/cubic meter (LC),24 HOUR,811,Met One SASS/SuperSASS Teflon - Energy Dispersive XRF,not proven,not present in AirData daily file
fairbanks_state_building_2008-12-17,state_building,2008-12-17,02-090-0010,88161,Titanium,Titanium PM2.5 LC,0.002,Micrograms/cubic meter (LC),24 HOUR,811,Met One SASS/SuperSASS Teflon - Energy Dispersive XRF,not proven,not present in AirData daily file
fairbanks_state_building_2008-12-17,state_building,2008-12-17,02-090-0010,88164,Vanadium,Vanadium PM2.5 LC,0.001,Micrograms/cubic meter (LC),24 HOUR,811,Met One SASS/SuperSASS Teflon - Energy Dispersive XRF,not proven,not present in AirData daily file
fairbanks_state_building_2008-12-17,state_building,2008-12-17,02-090-0010,88165,Silicon,Silicon PM2.5 LC,0.0608,Micrograms/cubic meter (LC),24 HOUR,811,Met One SASS/SuperSASS Teflon - Energy Dispersive XRF,not proven,not present in AirData daily file
fairbanks_state_building_2008-12-17,state_building,2008-12-17,02-090-0010,88166,Silver,Silver PM2.5 LC,0,Micrograms/cubic meter (LC),24 HOUR,811,Met One SASS/SuperSASS Teflon - Energy Dispersive XRF,not proven,not present in AirData daily file
fairbanks_state_building_2008-12-17,state_building,2008-12-17,02-090-0010,88167,Zinc,Zinc PM2.5 LC,0.074,Micrograms/cubic meter (LC),24 HOUR,811,Met One SASS/SuperSASS Teflon - Energy Dispersive XRF,not proven,not present in AirData daily file
fairbanks_state_building_2008-12-17,state_building,2008-12-17,02-090-0010,88168,Strontium,Strontium PM2.5 LC,0.003,Micrograms/cubic meter (LC),24 HOUR,811,Met One SASS/SuperSASS Teflon - Energy Dispersive XRF,not proven,not present in AirData daily file
fairbanks_state_building_2008-12-17,state_building,2008-12-17,02-090-0010,88169,Sulfur,Sulfur PM2.5 LC,2.54,Micrograms/cubic meter (LC),24 HOUR,811,Met One SASS/SuperSASS Teflon - Energy Dispersive XRF,not proven,not present in AirData daily file
fairbanks_state_building_2008-12-17,state_building,2008-12-17,02-090-0010,88176,Rubidium,Rubidium PM2.5 LC,0.001,Micrograms/cubic meter (LC),24 HOUR,811,Met One SASS/SuperSASS Teflon - Energy Dispersive XRF,not proven,not present in AirData daily file
fairbanks_state_building_2008-12-17,state_building,2008-12-17,02-090-0010,88180,Potassium,Potassium PM2.5 LC,0.136,Micrograms/cubic meter (LC),24 HOUR,811,Met One SASS/SuperSASS Teflon - Energy Dispersive XRF,not proven,not present in AirData daily file
fairbanks_state_building_2008-12-17,state_building,2008-12-17,02-090-0010,88183,Yttrium,Yttrium PM2.5 LC,0,Micrograms/cubic meter (LC),24 HOUR,811,Met One SASS Teflon - Energy Dispersive XRF,not proven,not present in AirData daily file
fairbanks_state_building_2008-12-17,state_building,2008-12-17,02-090-0010,88184,Sodium,Sodium PM2.5 LC,0.136,Micrograms/cubic meter (LC),24 HOUR,811,Met One SASS/SuperSASS Teflon - Energy Dispersive XRF,not proven,not present in AirData daily file
fairbanks_state_building_2008-12-17,state_building,2008-12-17,02-090-0010,88185,Zirconium,Zirconium PM2.5 LC,0,Micrograms/cubic meter (LC),24 HOUR,811,Met One SASS/SuperSASS Teflon - Energy Dispersive XRF,not proven,not present in AirData daily file
fairbanks_state_building_2008-12-17,state_building,2008-12-17,02-090-0010,88301,Ammonium,Ammonium Ion PM2.5 LC,3.06,Micrograms/cubic meter (LC),24 HOUR,812,Met One SASS/SuperSASS Nylon - Ion Chromatography,not proven,not present in AirData daily file
fairbanks_state_building_2008-12-17,state_building,2008-12-17,02-090-0010,88302,Sodium ion,Sodium Ion Pm2.5 LC,0.1,Micrograms/cubic meter (LC),24 HOUR,812,Met One SASS/SuperSASS Nylon - Ion Chromatography,not proven,not present in AirData daily file
fairbanks_state_building_2008-12-17,state_building,2008-12-17,02-090-0010,88303,Potassium ion,Potassium Ion PM2.5 LC,0.129,Micrograms/cubic meter (LC),24 HOUR,812,Met One SASS/SuperSASS Nylon - Ion Chromatography,not proven,not present in AirData daily file
fairbanks_state_building_2008-12-17,state_building,2008-12-17,02-090-0010,88305,Organic carbon,OC CSN Unadjusted PM2.5 LC TOT,18,Micrograms/cubic meter (LC),24 HOUR,813,Met One SASS Quartz - STN TOT,not proven,not present in AirData daily file
fairbanks_state_building_2008-12-17,state_building,2008-12-17,02-090-0010,88306,Nitrate,Total Nitrate PM2.5 LC,1.08,Micrograms/cubic meter (LC),24 HOUR,812,Met One SASS/SuperSASS Nylon - Ion Chromatography,not proven,not present in AirData daily file
fairbanks_state_building_2008-12-17,state_building,2008-12-17,02-090-0010,88307,Elemental carbon,EC CSN PM2.5 LC TOT,2.41,Micrograms/cubic meter (LC),24 HOUR,813,Met One SASS Quartz - STN TOT,not proven,not present in AirData daily file
fairbanks_state_building_2008-12-17,state_building,2008-12-17,02-090-0010,88403,Sulfate,Sulfate PM2.5 LC,6.31,Micrograms/cubic meter (LC),24 HOUR,812,Met One SASS/SuperSASS Nylon - Ion Chromatography,not proven,not present in AirData daily file
fairbanks_state_building_2008-12-20,state_building,2008-12-20,02-090-0010,88102,Antimony,Antimony PM2.5 LC,0,Micrograms/cubic meter (LC),24 HOUR,811,Met One SASS/SuperSASS Teflon - Energy dispersive XRF,not proven,not present in AirData daily file
fairbanks_state_building_2008-12-20,state_building,2008-12-20,02-090-0010,88103,Arsenic,Arsenic PM2.5 LC,0,Micrograms/cubic meter (LC),24 HOUR,811,Met One SASS/SuperSASS Teflon - Energy dispersive XRF,not proven,not present in AirData daily file
fairbanks_state_building_2008-12-20,state_building,2008-12-20,02-090-0010,88104,Aluminum,Aluminum PM2.5 LC,0,Micrograms/cubic meter (LC),24 HOUR,811,Met One SASS/SuperSASS Teflon - Energy dispersive XRF,not proven,not present in AirData daily file
fairbanks_state_building_2008-12-20,state_building,2008-12-20,02-090-0010,88107,Barium,Barium PM2.5 LC,0,Micrograms/cubic meter (LC),24 HOUR,811,Met One SASS/SuperSASS Teflon - Energy dispersive XRF,not proven,not present in AirData daily file
fairbanks_state_building_2008-12-20,state_building,2008-12-20,02-090-0010,88109,Bromine,Bromine PM2.5 LC,0.0029,Micrograms/cubic meter (LC),24 HOUR,811,Met One SASS/SuperSASS Teflon - Energy dispersive XRF,not proven,not present in AirData daily file
fairbanks_state_building_2008-12-20,state_building,2008-12-20,02-090-0010,88110,Cadmium,Cadmium PM2.5 LC,0.005,Micrograms/cubic meter (LC),24 HOUR,811,Met One SASS/SuperSASS Teflon - Energy dispersive XRF,not proven,not present in AirData daily file
fairbanks_state_building_2008-12-20,state_building,2008-12-20,02-090-0010,88111,Calcium,Calcium PM2.5 LC,0.0343,Micrograms/cubic meter (LC),24 HOUR,811,Met One SASS/SuperSASS Teflon - Energy dispersive XRF,not proven,not present in AirData daily file
fairbanks_state_building_2008-12-20,state_building,2008-12-20,02-090-0010,88112,Chromium,Chromium PM2.5 LC,0,Micrograms/cubic meter (LC),24 HOUR,811,Met One SASS/SuperSASS Teflon - Energy dispersive XRF,not proven,not present in AirData daily file
fairbanks_state_building_2008-12-20,state_building,2008-12-20,02-090-0010,88113,Cobalt,Cobalt PM2.5 LC,0,Micrograms/cubic meter (LC),24 HOUR,811,Met One SASS/SuperSASS Teflon - Energy Dispersive XRF,not proven,not present in AirData daily file
fairbanks_state_building_2008-12-20,state_building,2008-12-20,02-090-0010,88114,Copper,Copper PM2.5 LC,0.0048,Micrograms/cubic meter (LC),24 HOUR,811,Met One SASS/SuperSASS Teflon - Energy dispersive XRF,not proven,not present in AirData daily file
fairbanks_state_building_2008-12-20,state_building,2008-12-20,02-090-0010,88115,Chlorine,Chlorine PM2.5 LC,0.0688,Micrograms/cubic meter (LC),24 HOUR,811,Met One SASS/SuperSASS Teflon - Energy Dispersive XRF,not proven,not present in AirData daily file
fairbanks_state_building_2008-12-20,state_building,2008-12-20,02-090-0010,88124,Gallium,Gallium PM2.5 LC,0,Micrograms/cubic meter (LC),24 HOUR,811,Met One SASS Teflon - Energy Dispersive XRF,not proven,not present in AirData daily file
fairbanks_state_building_2008-12-20,state_building,2008-12-20,02-090-0010,88126,Iron,Iron PM2.5 LC,0.0539,Micrograms/cubic meter (LC),24 HOUR,811,Met One SASS/SuperSASS Teflon - Energy Dispersive XRF,not proven,not present in AirData daily file
fairbanks_state_building_2008-12-20,state_building,2008-12-20,02-090-0010,88128,Lead,Lead PM2.5 LC,0.0027,Micrograms/cubic meter (LC),24 HOUR,811,Met One SASS/SuperSASS Teflon - Energy Dispersive XRF,not proven,not present in AirData daily file
fairbanks_state_building_2008-12-20,state_building,2008-12-20,02-090-0010,88131,Indium,Indium PM2.5 LC,0,Micrograms/cubic meter (LC),24 HOUR,811,Met One SASS/SuperSASS Teflon - Energy Dispersive XRF,not proven,not present in AirData daily file
fairbanks_state_building_2008-12-20,state_building,2008-12-20,02-090-0010,88132,Manganese,Manganese PM2.5 LC,0.001,Micrograms/cubic meter (LC),24 HOUR,811,Met One SASS/SuperSASS Teflon - Energy Dispersive XRF,not proven,not present in AirData daily file
fairbanks_state_building_2008-12-20,state_building,2008-12-20,02-090-0010,88134,Molybdenum,Molybdenum PM2.5 LC,0,Micrograms/cubic meter (LC),24 HOUR,811,Met One SASS Teflon - Energy Dispersive XRF,not proven,not present in AirData daily file
fairbanks_state_building_2008-12-20,state_building,2008-12-20,02-090-0010,88136,Nickel,Nickel PM2.5 LC,0,Micrograms/cubic meter (LC),24 HOUR,811,Met One SASS/SuperSASS Teflon - Energy Dispersive XRF,not proven,not present in AirData daily file
fairbanks_state_building_2008-12-20,state_building,2008-12-20,02-090-0010,88140,Magnesium,Magnesium PM2.5 LC,0.002,Micrograms/cubic meter (LC),24 HOUR,811,Met One SASS/SuperSASS Teflon - Energy Dispersive XRF,not proven,not present in AirData daily file
fairbanks_state_building_2008-12-20,state_building,2008-12-20,02-090-0010,88142,Mercury,Mercury PM2.5 LC,0,Micrograms/cubic meter (LC),24 HOUR,811,Met One SASS Teflon - Energy Dispersive XRF,not proven,not present in AirData daily file
fairbanks_state_building_2008-12-20,state_building,2008-12-20,02-090-0010,88146,Lanthanum,Lanthanum PM2.5 LC,0,Micrograms/cubic meter (LC),24 HOUR,811,Met One SASS Teflon - Energy Dispersive XRF,not proven,not present in AirData daily file
fairbanks_state_building_2008-12-20,state_building,2008-12-20,02-090-0010,88152,Phosphorus,Phosphorus PM2.5 LC,0,Micrograms/cubic meter (LC),24 HOUR,811,Met One SASS/SuperSASS Teflon - Energy Dispersive XRF,not proven,not present in AirData daily file
fairbanks_state_building_2008-12-20,state_building,2008-12-20,02-090-0010,88154,Selenium,Selenium PM2.5 LC,0,Micrograms/cubic meter (LC),24 HOUR,811,Met One SASS/SuperSASS Teflon - Energy Dispersive XRF,not proven,not present in AirData daily file
fairbanks_state_building_2008-12-20,state_building,2008-12-20,02-090-0010,88160,Tin,Tin PM2.5 LC,0.006,Micrograms/cubic meter (LC),24 HOUR,811,Met One SASS/SuperSASS Teflon - Energy Dispersive XRF,not proven,not present in AirData daily file
fairbanks_state_building_2008-12-20,state_building,2008-12-20,02-090-0010,88161,Titanium,Titanium PM2.5 LC,0,Micrograms/cubic meter (LC),24 HOUR,811,Met One SASS/SuperSASS Teflon - Energy Dispersive XRF,not proven,not present in AirData daily file
fairbanks_state_building_2008-12-20,state_building,2008-12-20,02-090-0010,88164,Vanadium,Vanadium PM2.5 LC,0,Micrograms/cubic meter (LC),24 HOUR,811,Met One SASS/SuperSASS Teflon - Energy Dispersive XRF,not proven,not present in AirData daily file
fairbanks_state_building_2008-12-20,state_building,2008-12-20,02-090-0010,88165,Silicon,Silicon PM2.5 LC,0.0425,Micrograms/cubic meter (LC),24 HOUR,811,Met One SASS/SuperSASS Teflon - Energy Dispersive XRF,not proven,not present in AirData daily file
fairbanks_state_building_2008-12-20,state_building,2008-12-20,02-090-0010,88166,Silver,Silver PM2.5 LC,0,Micrograms/cubic meter (LC),24 HOUR,811,Met One SASS/SuperSASS Teflon - Energy Dispersive XRF,not proven,not present in AirData daily file
fairbanks_state_building_2008-12-20,state_building,2008-12-20,02-090-0010,88167,Zinc,Zinc PM2.5 LC,0.0684,Micrograms/cubic meter (LC),24 HOUR,811,Met One SASS/SuperSASS Teflon - Energy Dispersive XRF,not proven,not present in AirData daily file
fairbanks_state_building_2008-12-20,state_building,2008-12-20,02-090-0010,88168,Strontium,Strontium PM2.5 LC,0,Micrograms/cubic meter (LC),24 HOUR,811,Met One SASS/SuperSASS Teflon - Energy Dispersive XRF,not proven,not present in AirData daily file
fairbanks_state_building_2008-12-20,state_building,2008-12-20,02-090-0010,88169,Sulfur,Sulfur PM2.5 LC,1.47,Micrograms/cubic meter (LC),24 HOUR,811,Met One SASS/SuperSASS Teflon - Energy Dispersive XRF,not proven,not present in AirData daily file
fairbanks_state_building_2008-12-20,state_building,2008-12-20,02-090-0010,88176,Rubidium,Rubidium PM2.5 LC,0,Micrograms/cubic meter (LC),24 HOUR,811,Met One SASS/SuperSASS Teflon - Energy Dispersive XRF,not proven,not present in AirData daily file
fairbanks_state_building_2008-12-20,state_building,2008-12-20,02-090-0010,88180,Potassium,Potassium PM2.5 LC,0.124,Micrograms/cubic meter (LC),24 HOUR,811,Met One SASS/SuperSASS Teflon - Energy Dispersive XRF,not proven,not present in AirData daily file
fairbanks_state_building_2008-12-20,state_building,2008-12-20,02-090-0010,88183,Yttrium,Yttrium PM2.5 LC,0,Micrograms/cubic meter (LC),24 HOUR,811,Met One SASS Teflon - Energy Dispersive XRF,not proven,not present in AirData daily file
fairbanks_state_building_2008-12-20,state_building,2008-12-20,02-090-0010,88184,Sodium,Sodium PM2.5 LC,0.051,Micrograms/cubic meter (LC),24 HOUR,811,Met One SASS/SuperSASS Teflon - Energy Dispersive XRF,not proven,not present in AirData daily file
fairbanks_state_building_2008-12-20,state_building,2008-12-20,02-090-0010,88185,Zirconium,Zirconium PM2.5 LC,0,Micrograms/cubic meter (LC),24 HOUR,811,Met One SASS/SuperSASS Teflon - Energy Dispersive XRF,not proven,not present in AirData daily file
fairbanks_state_building_2008-12-20,state_building,2008-12-20,02-090-0010,88301,Ammonium,Ammonium Ion PM2.5 LC,1.88,Micrograms/cubic meter (LC),24 HOUR,812,Met One SASS/SuperSASS Nylon - Ion Chromatography,not proven,not present in AirData daily file
fairbanks_state_building_2008-12-20,state_building,2008-12-20,02-090-0010,88302,Sodium ion,Sodium Ion Pm2.5 LC,0.07,Micrograms/cubic meter (LC),24 HOUR,812,Met One SASS/SuperSASS Nylon - Ion Chromatography,not proven,not present in AirData daily file
fairbanks_state_building_2008-12-20,state_building,2008-12-20,02-090-0010,88303,Potassium ion,Potassium Ion PM2.5 LC,0.116,Micrograms/cubic meter (LC),24 HOUR,812,Met One SASS/SuperSASS Nylon - Ion Chromatography,not proven,not present in AirData daily file
fairbanks_state_building_2008-12-20,state_building,2008-12-20,02-090-0010,88305,Organic carbon,OC CSN Unadjusted PM2.5 LC TOT,14.2,Micrograms/cubic meter (LC),24 HOUR,813,Met One SASS Quartz - STN TOT,not proven,not present in AirData daily file
fairbanks_state_building_2008-12-20,state_building,2008-12-20,02-090-0010,88306,Nitrate,Total Nitrate PM2.5 LC,1.65,Micrograms/cubic meter (LC),24 HOUR,812,Met One SASS/SuperSASS Nylon - Ion Chromatography,not proven,not present in AirData daily file
fairbanks_state_building_2008-12-20,state_building,2008-12-20,02-090-0010,88307,Elemental carbon,EC CSN PM2.5 LC TOT,1.31,Micrograms/cubic meter (LC),24 HOUR,813,Met One SASS Quartz - STN TOT,not proven,not present in AirData daily file
fairbanks_state_building_2008-12-20,state_building,2008-12-20,02-090-0010,88403,Sulfate,Sulfate PM2.5 LC,3.52,Micrograms/cubic meter (LC),24 HOUR,812,Met One SASS/SuperSASS Nylon - Ion Chromatography,not proven,not present in AirData daily file
fairbanks_state_building_2008-12-23,state_building,2008-12-23,02-090-0010,88102,Antimony,Antimony PM2.5 LC,0,Micrograms/cubic meter (LC),24 HOUR,811,Met One SASS/SuperSASS Teflon - Energy dispersive XRF,not proven,not present in AirData daily file
fairbanks_state_building_2008-12-23,state_building,2008-12-23,02-090-0010,88103,Arsenic,Arsenic PM2.5 LC,0,Micrograms/cubic meter (LC),24 HOUR,811,Met One SASS/SuperSASS Teflon - Energy dispersive XRF,not proven,not present in AirData daily file
fairbanks_state_building_2008-12-23,state_building,2008-12-23,02-090-0010,88104,Aluminum,Aluminum PM2.5 LC,0,Micrograms/cubic meter (LC),24 HOUR,811,Met One SASS/SuperSASS Teflon - Energy dispersive XRF,not proven,not present in AirData daily file
fairbanks_state_building_2008-12-23,state_building,2008-12-23,02-090-0010,88107,Barium,Barium PM2.5 LC,0,Micrograms/cubic meter (LC),24 HOUR,811,Met One SASS/SuperSASS Teflon - Energy dispersive XRF,not proven,not present in AirData daily file
fairbanks_state_building_2008-12-23,state_building,2008-12-23,02-090-0010,88109,Bromine,Bromine PM2.5 LC,0.0051,Micrograms/cubic meter (LC),24 HOUR,811,Met One SASS/SuperSASS Teflon - Energy dispersive XRF,not proven,not present in AirData daily file
fairbanks_state_building_2008-12-23,state_building,2008-12-23,02-090-0010,88110,Cadmium,Cadmium PM2.5 LC,0.009,Micrograms/cubic meter (LC),24 HOUR,811,Met One SASS/SuperSASS Teflon - Energy dispersive XRF,not proven,not present in AirData daily file
fairbanks_state_building_2008-12-23,state_building,2008-12-23,02-090-0010,88111,Calcium,Calcium PM2.5 LC,0.0428,Micrograms/cubic meter (LC),24 HOUR,811,Met One SASS/SuperSASS Teflon - Energy dispersive XRF,not proven,not present in AirData daily file
fairbanks_state_building_2008-12-23,state_building,2008-12-23,02-090-0010,88112,Chromium,Chromium PM2.5 LC,0,Micrograms/cubic meter (LC),24 HOUR,811,Met One SASS/SuperSASS Teflon - Energy dispersive XRF,not proven,not present in AirData daily file
fairbanks_state_building_2008-12-23,state_building,2008-12-23,02-090-0010,88113,Cobalt,Cobalt PM2.5 LC,0,Micrograms/cubic meter (LC),24 HOUR,811,Met One SASS/SuperSASS Teflon - Energy Dispersive XRF,not proven,not present in AirData daily file
fairbanks_state_building_2008-12-23,state_building,2008-12-23,02-090-0010,88114,Copper,Copper PM2.5 LC,0.0043,Micrograms/cubic meter (LC),24 HOUR,811,Met One SASS/SuperSASS Teflon - Energy dispersive XRF,not proven,not present in AirData daily file
fairbanks_state_building_2008-12-23,state_building,2008-12-23,02-090-0010,88115,Chlorine,Chlorine PM2.5 LC,0.115,Micrograms/cubic meter (LC),24 HOUR,811,Met One SASS/SuperSASS Teflon - Energy Dispersive XRF,not proven,not present in AirData daily file
fairbanks_state_building_2008-12-23,state_building,2008-12-23,02-090-0010,88124,Gallium,Gallium PM2.5 LC,0,Micrograms/cubic meter (LC),24 HOUR,811,Met One SASS Teflon - Energy Dispersive XRF,not proven,not present in AirData daily file
fairbanks_state_building_2008-12-23,state_building,2008-12-23,02-090-0010,88126,Iron,Iron PM2.5 LC,0.058,Micrograms/cubic meter (LC),24 HOUR,811,Met One SASS/SuperSASS Teflon - Energy Dispersive XRF,not proven,not present in AirData daily file
fairbanks_state_building_2008-12-23,state_building,2008-12-23,02-090-0010,88128,Lead,Lead PM2.5 LC,0.0082,Micrograms/cubic meter (LC),24 HOUR,811,Met One SASS/SuperSASS Teflon - Energy Dispersive XRF,not proven,not present in AirData daily file
fairbanks_state_building_2008-12-23,state_building,2008-12-23,02-090-0010,88131,Indium,Indium PM2.5 LC,0,Micrograms/cubic meter (LC),24 HOUR,811,Met One SASS/SuperSASS Teflon - Energy Dispersive XRF,not proven,not present in AirData daily file
fairbanks_state_building_2008-12-23,state_building,2008-12-23,02-090-0010,88132,Manganese,Manganese PM2.5 LC,0.002,Micrograms/cubic meter (LC),24 HOUR,811,Met One SASS/SuperSASS Teflon - Energy Dispersive XRF,not proven,not present in AirData daily file
fairbanks_state_building_2008-12-23,state_building,2008-12-23,02-090-0010,88134,Molybdenum,Molybdenum PM2.5 LC,0,Micrograms/cubic meter (LC),24 HOUR,811,Met One SASS Teflon - Energy Dispersive XRF,not proven,not present in AirData daily file
fairbanks_state_building_2008-12-23,state_building,2008-12-23,02-090-0010,88136,Nickel,Nickel PM2.5 LC,0,Micrograms/cubic meter (LC),24 HOUR,811,Met One SASS/SuperSASS Teflon - Energy Dispersive XRF,not proven,not present in AirData daily file
fairbanks_state_building_2008-12-23,state_building,2008-12-23,02-090-0010,88140,Magnesium,Magnesium PM2.5 LC,0.01,Micrograms/cubic meter (LC),24 HOUR,811,Met One SASS/SuperSASS Teflon - Energy Dispersive XRF,not proven,not present in AirData daily file
fairbanks_state_building_2008-12-23,state_building,2008-12-23,02-090-0010,88142,Mercury,Mercury PM2.5 LC,0,Micrograms/cubic meter (LC),24 HOUR,811,Met One SASS Teflon - Energy Dispersive XRF,not proven,not present in AirData daily file
fairbanks_state_building_2008-12-23,state_building,2008-12-23,02-090-0010,88146,Lanthanum,Lanthanum PM2.5 LC,0,Micrograms/cubic meter (LC),24 HOUR,811,Met One SASS Teflon - Energy Dispersive XRF,not proven,not present in AirData daily file
fairbanks_state_building_2008-12-23,state_building,2008-12-23,02-090-0010,88152,Phosphorus,Phosphorus PM2.5 LC,0,Micrograms/cubic meter (LC),24 HOUR,811,Met One SASS/SuperSASS Teflon - Energy Dispersive XRF,not proven,not present in AirData daily file
fairbanks_state_building_2008-12-23,state_building,2008-12-23,02-090-0010,88154,Selenium,Selenium PM2.5 LC,0,Micrograms/cubic meter (LC),24 HOUR,811,Met One SASS/SuperSASS Teflon - Energy Dispersive XRF,not proven,not present in AirData daily file
fairbanks_state_building_2008-12-23,state_building,2008-12-23,02-090-0010,88160,Tin,Tin PM2.5 LC,0.014,Micrograms/cubic meter (LC),24 HOUR,811,Met One SASS/SuperSASS Teflon - Energy Dispersive XRF,not proven,not present in AirData daily file
fairbanks_state_building_2008-12-23,state_building,2008-12-23,02-090-0010,88161,Titanium,Titanium PM2.5 LC,0,Micrograms/cubic meter (LC),24 HOUR,811,Met One SASS/SuperSASS Teflon - Energy Dispersive XRF,not proven,not present in AirData daily file
fairbanks_state_building_2008-12-23,state_building,2008-12-23,02-090-0010,88164,Vanadium,Vanadium PM2.5 LC,0,Micrograms/cubic meter (LC),24 HOUR,811,Met One SASS/SuperSASS Teflon - Energy Dispersive XRF,not proven,not present in AirData daily file
fairbanks_state_building_2008-12-23,state_building,2008-12-23,02-090-0010,88165,Silicon,Silicon PM2.5 LC,0.0543,Micrograms/cubic meter (LC),24 HOUR,811,Met One SASS/SuperSASS Teflon - Energy Dispersive XRF,not proven,not present in AirData daily file
fairbanks_state_building_2008-12-23,state_building,2008-12-23,02-090-0010,88166,Silver,Silver PM2.5 LC,0,Micrograms/cubic meter (LC),24 HOUR,811,Met One SASS/SuperSASS Teflon - Energy Dispersive XRF,not proven,not present in AirData daily file
fairbanks_state_building_2008-12-23,state_building,2008-12-23,02-090-0010,88167,Zinc,Zinc PM2.5 LC,0.074,Micrograms/cubic meter (LC),24 HOUR,811,Met One SASS/SuperSASS Teflon - Energy Dispersive XRF,not proven,not present in AirData daily file
fairbanks_state_building_2008-12-23,state_building,2008-12-23,02-090-0010,88168,Strontium,Strontium PM2.5 LC,0,Micrograms/cubic meter (LC),24 HOUR,811,Met One SASS/SuperSASS Teflon - Energy Dispersive XRF,not proven,not present in AirData daily file
fairbanks_state_building_2008-12-23,state_building,2008-12-23,02-090-0010,88169,Sulfur,Sulfur PM2.5 LC,1.88,Micrograms/cubic meter (LC),24 HOUR,811,Met One SASS/SuperSASS Teflon - Energy Dispersive XRF,not proven,not present in AirData daily file
fairbanks_state_building_2008-12-23,state_building,2008-12-23,02-090-0010,88176,Rubidium,Rubidium PM2.5 LC,0,Micrograms/cubic meter (LC),24 HOUR,811,Met One SASS/SuperSASS Teflon - Energy Dispersive XRF,not proven,not present in AirData daily file
fairbanks_state_building_2008-12-23,state_building,2008-12-23,02-090-0010,88180,Potassium,Potassium PM2.5 LC,0.114,Micrograms/cubic meter (LC),24 HOUR,811,Met One SASS/SuperSASS Teflon - Energy Dispersive XRF,not proven,not present in AirData daily file
fairbanks_state_building_2008-12-23,state_building,2008-12-23,02-090-0010,88183,Yttrium,Yttrium PM2.5 LC,0,Micrograms/cubic meter (LC),24 HOUR,811,Met One SASS Teflon - Energy Dispersive XRF,not proven,not present in AirData daily file
fairbanks_state_building_2008-12-23,state_building,2008-12-23,02-090-0010,88184,Sodium,Sodium PM2.5 LC,0.077,Micrograms/cubic meter (LC),24 HOUR,811,Met One SASS/SuperSASS Teflon - Energy Dispersive XRF,not proven,not present in AirData daily file
fairbanks_state_building_2008-12-23,state_building,2008-12-23,02-090-0010,88185,Zirconium,Zirconium PM2.5 LC,0,Micrograms/cubic meter (LC),24 HOUR,811,Met One SASS/SuperSASS Teflon - Energy Dispersive XRF,not proven,not present in AirData daily file
fairbanks_state_building_2008-12-23,state_building,2008-12-23,02-090-0010,88301,Ammonium,Ammonium Ion PM2.5 LC,2.72,Micrograms/cubic meter (LC),24 HOUR,812,Met One SASS/SuperSASS Nylon - Ion Chromatography,not proven,not present in AirData daily file
fairbanks_state_building_2008-12-23,state_building,2008-12-23,02-090-0010,88302,Sodium ion,Sodium Ion Pm2.5 LC,0.03,Micrograms/cubic meter (LC),24 HOUR,812,Met One SASS/SuperSASS Nylon - Ion Chromatography,not proven,not present in AirData daily file
fairbanks_state_building_2008-12-23,state_building,2008-12-23,02-090-0010,88303,Potassium ion,Potassium Ion PM2.5 LC,0.146,Micrograms/cubic meter (LC),24 HOUR,812,Met One SASS/SuperSASS Nylon - Ion Chromatography,not proven,not present in AirData daily file
fairbanks_state_building_2008-12-23,state_building,2008-12-23,02-090-0010,88305,Organic carbon,OC CSN Unadjusted PM2.5 LC TOT,14.8,Micrograms/cubic meter (LC),24 HOUR,813,Met One SASS Quartz - STN TOT,not proven,not present in AirData daily file
fairbanks_state_building_2008-12-23,state_building,2008-12-23,02-090-0010,88306,Nitrate,Total Nitrate PM2.5 LC,1.57,Micrograms/cubic meter (LC),24 HOUR,812,Met One SASS/SuperSASS Nylon - Ion Chromatography,not proven,not present in AirData daily file
fairbanks_state_building_2008-12-23,state_building,2008-12-23,02-090-0010,88307,Elemental carbon,EC CSN PM2.5 LC TOT,2.03,Micrograms/cubic meter (LC),24 HOUR,813,Met One SASS Quartz - STN TOT,not proven,not present in AirData daily file
fairbanks_state_building_2008-12-23,state_building,2008-12-23,02-090-0010,88403,Sulfate,Sulfate PM2.5 LC,4.75,Micrograms/cubic meter (LC),24 HOUR,812,Met One SASS/SuperSASS Nylon - Ion Chromatography,not proven,not present in AirData daily file
fairbanks_state_building_2008-12-26,state_building,2008-12-26,02-090-0010,88102,Antimony,Antimony PM2.5 LC,0,Micrograms/cubic meter (LC),24 HOUR,811,Met One SASS/SuperSASS Teflon - Energy dispersive XRF,not proven,not present in AirData daily file
fairbanks_state_building_2008-12-26,state_building,2008-12-26,02-090-0010,88103,Arsenic,Arsenic PM2.5 LC,0,Micrograms/cubic meter (LC),24 HOUR,811,Met One SASS/SuperSASS Teflon - Energy dispersive XRF,not proven,not present in AirData daily file
fairbanks_state_building_2008-12-26,state_building,2008-12-26,02-090-0010,88104,Aluminum,Aluminum PM2.5 LC,0,Micrograms/cubic meter (LC),24 HOUR,811,Met One SASS/SuperSASS Teflon - Energy dispersive XRF,not proven,not present in AirData daily file
fairbanks_state_building_2008-12-26,state_building,2008-12-26,02-090-0010,88107,Barium,Barium PM2.5 LC,0,Micrograms/cubic meter (LC),24 HOUR,811,Met One SASS/SuperSASS Teflon - Energy dispersive XRF,not proven,not present in AirData daily file
fairbanks_state_building_2008-12-26,state_building,2008-12-26,02-090-0010,88109,Bromine,Bromine PM2.5 LC,0.0015,Micrograms/cubic meter (LC),24 HOUR,811,Met One SASS/SuperSASS Teflon - Energy dispersive XRF,not proven,not present in AirData daily file
fairbanks_state_building_2008-12-26,state_building,2008-12-26,02-090-0010,88110,Cadmium,Cadmium PM2.5 LC,0,Micrograms/cubic meter (LC),24 HOUR,811,Met One SASS/SuperSASS Teflon - Energy dispersive XRF,not proven,not present in AirData daily file
fairbanks_state_building_2008-12-26,state_building,2008-12-26,02-090-0010,88111,Calcium,Calcium PM2.5 LC,0.0403,Micrograms/cubic meter (LC),24 HOUR,811,Met One SASS/SuperSASS Teflon - Energy dispersive XRF,not proven,not present in AirData daily file
fairbanks_state_building_2008-12-26,state_building,2008-12-26,02-090-0010,88112,Chromium,Chromium PM2.5 LC,0.0053,Micrograms/cubic meter (LC),24 HOUR,811,Met One SASS/SuperSASS Teflon - Energy dispersive XRF,not proven,not present in AirData daily file
fairbanks_state_building_2008-12-26,state_building,2008-12-26,02-090-0010,88113,Cobalt,Cobalt PM2.5 LC,0,Micrograms/cubic meter (LC),24 HOUR,811,Met One SASS/SuperSASS Teflon - Energy Dispersive XRF,not proven,not present in AirData daily file
fairbanks_state_building_2008-12-26,state_building,2008-12-26,02-090-0010,88114,Copper,Copper PM2.5 LC,0.001,Micrograms/cubic meter (LC),24 HOUR,811,Met One SASS/SuperSASS Teflon - Energy dispersive XRF,not proven,not present in AirData daily file
fairbanks_state_building_2008-12-26,state_building,2008-12-26,02-090-0010,88115,Chlorine,Chlorine PM2.5 LC,0.0923,Micrograms/cubic meter (LC),24 HOUR,811,Met One SASS/SuperSASS Teflon - Energy Dispersive XRF,not proven,not present in AirData daily file
fairbanks_state_building_2008-12-26,state_building,2008-12-26,02-090-0010,88124,Gallium,Gallium PM2.5 LC,0,Micrograms/cubic meter (LC),24 HOUR,811,Met One SASS Teflon - Energy Dispersive XRF,not proven,not present in AirData daily file
fairbanks_state_building_2008-12-26,state_building,2008-12-26,02-090-0010,88126,Iron,Iron PM2.5 LC,0.022,Micrograms/cubic meter (LC),24 HOUR,811,Met One SASS/SuperSASS Teflon - Energy Dispersive XRF,not proven,not present in AirData daily file
fairbanks_state_building_2008-12-26,state_building,2008-12-26,02-090-0010,88128,Lead,Lead PM2.5 LC,0.0053,Micrograms/cubic meter (LC),24 HOUR,811,Met One SASS/SuperSASS Teflon - Energy Dispersive XRF,not proven,not present in AirData daily file
fairbanks_state_building_2008-12-26,state_building,2008-12-26,02-090-0010,88131,Indium,Indium PM2.5 LC,0,Micrograms/cubic meter (LC),24 HOUR,811,Met One SASS/SuperSASS Teflon - Energy Dispersive XRF,not proven,not present in AirData daily file
fairbanks_state_building_2008-12-26,state_building,2008-12-26,02-090-0010,88132,Manganese,Manganese PM2.5 LC,0,Micrograms/cubic meter (LC),24 HOUR,811,Met One SASS/SuperSASS Teflon - Energy Dispersive XRF,not proven,not present in AirData daily file
fairbanks_state_building_2008-12-26,state_building,2008-12-26,02-090-0010,88134,Molybdenum,Molybdenum PM2.5 LC,0,Micrograms/cubic meter (LC),24 HOUR,811,Met One SASS Teflon - Energy Dispersive XRF,not proven,not present in AirData daily file
fairbanks_state_building_2008-12-26,state_building,2008-12-26,02-090-0010,88136,Nickel,Nickel PM2.5 LC,0,Micrograms/cubic meter (LC),24 HOUR,811,Met One SASS/SuperSASS Teflon - Energy Dispersive XRF,not proven,not present in AirData daily file
fairbanks_state_building_2008-12-26,state_building,2008-12-26,02-090-0010,88140,Magnesium,Magnesium PM2.5 LC,0,Micrograms/cubic meter (LC),24 HOUR,811,Met One SASS/SuperSASS Teflon - Energy Dispersive XRF,not proven,not present in AirData daily file
fairbanks_state_building_2008-12-26,state_building,2008-12-26,02-090-0010,88142,Mercury,Mercury PM2.5 LC,0,Micrograms/cubic meter (LC),24 HOUR,811,Met One SASS Teflon - Energy Dispersive XRF,not proven,not present in AirData daily file
fairbanks_state_building_2008-12-26,state_building,2008-12-26,02-090-0010,88146,Lanthanum,Lanthanum PM2.5 LC,0,Micrograms/cubic meter (LC),24 HOUR,811,Met One SASS Teflon - Energy Dispersive XRF,not proven,not present in AirData daily file
fairbanks_state_building_2008-12-26,state_building,2008-12-26,02-090-0010,88152,Phosphorus,Phosphorus PM2.5 LC,0,Micrograms/cubic meter (LC),24 HOUR,811,Met One SASS/SuperSASS Teflon - Energy Dispersive XRF,not proven,not present in AirData daily file
fairbanks_state_building_2008-12-26,state_building,2008-12-26,02-090-0010,88154,Selenium,Selenium PM2.5 LC,0,Micrograms/cubic meter (LC),24 HOUR,811,Met One SASS/SuperSASS Teflon - Energy Dispersive XRF,not proven,not present in AirData daily file
fairbanks_state_building_2008-12-26,state_building,2008-12-26,02-090-0010,88160,Tin,Tin PM2.5 LC,0,Micrograms/cubic meter (LC),24 HOUR,811,Met One SASS/SuperSASS Teflon - Energy Dispersive XRF,not proven,not present in AirData daily file
fairbanks_state_building_2008-12-26,state_building,2008-12-26,02-090-0010,88161,Titanium,Titanium PM2.5 LC,0.002,Micrograms/cubic meter (LC),24 HOUR,811,Met One SASS/SuperSASS Teflon - Energy Dispersive XRF,not proven,not present in AirData daily file
fairbanks_state_building_2008-12-26,state_building,2008-12-26,02-090-0010,88164,Vanadium,Vanadium PM2.5 LC,0.002,Micrograms/cubic meter (LC),24 HOUR,811,Met One SASS/SuperSASS Teflon - Energy Dispersive XRF,not proven,not present in AirData daily file
fairbanks_state_building_2008-12-26,state_building,2008-12-26,02-090-0010,88165,Silicon,Silicon PM2.5 LC,0.0336,Micrograms/cubic meter (LC),24 HOUR,811,Met One SASS/SuperSASS Teflon - Energy Dispersive XRF,not proven,not present in AirData daily file
fairbanks_state_building_2008-12-26,state_building,2008-12-26,02-090-0010,88166,Silver,Silver PM2.5 LC,0,Micrograms/cubic meter (LC),24 HOUR,811,Met One SASS/SuperSASS Teflon - Energy Dispersive XRF,not proven,not present in AirData daily file
fairbanks_state_building_2008-12-26,state_building,2008-12-26,02-090-0010,88167,Zinc,Zinc PM2.5 LC,0.0407,Micrograms/cubic meter (LC),24 HOUR,811,Met One SASS/SuperSASS Teflon - Energy Dispersive XRF,not proven,not present in AirData daily file
fairbanks_state_building_2008-12-26,state_building,2008-12-26,02-090-0010,88168,Strontium,Strontium PM2.5 LC,0.0117,Micrograms/cubic meter (LC),24 HOUR,811,Met One SASS/SuperSASS Teflon - Energy Dispersive XRF,not proven,not present in AirData daily file
fairbanks_state_building_2008-12-26,state_building,2008-12-26,02-090-0010,88169,Sulfur,Sulfur PM2.5 LC,1,Micrograms/cubic meter (LC),24 HOUR,811,Met One SASS/SuperSASS Teflon - Energy Dispersive XRF,not proven,not present in AirData daily file
fairbanks_state_building_2008-12-26,state_building,2008-12-26,02-090-0010,88176,Rubidium,Rubidium PM2.5 LC,0,Micrograms/cubic meter (LC),24 HOUR,811,Met One SASS/SuperSASS Teflon - Energy Dispersive XRF,not proven,not present in AirData daily file
fairbanks_state_building_2008-12-26,state_building,2008-12-26,02-090-0010,88180,Potassium,Potassium PM2.5 LC,0.0838,Micrograms/cubic meter (LC),24 HOUR,811,Met One SASS/SuperSASS Teflon - Energy Dispersive XRF,not proven,not present in AirData daily file
fairbanks_state_building_2008-12-26,state_building,2008-12-26,02-090-0010,88183,Yttrium,Yttrium PM2.5 LC,0,Micrograms/cubic meter (LC),24 HOUR,811,Met One SASS Teflon - Energy Dispersive XRF,not proven,not present in AirData daily file
fairbanks_state_building_2008-12-26,state_building,2008-12-26,02-090-0010,88184,Sodium,Sodium PM2.5 LC,0.068,Micrograms/cubic meter (LC),24 HOUR,811,Met One SASS/SuperSASS Teflon - Energy Dispersive XRF,not proven,not present in AirData daily file
fairbanks_state_building_2008-12-26,state_building,2008-12-26,02-090-0010,88185,Zirconium,Zirconium PM2.5 LC,0,Micrograms/cubic meter (LC),24 HOUR,811,Met One SASS/SuperSASS Teflon - Energy Dispersive XRF,not proven,not present in AirData daily file
fairbanks_state_building_2008-12-26,state_building,2008-12-26,02-090-0010,88301,Ammonium,Ammonium Ion PM2.5 LC,1.17,Micrograms/cubic meter (LC),24 HOUR,812,Met One SASS/SuperSASS Nylon - Ion Chromatography,not proven,not present in AirData daily file
fairbanks_state_building_2008-12-26,state_building,2008-12-26,02-090-0010,88302,Sodium ion,Sodium Ion Pm2.5 LC,0.064,Micrograms/cubic meter (LC),24 HOUR,812,Met One SASS/SuperSASS Nylon - Ion Chromatography,not proven,not present in AirData daily file
fairbanks_state_building_2008-12-26,state_building,2008-12-26,02-090-0010,88303,Potassium ion,Potassium Ion PM2.5 LC,0.063,Micrograms/cubic meter (LC),24 HOUR,812,Met One SASS/SuperSASS Nylon - Ion Chromatography,not proven,not present in AirData daily file
fairbanks_state_building_2008-12-26,state_building,2008-12-26,02-090-0010,88305,Organic carbon,OC CSN Unadjusted PM2.5 LC TOT,9.02,Micrograms/cubic meter (LC),24 HOUR,813,Met One SASS Quartz - STN TOT,not proven,not present in AirData daily file
fairbanks_state_building_2008-12-26,state_building,2008-12-26,02-090-0010,88306,Nitrate,Total Nitrate PM2.5 LC,0.611,Micrograms/cubic meter (LC),24 HOUR,812,Met One SASS/SuperSASS Nylon - Ion Chromatography,not proven,not present in AirData daily file
fairbanks_state_building_2008-12-26,state_building,2008-12-26,02-090-0010,88307,Elemental carbon,EC CSN PM2.5 LC TOT,1.72,Micrograms/cubic meter (LC),24 HOUR,813,Met One SASS Quartz - STN TOT,not proven,not present in AirData daily file
fairbanks_state_building_2008-12-26,state_building,2008-12-26,02-090-0010,88403,Sulfate,Sulfate PM2.5 LC,2.92,Micrograms/cubic meter (LC),24 HOUR,812,Met One SASS/SuperSASS Nylon - Ion Chromatography,not proven,not present in AirData daily file
fairbanks_state_building_2008-12-29,state_building,2008-12-29,02-090-0010,88102,Antimony,Antimony PM2.5 LC,0,Micrograms/cubic meter (LC),24 HOUR,811,Met One SASS/SuperSASS Teflon - Energy dispersive XRF,not proven,not present in AirData daily file
fairbanks_state_building_2008-12-29,state_building,2008-12-29,02-090-0010,88103,Arsenic,Arsenic PM2.5 LC,0.00257,Micrograms/cubic meter (LC),24 HOUR,811,Met One SASS/SuperSASS Teflon - Energy dispersive XRF,not proven,not present in AirData daily file
fairbanks_state_building_2008-12-29,state_building,2008-12-29,02-090-0010,88104,Aluminum,Aluminum PM2.5 LC,0,Micrograms/cubic meter (LC),24 HOUR,811,Met One SASS/SuperSASS Teflon - Energy dispersive XRF,not proven,not present in AirData daily file
fairbanks_state_building_2008-12-29,state_building,2008-12-29,02-090-0010,88107,Barium,Barium PM2.5 LC,0,Micrograms/cubic meter (LC),24 HOUR,811,Met One SASS/SuperSASS Teflon - Energy dispersive XRF,not proven,not present in AirData daily file
fairbanks_state_building_2008-12-29,state_building,2008-12-29,02-090-0010,88109,Bromine,Bromine PM2.5 LC,0.0064,Micrograms/cubic meter (LC),24 HOUR,811,Met One SASS/SuperSASS Teflon - Energy dispersive XRF,not proven,not present in AirData daily file
fairbanks_state_building_2008-12-29,state_building,2008-12-29,02-090-0010,88110,Cadmium,Cadmium PM2.5 LC,0,Micrograms/cubic meter (LC),24 HOUR,811,Met One SASS/SuperSASS Teflon - Energy dispersive XRF,not proven,not present in AirData daily file
fairbanks_state_building_2008-12-29,state_building,2008-12-29,02-090-0010,88111,Calcium,Calcium PM2.5 LC,0.0778,Micrograms/cubic meter (LC),24 HOUR,811,Met One SASS/SuperSASS Teflon - Energy dispersive XRF,not proven,not present in AirData daily file
fairbanks_state_building_2008-12-29,state_building,2008-12-29,02-090-0010,88112,Chromium,Chromium PM2.5 LC,0.001,Micrograms/cubic meter (LC),24 HOUR,811,Met One SASS/SuperSASS Teflon - Energy dispersive XRF,not proven,not present in AirData daily file
fairbanks_state_building_2008-12-29,state_building,2008-12-29,02-090-0010,88113,Cobalt,Cobalt PM2.5 LC,0,Micrograms/cubic meter (LC),24 HOUR,811,Met One SASS/SuperSASS Teflon - Energy Dispersive XRF,not proven,not present in AirData daily file
fairbanks_state_building_2008-12-29,state_building,2008-12-29,02-090-0010,88114,Copper,Copper PM2.5 LC,0.0098,Micrograms/cubic meter (LC),24 HOUR,811,Met One SASS/SuperSASS Teflon - Energy dispersive XRF,not proven,not present in AirData daily file
fairbanks_state_building_2008-12-29,state_building,2008-12-29,02-090-0010,88115,Chlorine,Chlorine PM2.5 LC,0.226,Micrograms/cubic meter (LC),24 HOUR,811,Met One SASS/SuperSASS Teflon - Energy Dispersive XRF,not proven,not present in AirData daily file
fairbanks_state_building_2008-12-29,state_building,2008-12-29,02-090-0010,88124,Gallium,Gallium PM2.5 LC,0,Micrograms/cubic meter (LC),24 HOUR,811,Met One SASS Teflon - Energy Dispersive XRF,not proven,not present in AirData daily file
fairbanks_state_building_2008-12-29,state_building,2008-12-29,02-090-0010,88126,Iron,Iron PM2.5 LC,0.243,Micrograms/cubic meter (LC),24 HOUR,811,Met One SASS/SuperSASS Teflon - Energy Dispersive XRF,not proven,not present in AirData daily file
fairbanks_state_building_2008-12-29,state_building,2008-12-29,02-090-0010,88128,Lead,Lead PM2.5 LC,0.009,Micrograms/cubic meter (LC),24 HOUR,811,Met One SASS/SuperSASS Teflon - Energy Dispersive XRF,not proven,not present in AirData daily file
fairbanks_state_building_2008-12-29,state_building,2008-12-29,02-090-0010,88131,Indium,Indium PM2.5 LC,0,Micrograms/cubic meter (LC),24 HOUR,811,Met One SASS/SuperSASS Teflon - Energy Dispersive XRF,not proven,not present in AirData daily file
fairbanks_state_building_2008-12-29,state_building,2008-12-29,02-090-0010,88132,Manganese,Manganese PM2.5 LC,0.0064,Micrograms/cubic meter (LC),24 HOUR,811,Met One SASS/SuperSASS Teflon - Energy Dispersive XRF,not proven,not present in AirData daily file
fairbanks_state_building_2008-12-29,state_building,2008-12-29,02-090-0010,88134,Molybdenum,Molybdenum PM2.5 LC,0,Micrograms/cubic meter (LC),24 HOUR,811,Met One SASS Teflon - Energy Dispersive XRF,not proven,not present in AirData daily file
fairbanks_state_building_2008-12-29,state_building,2008-12-29,02-090-0010,88136,Nickel,Nickel PM2.5 LC,0,Micrograms/cubic meter (LC),24 HOUR,811,Met One SASS/SuperSASS Teflon - Energy Dispersive XRF,not proven,not present in AirData daily file
fairbanks_state_building_2008-12-29,state_building,2008-12-29,02-090-0010,88140,Magnesium,Magnesium PM2.5 LC,0.036,Micrograms/cubic meter (LC),24 HOUR,811,Met One SASS/SuperSASS Teflon - Energy Dispersive XRF,not proven,not present in AirData daily file
fairbanks_state_building_2008-12-29,state_building,2008-12-29,02-090-0010,88142,Mercury,Mercury PM2.5 LC,0,Micrograms/cubic meter (LC),24 HOUR,811,Met One SASS Teflon - Energy Dispersive XRF,not proven,not present in AirData daily file
fairbanks_state_building_2008-12-29,state_building,2008-12-29,02-090-0010,88146,Lanthanum,Lanthanum PM2.5 LC,0,Micrograms/cubic meter (LC),24 HOUR,811,Met One SASS Teflon - Energy Dispersive XRF,not proven,not present in AirData daily file
fairbanks_state_building_2008-12-29,state_building,2008-12-29,02-090-0010,88152,Phosphorus,Phosphorus PM2.5 LC,0,Micrograms/cubic meter (LC),24 HOUR,811,Met One SASS/SuperSASS Teflon - Energy Dispersive XRF,not proven,not present in AirData daily file
fairbanks_state_building_2008-12-29,state_building,2008-12-29,02-090-0010,88154,Selenium,Selenium PM2.5 LC,0,Micrograms/cubic meter (LC),24 HOUR,811,Met One SASS/SuperSASS Teflon - Energy Dispersive XRF,not proven,not present in AirData daily file
fairbanks_state_building_2008-12-29,state_building,2008-12-29,02-090-0010,88160,Tin,Tin PM2.5 LC,0,Micrograms/cubic meter (LC),24 HOUR,811,Met One SASS/SuperSASS Teflon - Energy Dispersive XRF,not proven,not present in AirData daily file
fairbanks_state_building_2008-12-29,state_building,2008-12-29,02-090-0010,88161,Titanium,Titanium PM2.5 LC,0,Micrograms/cubic meter (LC),24 HOUR,811,Met One SASS/SuperSASS Teflon - Energy Dispersive XRF,not proven,not present in AirData daily file
fairbanks_state_building_2008-12-29,state_building,2008-12-29,02-090-0010,88164,Vanadium,Vanadium PM2.5 LC,0.001,Micrograms/cubic meter (LC),24 HOUR,811,Met One SASS/SuperSASS Teflon - Energy Dispersive XRF,not proven,not present in AirData daily file
fairbanks_state_building_2008-12-29,state_building,2008-12-29,02-090-0010,88165,Silicon,Silicon PM2.5 LC,0.0675,Micrograms/cubic meter (LC),24 HOUR,811,Met One SASS/SuperSASS Teflon - Energy Dispersive XRF,not proven,not present in AirData daily file
fairbanks_state_building_2008-12-29,state_building,2008-12-29,02-090-0010,88166,Silver,Silver PM2.5 LC,0,Micrograms/cubic meter (LC),24 HOUR,811,Met One SASS/SuperSASS Teflon - Energy Dispersive XRF,not proven,not present in AirData daily file
fairbanks_state_building_2008-12-29,state_building,2008-12-29,02-090-0010,88167,Zinc,Zinc PM2.5 LC,0.182,Micrograms/cubic meter (LC),24 HOUR,811,Met One SASS/SuperSASS Teflon - Energy Dispersive XRF,not proven,not present in AirData daily file
fairbanks_state_building_2008-12-29,state_building,2008-12-29,02-090-0010,88168,Strontium,Strontium PM2.5 LC,0.0054,Micrograms/cubic meter (LC),24 HOUR,811,Met One SASS/SuperSASS Teflon - Energy Dispersive XRF,not proven,not present in AirData daily file
fairbanks_state_building_2008-12-29,state_building,2008-12-29,02-090-0010,88169,Sulfur,Sulfur PM2.5 LC,9.62,Micrograms/cubic meter (LC),24 HOUR,811,Met One SASS/SuperSASS Teflon - Energy Dispersive XRF,not proven,not present in AirData daily file
fairbanks_state_building_2008-12-29,state_building,2008-12-29,02-090-0010,88176,Rubidium,Rubidium PM2.5 LC,0,Micrograms/cubic meter (LC),24 HOUR,811,Met One SASS/SuperSASS Teflon - Energy Dispersive XRF,not proven,not present in AirData daily file
fairbanks_state_building_2008-12-29,state_building,2008-12-29,02-090-0010,88180,Potassium,Potassium PM2.5 LC,0.345,Micrograms/cubic meter (LC),24 HOUR,811,Met One SASS/SuperSASS Teflon - Energy Dispersive XRF,not proven,not present in AirData daily file
fairbanks_state_building_2008-12-29,state_building,2008-12-29,02-090-0010,88183,Yttrium,Yttrium PM2.5 LC,0.001,Micrograms/cubic meter (LC),24 HOUR,811,Met One SASS Teflon - Energy Dispersive XRF,not proven,not present in AirData daily file
fairbanks_state_building_2008-12-29,state_building,2008-12-29,02-090-0010,88184,Sodium,Sodium PM2.5 LC,0.209,Micrograms/cubic meter (LC),24 HOUR,811,Met One SASS/SuperSASS Teflon - Energy Dispersive XRF,not proven,not present in AirData daily file
fairbanks_state_building_2008-12-29,state_building,2008-12-29,02-090-0010,88185,Zirconium,Zirconium PM2.5 LC,0,Micrograms/cubic meter (LC),24 HOUR,811,Met One SASS/SuperSASS Teflon - Energy Dispersive XRF,not proven,not present in AirData daily file
fairbanks_state_building_2008-12-29,state_building,2008-12-29,02-090-0010,88301,Ammonium,Ammonium Ion PM2.5 LC,10.7,Micrograms/cubic meter (LC),24 HOUR,812,Met One SASS/SuperSASS Nylon - Ion Chromatography,not proven,not present in AirData daily file
fairbanks_state_building_2008-12-29,state_building,2008-12-29,02-090-0010,88302,Sodium ion,Sodium Ion Pm2.5 LC,0.16,Micrograms/cubic meter (LC),24 HOUR,812,Met One SASS/SuperSASS Nylon - Ion Chromatography,not proven,not present in AirData daily file
fairbanks_state_building_2008-12-29,state_building,2008-12-29,02-090-0010,88303,Potassium ion,Potassium Ion PM2.5 LC,0.302,Micrograms/cubic meter (LC),24 HOUR,812,Met One SASS/SuperSASS Nylon - Ion Chromatography,not proven,not present in AirData daily file
fairbanks_state_building_2008-12-29,state_building,2008-12-29,02-090-0010,88305,Organic carbon,OC CSN Unadjusted PM2.5 LC TOT,45.9,Micrograms/cubic meter (LC),24 HOUR,813,Met One SASS Quartz - STN TOT,not proven,not present in AirData daily file
fairbanks_state_building_2008-12-29,state_building,2008-12-29,02-090-0010,88306,Nitrate,Total Nitrate PM2.5 LC,1.94,Micrograms/cubic meter (LC),24 HOUR,812,Met One SASS/SuperSASS Nylon - Ion Chromatography,not proven,not present in AirData daily file
fairbanks_state_building_2008-12-29,state_building,2008-12-29,02-090-0010,88307,Elemental carbon,EC CSN PM2.5 LC TOT,4.57,Micrograms/cubic meter (LC),24 HOUR,813,Met One SASS Quartz - STN TOT,not proven,not present in AirData daily file
fairbanks_state_building_2008-12-29,state_building,2008-12-29,02-090-0010,88403,Sulfate,Sulfate PM2.5 LC,22.6,Micrograms/cubic meter (LC),24 HOUR,812,Met One SASS/SuperSASS Nylon - Ion Chromatography,not proven,not present in AirData daily file
fairbanks_state_building_2009-01-01,state_building,2009-01-01,02-090-0010,88102,Antimony,Antimony PM2.5 LC,0.018,Micrograms/cubic meter (LC),24 HOUR,811,Met One SASS/SuperSASS Teflon - Energy dispersive XRF,not proven,not present in AirData daily file
fairbanks_state_building_2009-01-01,state_building,2009-01-01,02-090-0010,88103,Arsenic,Arsenic PM2.5 LC,0.00152,Micrograms/cubic meter (LC),24 HOUR,811,Met One SASS/SuperSASS Teflon - Energy dispersive XRF,not proven,not present in AirData daily file
fairbanks_state_building_2009-01-01,state_building,2009-01-01,02-090-0010,88104,Aluminum,Aluminum PM2.5 LC,0.07,Micrograms/cubic meter (LC),24 HOUR,811,Met One SASS/SuperSASS Teflon - Energy dispersive XRF,not proven,not present in AirData daily file
fairbanks_state_building_2009-01-01,state_building,2009-01-01,02-090-0010,88107,Barium,Barium PM2.5 LC,0,Micrograms/cubic meter (LC),24 HOUR,811,Met One SASS/SuperSASS Teflon - Energy dispersive XRF,not proven,not present in AirData daily file
fairbanks_state_building_2009-01-01,state_building,2009-01-01,02-090-0010,88109,Bromine,Bromine PM2.5 LC,0.0026,Micrograms/cubic meter (LC),24 HOUR,811,Met One SASS/SuperSASS Teflon - Energy dispersive XRF,not proven,not present in AirData daily file
fairbanks_state_building_2009-01-01,state_building,2009-01-01,02-090-0010,88110,Cadmium,Cadmium PM2.5 LC,0,Micrograms/cubic meter (LC),24 HOUR,811,Met One SASS/SuperSASS Teflon - Energy dispersive XRF,not proven,not present in AirData daily file
fairbanks_state_building_2009-01-01,state_building,2009-01-01,02-090-0010,88111,Calcium,Calcium PM2.5 LC,0.0369,Micrograms/cubic meter (LC),24 HOUR,811,Met One SASS/SuperSASS Teflon - Energy dispersive XRF,not proven,not present in AirData daily file
fairbanks_state_building_2009-01-01,state_building,2009-01-01,02-090-0010,88112,Chromium,Chromium PM2.5 LC,0.01,Micrograms/cubic meter (LC),24 HOUR,811,Met One SASS/SuperSASS Teflon - Energy dispersive XRF,not proven,not present in AirData daily file
fairbanks_state_building_2009-01-01,state_building,2009-01-01,02-090-0010,88113,Cobalt,Cobalt PM2.5 LC,0,Micrograms/cubic meter (LC),24 HOUR,811,Met One SASS/SuperSASS Teflon - Energy Dispersive XRF,not proven,not present in AirData daily file
fairbanks_state_building_2009-01-01,state_building,2009-01-01,02-090-0010,88114,Copper,Copper PM2.5 LC,0.0297,Micrograms/cubic meter (LC),24 HOUR,811,Met One SASS/SuperSASS Teflon - Energy dispersive XRF,not proven,not present in AirData daily file
fairbanks_state_building_2009-01-01,state_building,2009-01-01,02-090-0010,88115,Chlorine,Chlorine PM2.5 LC,0.229,Micrograms/cubic meter (LC),24 HOUR,811,Met One SASS/SuperSASS Teflon - Energy Dispersive XRF,not proven,not present in AirData daily file
fairbanks_state_building_2009-01-01,state_building,2009-01-01,02-090-0010,88124,Gallium,Gallium PM2.5 LC,0,Micrograms/cubic meter (LC),24 HOUR,811,Met One SASS Teflon - Energy Dispersive XRF,not proven,not present in AirData daily file
fairbanks_state_building_2009-01-01,state_building,2009-01-01,02-090-0010,88126,Iron,Iron PM2.5 LC,0.0539,Micrograms/cubic meter (LC),24 HOUR,811,Met One SASS/SuperSASS Teflon - Energy Dispersive XRF,not proven,not present in AirData daily file
fairbanks_state_building_2009-01-01,state_building,2009-01-01,02-090-0010,88128,Lead,Lead PM2.5 LC,0,Micrograms/cubic meter (LC),24 HOUR,811,Met One SASS/SuperSASS Teflon - Energy Dispersive XRF,not proven,not present in AirData daily file
fairbanks_state_building_2009-01-01,state_building,2009-01-01,02-090-0010,88131,Indium,Indium PM2.5 LC,0,Micrograms/cubic meter (LC),24 HOUR,811,Met One SASS/SuperSASS Teflon - Energy Dispersive XRF,not proven,not present in AirData daily file
fairbanks_state_building_2009-01-01,state_building,2009-01-01,02-090-0010,88132,Manganese,Manganese PM2.5 LC,0.0026,Micrograms/cubic meter (LC),24 HOUR,811,Met One SASS/SuperSASS Teflon - Energy Dispersive XRF,not proven,not present in AirData daily file
fairbanks_state_building_2009-01-01,state_building,2009-01-01,02-090-0010,88134,Molybdenum,Molybdenum PM2.5 LC,0,Micrograms/cubic meter (LC),24 HOUR,811,Met One SASS Teflon - Energy Dispersive XRF,not proven,not present in AirData daily file
fairbanks_state_building_2009-01-01,state_building,2009-01-01,02-090-0010,88136,Nickel,Nickel PM2.5 LC,0.0039,Micrograms/cubic meter (LC),24 HOUR,811,Met One SASS/SuperSASS Teflon - Energy Dispersive XRF,not proven,not present in AirData daily file
fairbanks_state_building_2009-01-01,state_building,2009-01-01,02-090-0010,88140,Magnesium,Magnesium PM2.5 LC,0.096,Micrograms/cubic meter (LC),24 HOUR,811,Met One SASS/SuperSASS Teflon - Energy Dispersive XRF,not proven,not present in AirData daily file
fairbanks_state_building_2009-01-01,state_building,2009-01-01,02-090-0010,88142,Mercury,Mercury PM2.5 LC,0,Micrograms/cubic meter (LC),24 HOUR,811,Met One SASS Teflon - Energy Dispersive XRF,not proven,not present in AirData daily file
fairbanks_state_building_2009-01-01,state_building,2009-01-01,02-090-0010,88146,Lanthanum,Lanthanum PM2.5 LC,0,Micrograms/cubic meter (LC),24 HOUR,811,Met One SASS Teflon - Energy Dispersive XRF,not proven,not present in AirData daily file
fairbanks_state_building_2009-01-01,state_building,2009-01-01,02-090-0010,88152,Phosphorus,Phosphorus PM2.5 LC,0,Micrograms/cubic meter (LC),24 HOUR,811,Met One SASS/SuperSASS Teflon - Energy Dispersive XRF,not proven,not present in AirData daily file
fairbanks_state_building_2009-01-01,state_building,2009-01-01,02-090-0010,88154,Selenium,Selenium PM2.5 LC,0,Micrograms/cubic meter (LC),24 HOUR,811,Met One SASS/SuperSASS Teflon - Energy Dispersive XRF,not proven,not present in AirData daily file
fairbanks_state_building_2009-01-01,state_building,2009-01-01,02-090-0010,88160,Tin,Tin PM2.5 LC,0,Micrograms/cubic meter (LC),24 HOUR,811,Met One SASS/SuperSASS Teflon - Energy Dispersive XRF,not proven,not present in AirData daily file
fairbanks_state_building_2009-01-01,state_building,2009-01-01,02-090-0010,88161,Titanium,Titanium PM2.5 LC,0.001,Micrograms/cubic meter (LC),24 HOUR,811,Met One SASS/SuperSASS Teflon - Energy Dispersive XRF,not proven,not present in AirData daily file
fairbanks_state_building_2009-01-01,state_building,2009-01-01,02-090-0010,88164,Vanadium,Vanadium PM2.5 LC,0,Micrograms/cubic meter (LC),24 HOUR,811,Met One SASS/SuperSASS Teflon - Energy Dispersive XRF,not proven,not present in AirData daily file
fairbanks_state_building_2009-01-01,state_building,2009-01-01,02-090-0010,88165,Silicon,Silicon PM2.5 LC,0.0167,Micrograms/cubic meter (LC),24 HOUR,811,Met One SASS/SuperSASS Teflon - Energy Dispersive XRF,not proven,not present in AirData daily file
fairbanks_state_building_2009-01-01,state_building,2009-01-01,02-090-0010,88166,Silver,Silver PM2.5 LC,0,Micrograms/cubic meter (LC),24 HOUR,811,Met One SASS/SuperSASS Teflon - Energy Dispersive XRF,not proven,not present in AirData daily file
fairbanks_state_building_2009-01-01,state_building,2009-01-01,02-090-0010,88167,Zinc,Zinc PM2.5 LC,0.0895,Micrograms/cubic meter (LC),24 HOUR,811,Met One SASS/SuperSASS Teflon - Energy Dispersive XRF,not proven,not present in AirData daily file
fairbanks_state_building_2009-01-01,state_building,2009-01-01,02-090-0010,88168,Strontium,Strontium PM2.5 LC,0,Micrograms/cubic meter (LC),24 HOUR,811,Met One SASS/SuperSASS Teflon - Energy Dispersive XRF,not proven,not present in AirData daily file
fairbanks_state_building_2009-01-01,state_building,2009-01-01,02-090-0010,88169,Sulfur,Sulfur PM2.5 LC,1.77,Micrograms/cubic meter (LC),24 HOUR,811,Met One SASS/SuperSASS Teflon - Energy Dispersive XRF,not proven,not present in AirData daily file
fairbanks_state_building_2009-01-01,state_building,2009-01-01,02-090-0010,88176,Rubidium,Rubidium PM2.5 LC,0,Micrograms/cubic meter (LC),24 HOUR,811,Met One SASS/SuperSASS Teflon - Energy Dispersive XRF,not proven,not present in AirData daily file
fairbanks_state_building_2009-01-01,state_building,2009-01-01,02-090-0010,88180,Potassium,Potassium PM2.5 LC,1.21,Micrograms/cubic meter (LC),24 HOUR,811,Met One SASS/SuperSASS Teflon - Energy Dispersive XRF,not proven,not present in AirData daily file
fairbanks_state_building_2009-01-01,state_building,2009-01-01,02-090-0010,88183,Yttrium,Yttrium PM2.5 LC,0,Micrograms/cubic meter (LC),24 HOUR,811,Met One SASS Teflon - Energy Dispersive XRF,not proven,not present in AirData daily file
fairbanks_state_building_2009-01-01,state_building,2009-01-01,02-090-0010,88184,Sodium,Sodium PM2.5 LC,0.136,Micrograms/cubic meter (LC),24 HOUR,811,Met One SASS/SuperSASS Teflon - Energy Dispersive XRF,not proven,not present in AirData daily file
fairbanks_state_building_2009-01-01,state_building,2009-01-01,02-090-0010,88185,Zirconium,Zirconium PM2.5 LC,0,Micrograms/cubic meter (LC),24 HOUR,811,Met One SASS/SuperSASS Teflon - Energy Dispersive XRF,not proven,not present in AirData daily file
fairbanks_state_building_2009-01-01,state_building,2009-01-01,02-090-0010,88301,Ammonium,Ammonium Ion PM2.5 LC,1.72,Micrograms/cubic meter (LC),24 HOUR,812,Met One SASS/SuperSASS Nylon - Ion Chromatography,not proven,not present in AirData daily file
fairbanks_state_building_2009-01-01,state_building,2009-01-01,02-090-0010,88302,Sodium ion,Sodium Ion Pm2.5 LC,0.18,Micrograms/cubic meter (LC),24 HOUR,812,Met One SASS/SuperSASS Nylon - Ion Chromatography,not proven,not present in AirData daily file
fairbanks_state_building_2009-01-01,state_building,2009-01-01,02-090-0010,88303,Potassium ion,Potassium Ion PM2.5 LC,1.07,Micrograms/cubic meter (LC),24 HOUR,812,Met One SASS/SuperSASS Nylon - Ion Chromatography,not proven,not present in AirData daily file
fairbanks_state_building_2009-01-01,state_building,2009-01-01,02-090-0010,88305,Organic carbon,OC CSN Unadjusted PM2.5 LC TOT,14.2,Micrograms/cubic meter (LC),24 HOUR,813,Met One SASS Quartz - STN TOT,not proven,not present in AirData daily file
fairbanks_state_building_2009-01-01,state_building,2009-01-01,02-090-0010,88306,Nitrate,Total Nitrate PM2.5 LC,1.31,Micrograms/cubic meter (LC),24 HOUR,812,Met One SASS/SuperSASS Nylon - Ion Chromatography,not proven,not present in AirData daily file
fairbanks_state_building_2009-01-01,state_building,2009-01-01,02-090-0010,88307,Elemental carbon,EC CSN PM2.5 LC TOT,1.66,Micrograms/cubic meter (LC),24 HOUR,813,Met One SASS Quartz - STN TOT,not proven,not present in AirData daily file
fairbanks_state_building_2009-01-01,state_building,2009-01-01,02-090-0010,88403,Sulfate,Sulfate PM2.5 LC,5.39,Micrograms/cubic meter (LC),24 HOUR,812,Met One SASS/SuperSASS Nylon - Ion Chromatography,not proven,not present in AirData daily file
fairbanks_state_building_2009-01-04,state_building,2009-01-04,02-090-0010,88102,Antimony,Antimony PM2.5 LC,0,Micrograms/cubic meter (LC),24 HOUR,811,Met One SASS/SuperSASS Teflon - Energy dispersive XRF,not proven,not present in AirData daily file
fairbanks_state_building_2009-01-04,state_building,2009-01-04,02-090-0010,88103,Arsenic,Arsenic PM2.5 LC,0.001,Micrograms/cubic meter (LC),24 HOUR,811,Met One SASS/SuperSASS Teflon - Energy dispersive XRF,not proven,not present in AirData daily file
fairbanks_state_building_2009-01-04,state_building,2009-01-04,02-090-0010,88104,Aluminum,Aluminum PM2.5 LC,0.028,Micrograms/cubic meter (LC),24 HOUR,811,Met One SASS/SuperSASS Teflon - Energy dispersive XRF,not proven,not present in AirData daily file
fairbanks_state_building_2009-01-04,state_building,2009-01-04,02-090-0010,88107,Barium,Barium PM2.5 LC,0,Micrograms/cubic meter (LC),24 HOUR,811,Met One SASS/SuperSASS Teflon - Energy dispersive XRF,not proven,not present in AirData daily file
fairbanks_state_building_2009-01-04,state_building,2009-01-04,02-090-0010,88109,Bromine,Bromine PM2.5 LC,0.005,Micrograms/cubic meter (LC),24 HOUR,811,Met One SASS/SuperSASS Teflon - Energy dispersive XRF,not proven,not present in AirData daily file
fairbanks_state_building_2009-01-04,state_building,2009-01-04,02-090-0010,88110,Cadmium,Cadmium PM2.5 LC,0,Micrograms/cubic meter (LC),24 HOUR,811,Met One SASS/SuperSASS Teflon - Energy dispersive XRF,not proven,not present in AirData daily file
fairbanks_state_building_2009-01-04,state_building,2009-01-04,02-090-0010,88111,Calcium,Calcium PM2.5 LC,0.0948,Micrograms/cubic meter (LC),24 HOUR,811,Met One SASS/SuperSASS Teflon - Energy dispersive XRF,not proven,not present in AirData daily file
fairbanks_state_building_2009-01-04,state_building,2009-01-04,02-090-0010,88112,Chromium,Chromium PM2.5 LC,0.002,Micrograms/cubic meter (LC),24 HOUR,811,Met One SASS/SuperSASS Teflon - Energy dispersive XRF,not proven,not present in AirData daily file
fairbanks_state_building_2009-01-04,state_building,2009-01-04,02-090-0010,88113,Cobalt,Cobalt PM2.5 LC,0,Micrograms/cubic meter (LC),24 HOUR,811,Met One SASS/SuperSASS Teflon - Energy Dispersive XRF,not proven,not present in AirData daily file
fairbanks_state_building_2009-01-04,state_building,2009-01-04,02-090-0010,88114,Copper,Copper PM2.5 LC,0.003,Micrograms/cubic meter (LC),24 HOUR,811,Met One SASS/SuperSASS Teflon - Energy dispersive XRF,not proven,not present in AirData daily file
fairbanks_state_building_2009-01-04,state_building,2009-01-04,02-090-0010,88115,Chlorine,Chlorine PM2.5 LC,0.055,Micrograms/cubic meter (LC),24 HOUR,811,Met One SASS/SuperSASS Teflon - Energy Dispersive XRF,not proven,not present in AirData daily file
fairbanks_state_building_2009-01-04,state_building,2009-01-04,02-090-0010,88124,Gallium,Gallium PM2.5 LC,0,Micrograms/cubic meter (LC),24 HOUR,811,Met One SASS Teflon - Energy Dispersive XRF,not proven,not present in AirData daily file
fairbanks_state_building_2009-01-04,state_building,2009-01-04,02-090-0010,88126,Iron,Iron PM2.5 LC,0.0483,Micrograms/cubic meter (LC),24 HOUR,811,Met One SASS/SuperSASS Teflon - Energy Dispersive XRF,not proven,not present in AirData daily file
fairbanks_state_building_2009-01-04,state_building,2009-01-04,02-090-0010,88128,Lead,Lead PM2.5 LC,0,Micrograms/cubic meter (LC),24 HOUR,811,Met One SASS/SuperSASS Teflon - Energy Dispersive XRF,not proven,not present in AirData daily file
fairbanks_state_building_2009-01-04,state_building,2009-01-04,02-090-0010,88131,Indium,Indium PM2.5 LC,0,Micrograms/cubic meter (LC),24 HOUR,811,Met One SASS/SuperSASS Teflon - Energy Dispersive XRF,not proven,not present in AirData daily file
fairbanks_state_building_2009-01-04,state_building,2009-01-04,02-090-0010,88132,Manganese,Manganese PM2.5 LC,0,Micrograms/cubic meter (LC),24 HOUR,811,Met One SASS/SuperSASS Teflon - Energy Dispersive XRF,not proven,not present in AirData daily file
fairbanks_state_building_2009-01-04,state_building,2009-01-04,02-090-0010,88134,Molybdenum,Molybdenum PM2.5 LC,0,Micrograms/cubic meter (LC),24 HOUR,811,Met One SASS Teflon - Energy Dispersive XRF,not proven,not present in AirData daily file
fairbanks_state_building_2009-01-04,state_building,2009-01-04,02-090-0010,88136,Nickel,Nickel PM2.5 LC,0,Micrograms/cubic meter (LC),24 HOUR,811,Met One SASS/SuperSASS Teflon - Energy Dispersive XRF,not proven,not present in AirData daily file
fairbanks_state_building_2009-01-04,state_building,2009-01-04,02-090-0010,88140,Magnesium,Magnesium PM2.5 LC,0,Micrograms/cubic meter (LC),24 HOUR,811,Met One SASS/SuperSASS Teflon - Energy Dispersive XRF,not proven,not present in AirData daily file
fairbanks_state_building_2009-01-04,state_building,2009-01-04,02-090-0010,88142,Mercury,Mercury PM2.5 LC,0,Micrograms/cubic meter (LC),24 HOUR,811,Met One SASS Teflon - Energy Dispersive XRF,not proven,not present in AirData daily file
fairbanks_state_building_2009-01-04,state_building,2009-01-04,02-090-0010,88146,Lanthanum,Lanthanum PM2.5 LC,0,Micrograms/cubic meter (LC),24 HOUR,811,Met One SASS Teflon - Energy Dispersive XRF,not proven,not present in AirData daily file
fairbanks_state_building_2009-01-04,state_building,2009-01-04,02-090-0010,88152,Phosphorus,Phosphorus PM2.5 LC,0,Micrograms/cubic meter (LC),24 HOUR,811,Met One SASS/SuperSASS Teflon - Energy Dispersive XRF,not proven,not present in AirData daily file
fairbanks_state_building_2009-01-04,state_building,2009-01-04,02-090-0010,88154,Selenium,Selenium PM2.5 LC,0,Micrograms/cubic meter (LC),24 HOUR,811,Met One SASS/SuperSASS Teflon - Energy Dispersive XRF,not proven,not present in AirData daily file
fairbanks_state_building_2009-01-04,state_building,2009-01-04,02-090-0010,88160,Tin,Tin PM2.5 LC,0.001,Micrograms/cubic meter (LC),24 HOUR,811,Met One SASS/SuperSASS Teflon - Energy Dispersive XRF,not proven,not present in AirData daily file
fairbanks_state_building_2009-01-04,state_building,2009-01-04,02-090-0010,88161,Titanium,Titanium PM2.5 LC,0,Micrograms/cubic meter (LC),24 HOUR,811,Met One SASS/SuperSASS Teflon - Energy Dispersive XRF,not proven,not present in AirData daily file
fairbanks_state_building_2009-01-04,state_building,2009-01-04,02-090-0010,88164,Vanadium,Vanadium PM2.5 LC,0,Micrograms/cubic meter (LC),24 HOUR,811,Met One SASS/SuperSASS Teflon - Energy Dispersive XRF,not proven,not present in AirData daily file
fairbanks_state_building_2009-01-04,state_building,2009-01-04,02-090-0010,88165,Silicon,Silicon PM2.5 LC,0.05,Micrograms/cubic meter (LC),24 HOUR,811,Met One SASS/SuperSASS Teflon - Energy Dispersive XRF,not proven,not present in AirData daily file
fairbanks_state_building_2009-01-04,state_building,2009-01-04,02-090-0010,88166,Silver,Silver PM2.5 LC,0,Micrograms/cubic meter (LC),24 HOUR,811,Met One SASS/SuperSASS Teflon - Energy Dispersive XRF,not proven,not present in AirData daily file
fairbanks_state_building_2009-01-04,state_building,2009-01-04,02-090-0010,88167,Zinc,Zinc PM2.5 LC,0.0677,Micrograms/cubic meter (LC),24 HOUR,811,Met One SASS/SuperSASS Teflon - Energy Dispersive XRF,not proven,not present in AirData daily file
fairbanks_state_building_2009-01-04,state_building,2009-01-04,02-090-0010,88168,Strontium,Strontium PM2.5 LC,0.003,Micrograms/cubic meter (LC),24 HOUR,811,Met One SASS/SuperSASS Teflon - Energy Dispersive XRF,not proven,not present in AirData daily file
fairbanks_state_building_2009-01-04,state_building,2009-01-04,02-090-0010,88169,Sulfur,Sulfur PM2.5 LC,2.28,Micrograms/cubic meter (LC),24 HOUR,811,Met One SASS/SuperSASS Teflon - Energy Dispersive XRF,not proven,not present in AirData daily file
fairbanks_state_building_2009-01-04,state_building,2009-01-04,02-090-0010,88176,Rubidium,Rubidium PM2.5 LC,0,Micrograms/cubic meter (LC),24 HOUR,811,Met One SASS/SuperSASS Teflon - Energy Dispersive XRF,not proven,not present in AirData daily file
fairbanks_state_building_2009-01-04,state_building,2009-01-04,02-090-0010,88180,Potassium,Potassium PM2.5 LC,0.191,Micrograms/cubic meter (LC),24 HOUR,811,Met One SASS/SuperSASS Teflon - Energy Dispersive XRF,not proven,not present in AirData daily file
fairbanks_state_building_2009-01-04,state_building,2009-01-04,02-090-0010,88183,Yttrium,Yttrium PM2.5 LC,0,Micrograms/cubic meter (LC),24 HOUR,811,Met One SASS Teflon - Energy Dispersive XRF,not proven,not present in AirData daily file
fairbanks_state_building_2009-01-04,state_building,2009-01-04,02-090-0010,88184,Sodium,Sodium PM2.5 LC,0.053,Micrograms/cubic meter (LC),24 HOUR,811,Met One SASS/SuperSASS Teflon - Energy Dispersive XRF,not proven,not present in AirData daily file
fairbanks_state_building_2009-01-04,state_building,2009-01-04,02-090-0010,88185,Zirconium,Zirconium PM2.5 LC,0,Micrograms/cubic meter (LC),24 HOUR,811,Met One SASS/SuperSASS Teflon - Energy Dispersive XRF,not proven,not present in AirData daily file
fairbanks_state_building_2009-01-04,state_building,2009-01-04,02-090-0010,88301,Ammonium,Ammonium Ion PM2.5 LC,2.42,Micrograms/cubic meter (LC),24 HOUR,812,Met One SASS/SuperSASS Nylon - Ion Chromatography,not proven,not present in AirData daily file
fairbanks_state_building_2009-01-04,state_building,2009-01-04,02-090-0010,88302,Sodium ion,Sodium Ion Pm2.5 LC,0.05,Micrograms/cubic meter (LC),24 HOUR,812,Met One SASS/SuperSASS Nylon - Ion Chromatography,not proven,not present in AirData daily file
fairbanks_state_building_2009-01-04,state_building,2009-01-04,02-090-0010,88303,Potassium ion,Potassium Ion PM2.5 LC,0.196,Micrograms/cubic meter (LC),24 HOUR,812,Met One SASS/SuperSASS Nylon - Ion Chromatography,not proven,not present in AirData daily file
fairbanks_state_building_2009-01-04,state_building,2009-01-04,02-090-0010,88305,Organic carbon,OC CSN Unadjusted PM2.5 LC TOT,18.4,Micrograms/cubic meter (LC),24 HOUR,813,Met One SASS Quartz - STN TOT,not proven,not present in AirData daily file
fairbanks_state_building_2009-01-04,state_building,2009-01-04,02-090-0010,88306,Nitrate,Total Nitrate PM2.5 LC,0.885,Micrograms/cubic meter (LC),24 HOUR,812,Met One SASS/SuperSASS Nylon - Ion Chromatography,not proven,not present in AirData daily file
fairbanks_state_building_2009-01-04,state_building,2009-01-04,02-090-0010,88307,Elemental carbon,EC CSN PM2.5 LC TOT,2.48,Micrograms/cubic meter (LC),24 HOUR,813,Met One SASS Quartz - STN TOT,not proven,not present in AirData daily file
fairbanks_state_building_2009-01-04,state_building,2009-01-04,02-090-0010,88403,Sulfate,Sulfate PM2.5 LC,6.53,Micrograms/cubic meter (LC),24 HOUR,812,Met One SASS/SuperSASS Nylon - Ion Chromatography,not proven,not present in AirData daily file
fairbanks_state_building_2009-01-07,state_building,2009-01-07,02-090-0010,88102,Antimony,Antimony PM2.5 LC,0,Micrograms/cubic meter (LC),24 HOUR,811,Met One SASS/SuperSASS Teflon - Energy dispersive XRF,not proven,not present in AirData daily file
fairbanks_state_building_2009-01-07,state_building,2009-01-07,02-090-0010,88103,Arsenic,Arsenic PM2.5 LC,0.001,Micrograms/cubic meter (LC),24 HOUR,811,Met One SASS/SuperSASS Teflon - Energy dispersive XRF,not proven,not present in AirData daily file
fairbanks_state_building_2009-01-07,state_building,2009-01-07,02-090-0010,88104,Aluminum,Aluminum PM2.5 LC,0,Micrograms/cubic meter (LC),24 HOUR,811,Met One SASS/SuperSASS Teflon - Energy dispersive XRF,not proven,not present in AirData daily file
fairbanks_state_building_2009-01-07,state_building,2009-01-07,02-090-0010,88107,Barium,Barium PM2.5 LC,0,Micrograms/cubic meter (LC),24 HOUR,811,Met One SASS/SuperSASS Teflon - Energy dispersive XRF,not proven,not present in AirData daily file
fairbanks_state_building_2009-01-07,state_building,2009-01-07,02-090-0010,88109,Bromine,Bromine PM2.5 LC,0.0088,Micrograms/cubic meter (LC),24 HOUR,811,Met One SASS/SuperSASS Teflon - Energy dispersive XRF,not proven,not present in AirData daily file
fairbanks_state_building_2009-01-07,state_building,2009-01-07,02-090-0010,88110,Cadmium,Cadmium PM2.5 LC,0,Micrograms/cubic meter (LC),24 HOUR,811,Met One SASS/SuperSASS Teflon - Energy dispersive XRF,not proven,not present in AirData daily file
fairbanks_state_building_2009-01-07,state_building,2009-01-07,02-090-0010,88111,Calcium,Calcium PM2.5 LC,0.101,Micrograms/cubic meter (LC),24 HOUR,811,Met One SASS/SuperSASS Teflon - Energy dispersive XRF,not proven,not present in AirData daily file
fairbanks_state_building_2009-01-07,state_building,2009-01-07,02-090-0010,88112,Chromium,Chromium PM2.5 LC,0.0041,Micrograms/cubic meter (LC),24 HOUR,811,Met One SASS/SuperSASS Teflon - Energy dispersive XRF,not proven,not present in AirData daily file
fairbanks_state_building_2009-01-07,state_building,2009-01-07,02-090-0010,88113,Cobalt,Cobalt PM2.5 LC,0,Micrograms/cubic meter (LC),24 HOUR,811,Met One SASS/SuperSASS Teflon - Energy Dispersive XRF,not proven,not present in AirData daily file
fairbanks_state_building_2009-01-07,state_building,2009-01-07,02-090-0010,88114,Copper,Copper PM2.5 LC,0.008,Micrograms/cubic meter (LC),24 HOUR,811,Met One SASS/SuperSASS Teflon - Energy dispersive XRF,not proven,not present in AirData daily file
fairbanks_state_building_2009-01-07,state_building,2009-01-07,02-090-0010,88115,Chlorine,Chlorine PM2.5 LC,0.124,Micrograms/cubic meter (LC),24 HOUR,811,Met One SASS/SuperSASS Teflon - Energy Dispersive XRF,not proven,not present in AirData daily file
fairbanks_state_building_2009-01-07,state_building,2009-01-07,02-090-0010,88124,Gallium,Gallium PM2.5 LC,0,Micrograms/cubic meter (LC),24 HOUR,811,Met One SASS Teflon - Energy Dispersive XRF,not proven,not present in AirData daily file
fairbanks_state_building_2009-01-07,state_building,2009-01-07,02-090-0010,88126,Iron,Iron PM2.5 LC,0.102,Micrograms/cubic meter (LC),24 HOUR,811,Met One SASS/SuperSASS Teflon - Energy Dispersive XRF,not proven,not present in AirData daily file
fairbanks_state_building_2009-01-07,state_building,2009-01-07,02-090-0010,88128,Lead,Lead PM2.5 LC,0.001,Micrograms/cubic meter (LC),24 HOUR,811,Met One SASS/SuperSASS Teflon - Energy Dispersive XRF,not proven,not present in AirData daily file
fairbanks_state_building_2009-01-07,state_building,2009-01-07,02-090-0010,88131,Indium,Indium PM2.5 LC,0,Micrograms/cubic meter (LC),24 HOUR,811,Met One SASS/SuperSASS Teflon - Energy Dispersive XRF,not proven,not present in AirData daily file
fairbanks_state_building_2009-01-07,state_building,2009-01-07,02-090-0010,88132,Manganese,Manganese PM2.5 LC,0.0027,Micrograms/cubic meter (LC),24 HOUR,811,Met One SASS/SuperSASS Teflon - Energy Dispersive XRF,not proven,not present in AirData daily file
fairbanks_state_building_2009-01-07,state_building,2009-01-07,02-090-0010,88134,Molybdenum,Molybdenum PM2.5 LC,0,Micrograms/cubic meter (LC),24 HOUR,811,Met One SASS Teflon - Energy Dispersive XRF,not proven,not present in AirData daily file
fairbanks_state_building_2009-01-07,state_building,2009-01-07,02-090-0010,88136,Nickel,Nickel PM2.5 LC,0,Micrograms/cubic meter (LC),24 HOUR,811,Met One SASS/SuperSASS Teflon - Energy Dispersive XRF,not proven,not present in AirData daily file
fairbanks_state_building_2009-01-07,state_building,2009-01-07,02-090-0010,88140,Magnesium,Magnesium PM2.5 LC,0.046,Micrograms/cubic meter (LC),24 HOUR,811,Met One SASS/SuperSASS Teflon - Energy Dispersive XRF,not proven,not present in AirData daily file
fairbanks_state_building_2009-01-07,state_building,2009-01-07,02-090-0010,88142,Mercury,Mercury PM2.5 LC,0,Micrograms/cubic meter (LC),24 HOUR,811,Met One SASS Teflon - Energy Dispersive XRF,not proven,not present in AirData daily file
fairbanks_state_building_2009-01-07,state_building,2009-01-07,02-090-0010,88146,Lanthanum,Lanthanum PM2.5 LC,0,Micrograms/cubic meter (LC),24 HOUR,811,Met One SASS Teflon - Energy Dispersive XRF,not proven,not present in AirData daily file
fairbanks_state_building_2009-01-07,state_building,2009-01-07,02-090-0010,88152,Phosphorus,Phosphorus PM2.5 LC,0.019,Micrograms/cubic meter (LC),24 HOUR,811,Met One SASS/SuperSASS Teflon - Energy Dispersive XRF,not proven,not present in AirData daily file
fairbanks_state_building_2009-01-07,state_building,2009-01-07,02-090-0010,88154,Selenium,Selenium PM2.5 LC,0,Micrograms/cubic meter (LC),24 HOUR,811,Met One SASS/SuperSASS Teflon - Energy Dispersive XRF,not proven,not present in AirData daily file
fairbanks_state_building_2009-01-07,state_building,2009-01-07,02-090-0010,88160,Tin,Tin PM2.5 LC,0,Micrograms/cubic meter (LC),24 HOUR,811,Met One SASS/SuperSASS Teflon - Energy Dispersive XRF,not proven,not present in AirData daily file
fairbanks_state_building_2009-01-07,state_building,2009-01-07,02-090-0010,88161,Titanium,Titanium PM2.5 LC,0.004,Micrograms/cubic meter (LC),24 HOUR,811,Met One SASS/SuperSASS Teflon - Energy Dispersive XRF,not proven,not present in AirData daily file
fairbanks_state_building_2009-01-07,state_building,2009-01-07,02-090-0010,88164,Vanadium,Vanadium PM2.5 LC,0,Micrograms/cubic meter (LC),24 HOUR,811,Met One SASS/SuperSASS Teflon - Energy Dispersive XRF,not proven,not present in AirData daily file
fairbanks_state_building_2009-01-07,state_building,2009-01-07,02-090-0010,88165,Silicon,Silicon PM2.5 LC,0.0903,Micrograms/cubic meter (LC),24 HOUR,811,Met One SASS/SuperSASS Teflon - Energy Dispersive XRF,not proven,not present in AirData daily file
fairbanks_state_building_2009-01-07,state_building,2009-01-07,02-090-0010,88166,Silver,Silver PM2.5 LC,0,Micrograms/cubic meter (LC),24 HOUR,811,Met One SASS/SuperSASS Teflon - Energy Dispersive XRF,not proven,not present in AirData daily file
fairbanks_state_building_2009-01-07,state_building,2009-01-07,02-090-0010,88167,Zinc,Zinc PM2.5 LC,0.131,Micrograms/cubic meter (LC),24 HOUR,811,Met One SASS/SuperSASS Teflon - Energy Dispersive XRF,not proven,not present in AirData daily file
fairbanks_state_building_2009-01-07,state_building,2009-01-07,02-090-0010,88168,Strontium,Strontium PM2.5 LC,0,Micrograms/cubic meter (LC),24 HOUR,811,Met One SASS/SuperSASS Teflon - Energy Dispersive XRF,not proven,not present in AirData daily file
fairbanks_state_building_2009-01-07,state_building,2009-01-07,02-090-0010,88169,Sulfur,Sulfur PM2.5 LC,5.92,Micrograms/cubic meter (LC),24 HOUR,811,Met One SASS/SuperSASS Teflon - Energy Dispersive XRF,not proven,not present in AirData daily file
fairbanks_state_building_2009-01-07,state_building,2009-01-07,02-090-0010,88176,Rubidium,Rubidium PM2.5 LC,0,Micrograms/cubic meter (LC),24 HOUR,811,Met One SASS/SuperSASS Teflon - Energy Dispersive XRF,not proven,not present in AirData daily file
fairbanks_state_building_2009-01-07,state_building,2009-01-07,02-090-0010,88180,Potassium,Potassium PM2.5 LC,0.193,Micrograms/cubic meter (LC),24 HOUR,811,Met One SASS/SuperSASS Teflon - Energy Dispersive XRF,not proven,not present in AirData daily file
fairbanks_state_building_2009-01-07,state_building,2009-01-07,02-090-0010,88183,Yttrium,Yttrium PM2.5 LC,0,Micrograms/cubic meter (LC),24 HOUR,811,Met One SASS Teflon - Energy Dispersive XRF,not proven,not present in AirData daily file
fairbanks_state_building_2009-01-07,state_building,2009-01-07,02-090-0010,88184,Sodium,Sodium PM2.5 LC,0.221,Micrograms/cubic meter (LC),24 HOUR,811,Met One SASS/SuperSASS Teflon - Energy Dispersive XRF,not proven,not present in AirData daily file
fairbanks_state_building_2009-01-07,state_building,2009-01-07,02-090-0010,88185,Zirconium,Zirconium PM2.5 LC,0,Micrograms/cubic meter (LC),24 HOUR,811,Met One SASS/SuperSASS Teflon - Energy Dispersive XRF,not proven,not present in AirData daily file
fairbanks_state_building_2009-01-07,state_building,2009-01-07,02-090-0010,88301,Ammonium,Ammonium Ion PM2.5 LC,6.7,Micrograms/cubic meter (LC),24 HOUR,812,Met One SASS/SuperSASS Nylon - Ion Chromatography,not proven,not present in AirData daily file
fairbanks_state_building_2009-01-07,state_building,2009-01-07,02-090-0010,88302,Sodium ion,Sodium Ion Pm2.5 LC,0.19,Micrograms/cubic meter (LC),24 HOUR,812,Met One SASS/SuperSASS Nylon - Ion Chromatography,not proven,not present in AirData daily file
fairbanks_state_building_2009-01-07,state_building,2009-01-07,02-090-0010,88303,Potassium ion,Potassium Ion PM2.5 LC,0.188,Micrograms/cubic meter (LC),24 HOUR,812,Met One SASS/SuperSASS Nylon - Ion Chromatography,not proven,not present in AirData daily file
fairbanks_state_building_2009-01-07,state_building,2009-01-07,02-090-0010,88305,Organic carbon,OC CSN Unadjusted PM2.5 LC TOT,28.1,Micrograms/cubic meter (LC),24 HOUR,813,Met One SASS Quartz - STN TOT,not proven,not present in AirData daily file
fairbanks_state_building_2009-01-07,state_building,2009-01-07,02-090-0010,88306,Nitrate,Total Nitrate PM2.5 LC,1.52,Micrograms/cubic meter (LC),24 HOUR,812,Met One SASS/SuperSASS Nylon - Ion Chromatography,not proven,not present in AirData daily file
fairbanks_state_building_2009-01-07,state_building,2009-01-07,02-090-0010,88307,Elemental carbon,EC CSN PM2.5 LC TOT,3.35,Micrograms/cubic meter (LC),24 HOUR,813,Met One SASS Quartz - STN TOT,not proven,not present in AirData daily file
fairbanks_state_building_2009-01-07,state_building,2009-01-07,02-090-0010,88403,Sulfate,Sulfate PM2.5 LC,13,Micrograms/cubic meter (LC),24 HOUR,812,Met One SASS/SuperSASS Nylon - Ion Chromatography,not proven,not present in AirData daily file
fairbanks_state_building_2009-01-10,state_building,2009-01-10,02-090-0010,88102,Antimony,Antimony PM2.5 LC,0,Micrograms/cubic meter (LC),24 HOUR,811,Met One SASS/SuperSASS Teflon - Energy dispersive XRF,not proven,not present in AirData daily file
fairbanks_state_building_2009-01-10,state_building,2009-01-10,02-090-0010,88103,Arsenic,Arsenic PM2.5 LC,0,Micrograms/cubic meter (LC),24 HOUR,811,Met One SASS/SuperSASS Teflon - Energy dispersive XRF,not proven,not present in AirData daily file
fairbanks_state_building_2009-01-10,state_building,2009-01-10,02-090-0010,88104,Aluminum,Aluminum PM2.5 LC,0,Micrograms/cubic meter (LC),24 HOUR,811,Met One SASS/SuperSASS Teflon - Energy dispersive XRF,not proven,not present in AirData daily file
fairbanks_state_building_2009-01-10,state_building,2009-01-10,02-090-0010,88107,Barium,Barium PM2.5 LC,0,Micrograms/cubic meter (LC),24 HOUR,811,Met One SASS/SuperSASS Teflon - Energy dispersive XRF,not proven,not present in AirData daily file
fairbanks_state_building_2009-01-10,state_building,2009-01-10,02-090-0010,88109,Bromine,Bromine PM2.5 LC,0.0017,Micrograms/cubic meter (LC),24 HOUR,811,Met One SASS/SuperSASS Teflon - Energy dispersive XRF,not proven,not present in AirData daily file
fairbanks_state_building_2009-01-10,state_building,2009-01-10,02-090-0010,88110,Cadmium,Cadmium PM2.5 LC,0,Micrograms/cubic meter (LC),24 HOUR,811,Met One SASS/SuperSASS Teflon - Energy dispersive XRF,not proven,not present in AirData daily file
fairbanks_state_building_2009-01-10,state_building,2009-01-10,02-090-0010,88111,Calcium,Calcium PM2.5 LC,0.06,Micrograms/cubic meter (LC),24 HOUR,811,Met One SASS/SuperSASS Teflon - Energy dispersive XRF,not proven,not present in AirData daily file
fairbanks_state_building_2009-01-10,state_building,2009-01-10,02-090-0010,88112,Chromium,Chromium PM2.5 LC,0,Micrograms/cubic meter (LC),24 HOUR,811,Met One SASS/SuperSASS Teflon - Energy dispersive XRF,not proven,not present in AirData daily file
fairbanks_state_building_2009-01-10,state_building,2009-01-10,02-090-0010,88113,Cobalt,Cobalt PM2.5 LC,0.0017,Micrograms/cubic meter (LC),24 HOUR,811,Met One SASS/SuperSASS Teflon - Energy Dispersive XRF,not proven,not present in AirData daily file
fairbanks_state_building_2009-01-10,state_building,2009-01-10,02-090-0010,88114,Copper,Copper PM2.5 LC,0.0077,Micrograms/cubic meter (LC),24 HOUR,811,Met One SASS/SuperSASS Teflon - Energy dispersive XRF,not proven,not present in AirData daily file
fairbanks_state_building_2009-01-10,state_building,2009-01-10,02-090-0010,88115,Chlorine,Chlorine PM2.5 LC,0.114,Micrograms/cubic meter (LC),24 HOUR,811,Met One SASS/SuperSASS Teflon - Energy Dispersive XRF,not proven,not present in AirData daily file
fairbanks_state_building_2009-01-10,state_building,2009-01-10,02-090-0010,88124,Gallium,Gallium PM2.5 LC,0,Micrograms/cubic meter (LC),24 HOUR,811,Met One SASS Teflon - Energy Dispersive XRF,not proven,not present in AirData daily file
fairbanks_state_building_2009-01-10,state_building,2009-01-10,02-090-0010,88126,Iron,Iron PM2.5 LC,0.0483,Micrograms/cubic meter (LC),24 HOUR,811,Met One SASS/SuperSASS Teflon - Energy Dispersive XRF,not proven,not present in AirData daily file
fairbanks_state_building_2009-01-10,state_building,2009-01-10,02-090-0010,88128,Lead,Lead PM2.5 LC,0.002,Micrograms/cubic meter (LC),24 HOUR,811,Met One SASS/SuperSASS Teflon - Energy Dispersive XRF,not proven,not present in AirData daily file
fairbanks_state_building_2009-01-10,state_building,2009-01-10,02-090-0010,88131,Indium,Indium PM2.5 LC,0,Micrograms/cubic meter (LC),24 HOUR,811,Met One SASS/SuperSASS Teflon - Energy Dispersive XRF,not proven,not present in AirData daily file
fairbanks_state_building_2009-01-10,state_building,2009-01-10,02-090-0010,88132,Manganese,Manganese PM2.5 LC,0.002,Micrograms/cubic meter (LC),24 HOUR,811,Met One SASS/SuperSASS Teflon - Energy Dispersive XRF,not proven,not present in AirData daily file
fairbanks_state_building_2009-01-10,state_building,2009-01-10,02-090-0010,88134,Molybdenum,Molybdenum PM2.5 LC,0,Micrograms/cubic meter (LC),24 HOUR,811,Met One SASS Teflon - Energy Dispersive XRF,not proven,not present in AirData daily file
fairbanks_state_building_2009-01-10,state_building,2009-01-10,02-090-0010,88136,Nickel,Nickel PM2.5 LC,0,Micrograms/cubic meter (LC),24 HOUR,811,Met One SASS/SuperSASS Teflon - Energy Dispersive XRF,not proven,not present in AirData daily file
fairbanks_state_building_2009-01-10,state_building,2009-01-10,02-090-0010,88140,Magnesium,Magnesium PM2.5 LC,0.022,Micrograms/cubic meter (LC),24 HOUR,811,Met One SASS/SuperSASS Teflon - Energy Dispersive XRF,not proven,not present in AirData daily file
fairbanks_state_building_2009-01-10,state_building,2009-01-10,02-090-0010,88142,Mercury,Mercury PM2.5 LC,0.0044,Micrograms/cubic meter (LC),24 HOUR,811,Met One SASS Teflon - Energy Dispersive XRF,not proven,not present in AirData daily file
fairbanks_state_building_2009-01-10,state_building,2009-01-10,02-090-0010,88146,Lanthanum,Lanthanum PM2.5 LC,0,Micrograms/cubic meter (LC),24 HOUR,811,Met One SASS Teflon - Energy Dispersive XRF,not proven,not present in AirData daily file
fairbanks_state_building_2009-01-10,state_building,2009-01-10,02-090-0010,88152,Phosphorus,Phosphorus PM2.5 LC,0.015,Micrograms/cubic meter (LC),24 HOUR,811,Met One SASS/SuperSASS Teflon - Energy Dispersive XRF,not proven,not present in AirData daily file
fairbanks_state_building_2009-01-10,state_building,2009-01-10,02-090-0010,88154,Selenium,Selenium PM2.5 LC,0,Micrograms/cubic meter (LC),24 HOUR,811,Met One SASS/SuperSASS Teflon - Energy Dispersive XRF,not proven,not present in AirData daily file
fairbanks_state_building_2009-01-10,state_building,2009-01-10,02-090-0010,88160,Tin,Tin PM2.5 LC,0,Micrograms/cubic meter (LC),24 HOUR,811,Met One SASS/SuperSASS Teflon - Energy Dispersive XRF,not proven,not present in AirData daily file
fairbanks_state_building_2009-01-10,state_building,2009-01-10,02-090-0010,88161,Titanium,Titanium PM2.5 LC,0,Micrograms/cubic meter (LC),24 HOUR,811,Met One SASS/SuperSASS Teflon - Energy Dispersive XRF,not proven,not present in AirData daily file
fairbanks_state_building_2009-01-10,state_building,2009-01-10,02-090-0010,88164,Vanadium,Vanadium PM2.5 LC,0,Micrograms/cubic meter (LC),24 HOUR,811,Met One SASS/SuperSASS Teflon - Energy Dispersive XRF,not proven,not present in AirData daily file
fairbanks_state_building_2009-01-10,state_building,2009-01-10,02-090-0010,88165,Silicon,Silicon PM2.5 LC,0.0294,Micrograms/cubic meter (LC),24 HOUR,811,Met One SASS/SuperSASS Teflon - Energy Dispersive XRF,not proven,not present in AirData daily file
fairbanks_state_building_2009-01-10,state_building,2009-01-10,02-090-0010,88166,Silver,Silver PM2.5 LC,0,Micrograms/cubic meter (LC),24 HOUR,811,Met One SASS/SuperSASS Teflon - Energy Dispersive XRF,not proven,not present in AirData daily file
fairbanks_state_building_2009-01-10,state_building,2009-01-10,02-090-0010,88167,Zinc,Zinc PM2.5 LC,0.132,Micrograms/cubic meter (LC),24 HOUR,811,Met One SASS/SuperSASS Teflon - Energy Dispersive XRF,not proven,not present in AirData daily file
fairbanks_state_building_2009-01-10,state_building,2009-01-10,02-090-0010,88168,Strontium,Strontium PM2.5 LC,0,Micrograms/cubic meter (LC),24 HOUR,811,Met One SASS/SuperSASS Teflon - Energy Dispersive XRF,not proven,not present in AirData daily file
fairbanks_state_building_2009-01-10,state_building,2009-01-10,02-090-0010,88169,Sulfur,Sulfur PM2.5 LC,5.41,Micrograms/cubic meter (LC),24 HOUR,811,Met One SASS/SuperSASS Teflon - Energy Dispersive XRF,not proven,not present in AirData daily file
fairbanks_state_building_2009-01-10,state_building,2009-01-10,02-090-0010,88176,Rubidium,Rubidium PM2.5 LC,0,Micrograms/cubic meter (LC),24 HOUR,811,Met One SASS/SuperSASS Teflon - Energy Dispersive XRF,not proven,not present in AirData daily file
fairbanks_state_building_2009-01-10,state_building,2009-01-10,02-090-0010,88180,Potassium,Potassium PM2.5 LC,0.185,Micrograms/cubic meter (LC),24 HOUR,811,Met One SASS/SuperSASS Teflon - Energy Dispersive XRF,not proven,not present in AirData daily file
fairbanks_state_building_2009-01-10,state_building,2009-01-10,02-090-0010,88183,Yttrium,Yttrium PM2.5 LC,0,Micrograms/cubic meter (LC),24 HOUR,811,Met One SASS Teflon - Energy Dispersive XRF,not proven,not present in AirData daily file
fairbanks_state_building_2009-01-10,state_building,2009-01-10,02-090-0010,88184,Sodium,Sodium PM2.5 LC,0.118,Micrograms/cubic meter (LC),24 HOUR,811,Met One SASS/SuperSASS Teflon - Energy Dispersive XRF,not proven,not present in AirData daily file
fairbanks_state_building_2009-01-10,state_building,2009-01-10,02-090-0010,88185,Zirconium,Zirconium PM2.5 LC,0,Micrograms/cubic meter (LC),24 HOUR,811,Met One SASS/SuperSASS Teflon - Energy Dispersive XRF,not proven,not present in AirData daily file
fairbanks_state_building_2009-01-10,state_building,2009-01-10,02-090-0010,88301,Ammonium,Ammonium Ion PM2.5 LC,6.36,Micrograms/cubic meter (LC),24 HOUR,812,Met One SASS/SuperSASS Nylon - Ion Chromatography,not proven,not present in AirData daily file
fairbanks_state_building_2009-01-10,state_building,2009-01-10,02-090-0010,88302,Sodium ion,Sodium Ion Pm2.5 LC,0.08,Micrograms/cubic meter (LC),24 HOUR,812,Met One SASS/SuperSASS Nylon - Ion Chromatography,not proven,not present in AirData daily file
fairbanks_state_building_2009-01-10,state_building,2009-01-10,02-090-0010,88303,Potassium ion,Potassium Ion PM2.5 LC,0.184,Micrograms/cubic meter (LC),24 HOUR,812,Met One SASS/SuperSASS Nylon - Ion Chromatography,not proven,not present in AirData daily file
fairbanks_state_building_2009-01-10,state_building,2009-01-10,02-090-0010,88305,Organic carbon,OC CSN Unadjusted PM2.5 LC TOT,26.9,Micrograms/cubic meter (LC),24 HOUR,813,Met One SASS Quartz - STN TOT,not proven,not present in AirData daily file
fairbanks_state_building_2009-01-10,state_building,2009-01-10,02-090-0010,88306,Nitrate,Total Nitrate PM2.5 LC,1.34,Micrograms/cubic meter (LC),24 HOUR,812,Met One SASS/SuperSASS Nylon - Ion Chromatography,not proven,not present in AirData daily file
fairbanks_state_building_2009-01-10,state_building,2009-01-10,02-090-0010,88307,Elemental carbon,EC CSN PM2.5 LC TOT,2.23,Micrograms/cubic meter (LC),24 HOUR,813,Met One SASS Quartz - STN TOT,not proven,not present in AirData daily file
fairbanks_state_building_2009-01-10,state_building,2009-01-10,02-090-0010,88403,Sulfate,Sulfate PM2.5 LC,12.4,Micrograms/cubic meter (LC),24 HOUR,812,Met One SASS/SuperSASS Nylon - Ion Chromatography,not proven,not present in AirData daily file
fairbanks_state_building_2009-01-13,state_building,2009-01-13,02-090-0010,88102,Antimony,Antimony PM2.5 LC,0,Micrograms/cubic meter (LC),24 HOUR,811,Met One SASS/SuperSASS Teflon - Energy dispersive XRF,not proven,not present in AirData daily file
fairbanks_state_building_2009-01-13,state_building,2009-01-13,02-090-0010,88103,Arsenic,Arsenic PM2.5 LC,0,Micrograms/cubic meter (LC),24 HOUR,811,Met One SASS/SuperSASS Teflon - Energy dispersive XRF,not proven,not present in AirData daily file
fairbanks_state_building_2009-01-13,state_building,2009-01-13,02-090-0010,88104,Aluminum,Aluminum PM2.5 LC,0.026,Micrograms/cubic meter (LC),24 HOUR,811,Met One SASS/SuperSASS Teflon - Energy dispersive XRF,not proven,not present in AirData daily file
fairbanks_state_building_2009-01-13,state_building,2009-01-13,02-090-0010,88107,Barium,Barium PM2.5 LC,0,Micrograms/cubic meter (LC),24 HOUR,811,Met One SASS/SuperSASS Teflon - Energy dispersive XRF,not proven,not present in AirData daily file
fairbanks_state_building_2009-01-13,state_building,2009-01-13,02-090-0010,88109,Bromine,Bromine PM2.5 LC,0.0052,Micrograms/cubic meter (LC),24 HOUR,811,Met One SASS/SuperSASS Teflon - Energy dispersive XRF,not proven,not present in AirData daily file
fairbanks_state_building_2009-01-13,state_building,2009-01-13,02-090-0010,88110,Cadmium,Cadmium PM2.5 LC,0.009,Micrograms/cubic meter (LC),24 HOUR,811,Met One SASS/SuperSASS Teflon - Energy dispersive XRF,not proven,not present in AirData daily file
fairbanks_state_building_2009-01-13,state_building,2009-01-13,02-090-0010,88111,Calcium,Calcium PM2.5 LC,0.0731,Micrograms/cubic meter (LC),24 HOUR,811,Met One SASS/SuperSASS Teflon - Energy dispersive XRF,not proven,not present in AirData daily file
fairbanks_state_building_2009-01-13,state_building,2009-01-13,02-090-0010,88112,Chromium,Chromium PM2.5 LC,0.0028,Micrograms/cubic meter (LC),24 HOUR,811,Met One SASS/SuperSASS Teflon - Energy dispersive XRF,not proven,not present in AirData daily file
fairbanks_state_building_2009-01-13,state_building,2009-01-13,02-090-0010,88113,Cobalt,Cobalt PM2.5 LC,0,Micrograms/cubic meter (LC),24 HOUR,811,Met One SASS/SuperSASS Teflon - Energy Dispersive XRF,not proven,not present in AirData daily file
fairbanks_state_building_2009-01-13,state_building,2009-01-13,02-090-0010,88114,Copper,Copper PM2.5 LC,0.0065,Micrograms/cubic meter (LC),24 HOUR,811,Met One SASS/SuperSASS Teflon - Energy dispersive XRF,not proven,not present in AirData daily file
fairbanks_state_building_2009-01-13,state_building,2009-01-13,02-090-0010,88115,Chlorine,Chlorine PM2.5 LC,0.105,Micrograms/cubic meter (LC),24 HOUR,811,Met One SASS/SuperSASS Teflon - Energy Dispersive XRF,not proven,not present in AirData daily file
fairbanks_state_building_2009-01-13,state_building,2009-01-13,02-090-0010,88124,Gallium,Gallium PM2.5 LC,0,Micrograms/cubic meter (LC),24 HOUR,811,Met One SASS Teflon - Energy Dispersive XRF,not proven,not present in AirData daily file
fairbanks_state_building_2009-01-13,state_building,2009-01-13,02-090-0010,88126,Iron,Iron PM2.5 LC,0.128,Micrograms/cubic meter (LC),24 HOUR,811,Met One SASS/SuperSASS Teflon - Energy Dispersive XRF,not proven,not present in AirData daily file
fairbanks_state_building_2009-01-13,state_building,2009-01-13,02-090-0010,88128,Lead,Lead PM2.5 LC,0,Micrograms/cubic meter (LC),24 HOUR,811,Met One SASS/SuperSASS Teflon - Energy Dispersive XRF,not proven,not present in AirData daily file
fairbanks_state_building_2009-01-13,state_building,2009-01-13,02-090-0010,88131,Indium,Indium PM2.5 LC,0,Micrograms/cubic meter (LC),24 HOUR,811,Met One SASS/SuperSASS Teflon - Energy Dispersive XRF,not proven,not present in AirData daily file
fairbanks_state_building_2009-01-13,state_building,2009-01-13,02-090-0010,88132,Manganese,Manganese PM2.5 LC,0.0057,Micrograms/cubic meter (LC),24 HOUR,811,Met One SASS/SuperSASS Teflon - Energy Dispersive XRF,not proven,not present in AirData daily file
fairbanks_state_building_2009-01-13,state_building,2009-01-13,02-090-0010,88134,Molybdenum,Molybdenum PM2.5 LC,0,Micrograms/cubic meter (LC),24 HOUR,811,Met One SASS Teflon - Energy Dispersive XRF,not proven,not present in AirData daily file
fairbanks_state_building_2009-01-13,state_building,2009-01-13,02-090-0010,88136,Nickel,Nickel PM2.5 LC,0,Micrograms/cubic meter (LC),24 HOUR,811,Met One SASS/SuperSASS Teflon - Energy Dispersive XRF,not proven,not present in AirData daily file
fairbanks_state_building_2009-01-13,state_building,2009-01-13,02-090-0010,88140,Magnesium,Magnesium PM2.5 LC,0.012,Micrograms/cubic meter (LC),24 HOUR,811,Met One SASS/SuperSASS Teflon - Energy Dispersive XRF,not proven,not present in AirData daily file
fairbanks_state_building_2009-01-13,state_building,2009-01-13,02-090-0010,88142,Mercury,Mercury PM2.5 LC,0,Micrograms/cubic meter (LC),24 HOUR,811,Met One SASS Teflon - Energy Dispersive XRF,not proven,not present in AirData daily file
fairbanks_state_building_2009-01-13,state_building,2009-01-13,02-090-0010,88146,Lanthanum,Lanthanum PM2.5 LC,0,Micrograms/cubic meter (LC),24 HOUR,811,Met One SASS Teflon - Energy Dispersive XRF,not proven,not present in AirData daily file
fairbanks_state_building_2009-01-13,state_building,2009-01-13,02-090-0010,88152,Phosphorus,Phosphorus PM2.5 LC,0.001,Micrograms/cubic meter (LC),24 HOUR,811,Met One SASS/SuperSASS Teflon - Energy Dispersive XRF,not proven,not present in AirData daily file
fairbanks_state_building_2009-01-13,state_building,2009-01-13,02-090-0010,88154,Selenium,Selenium PM2.5 LC,0,Micrograms/cubic meter (LC),24 HOUR,811,Met One SASS/SuperSASS Teflon - Energy Dispersive XRF,not proven,not present in AirData daily file
fairbanks_state_building_2009-01-13,state_building,2009-01-13,02-090-0010,88160,Tin,Tin PM2.5 LC,0,Micrograms/cubic meter (LC),24 HOUR,811,Met One SASS/SuperSASS Teflon - Energy Dispersive XRF,not proven,not present in AirData daily file
fairbanks_state_building_2009-01-13,state_building,2009-01-13,02-090-0010,88161,Titanium,Titanium PM2.5 LC,0.001,Micrograms/cubic meter (LC),24 HOUR,811,Met One SASS/SuperSASS Teflon - Energy Dispersive XRF,not proven,not present in AirData daily file
fairbanks_state_building_2009-01-13,state_building,2009-01-13,02-090-0010,88164,Vanadium,Vanadium PM2.5 LC,0.003,Micrograms/cubic meter (LC),24 HOUR,811,Met One SASS/SuperSASS Teflon - Energy Dispersive XRF,not proven,not present in AirData daily file
fairbanks_state_building_2009-01-13,state_building,2009-01-13,02-090-0010,88165,Silicon,Silicon PM2.5 LC,0.082,Micrograms/cubic meter (LC),24 HOUR,811,Met One SASS/SuperSASS Teflon - Energy Dispersive XRF,not proven,not present in AirData daily file
fairbanks_state_building_2009-01-13,state_building,2009-01-13,02-090-0010,88166,Silver,Silver PM2.5 LC,0,Micrograms/cubic meter (LC),24 HOUR,811,Met One SASS/SuperSASS Teflon - Energy Dispersive XRF,not proven,not present in AirData daily file
fairbanks_state_building_2009-01-13,state_building,2009-01-13,02-090-0010,88167,Zinc,Zinc PM2.5 LC,0.103,Micrograms/cubic meter (LC),24 HOUR,811,Met One SASS/SuperSASS Teflon - Energy Dispersive XRF,not proven,not present in AirData daily file
fairbanks_state_building_2009-01-13,state_building,2009-01-13,02-090-0010,88168,Strontium,Strontium PM2.5 LC,0.0113,Micrograms/cubic meter (LC),24 HOUR,811,Met One SASS/SuperSASS Teflon - Energy Dispersive XRF,not proven,not present in AirData daily file
fairbanks_state_building_2009-01-13,state_building,2009-01-13,02-090-0010,88169,Sulfur,Sulfur PM2.5 LC,2.17,Micrograms/cubic meter (LC),24 HOUR,811,Met One SASS/SuperSASS Teflon - Energy Dispersive XRF,not proven,not present in AirData daily file
fairbanks_state_building_2009-01-13,state_building,2009-01-13,02-090-0010,88176,Rubidium,Rubidium PM2.5 LC,0,Micrograms/cubic meter (LC),24 HOUR,811,Met One SASS/SuperSASS Teflon - Energy Dispersive XRF,not proven,not present in AirData daily file
fairbanks_state_building_2009-01-13,state_building,2009-01-13,02-090-0010,88180,Potassium,Potassium PM2.5 LC,0.14,Micrograms/cubic meter (LC),24 HOUR,811,Met One SASS/SuperSASS Teflon - Energy Dispersive XRF,not proven,not present in AirData daily file
fairbanks_state_building_2009-01-13,state_building,2009-01-13,02-090-0010,88183,Yttrium,Yttrium PM2.5 LC,0,Micrograms/cubic meter (LC),24 HOUR,811,Met One SASS Teflon - Energy Dispersive XRF,not proven,not present in AirData daily file
fairbanks_state_building_2009-01-13,state_building,2009-01-13,02-090-0010,88184,Sodium,Sodium PM2.5 LC,0.089,Micrograms/cubic meter (LC),24 HOUR,811,Met One SASS/SuperSASS Teflon - Energy Dispersive XRF,not proven,not present in AirData daily file
fairbanks_state_building_2009-01-13,state_building,2009-01-13,02-090-0010,88185,Zirconium,Zirconium PM2.5 LC,0,Micrograms/cubic meter (LC),24 HOUR,811,Met One SASS/SuperSASS Teflon - Energy Dispersive XRF,not proven,not present in AirData daily file
fairbanks_state_building_2009-01-13,state_building,2009-01-13,02-090-0010,88301,Ammonium,Ammonium Ion PM2.5 LC,2.65,Micrograms/cubic meter (LC),24 HOUR,812,Met One SASS/SuperSASS Nylon - Ion Chromatography,not proven,not present in AirData daily file
fairbanks_state_building_2009-01-13,state_building,2009-01-13,02-090-0010,88302,Sodium ion,Sodium Ion Pm2.5 LC,0.059,Micrograms/cubic meter (LC),24 HOUR,812,Met One SASS/SuperSASS Nylon - Ion Chromatography,not proven,not present in AirData daily file
fairbanks_state_building_2009-01-13,state_building,2009-01-13,02-090-0010,88303,Potassium ion,Potassium Ion PM2.5 LC,0.101,Micrograms/cubic meter (LC),24 HOUR,812,Met One SASS/SuperSASS Nylon - Ion Chromatography,not proven,not present in AirData daily file
fairbanks_state_building_2009-01-13,state_building,2009-01-13,02-090-0010,88305,Organic carbon,OC CSN Unadjusted PM2.5 LC TOT,16.9,Micrograms/cubic meter (LC),24 HOUR,813,Met One SASS Quartz - STN TOT,not proven,not present in AirData daily file
fairbanks_state_building_2009-01-13,state_building,2009-01-13,02-090-0010,88306,Nitrate,Total Nitrate PM2.5 LC,1.99,Micrograms/cubic meter (LC),24 HOUR,812,Met One SASS/SuperSASS Nylon - Ion Chromatography,not proven,not present in AirData daily file
fairbanks_state_building_2009-01-13,state_building,2009-01-13,02-090-0010,88307,Elemental carbon,EC CSN PM2.5 LC TOT,2.7,Micrograms/cubic meter (LC),24 HOUR,813,Met One SASS Quartz - STN TOT,not proven,not present in AirData daily file
fairbanks_state_building_2009-01-13,state_building,2009-01-13,02-090-0010,88403,Sulfate,Sulfate PM2.5 LC,5.7,Micrograms/cubic meter (LC),24 HOUR,812,Met One SASS/SuperSASS Nylon - Ion Chromatography,not proven,not present in AirData daily file
fairbanks_state_building_2009-01-16,state_building,2009-01-16,02-090-0010,88102,Antimony,Antimony PM2.5 LC,0,Micrograms/cubic meter (LC),24 HOUR,811,Met One SASS/SuperSASS Teflon - Energy dispersive XRF,not proven,not present in AirData daily file
fairbanks_state_building_2009-01-16,state_building,2009-01-16,02-090-0010,88103,Arsenic,Arsenic PM2.5 LC,0,Micrograms/cubic meter (LC),24 HOUR,811,Met One SASS/SuperSASS Teflon - Energy dispersive XRF,not proven,not present in AirData daily file
fairbanks_state_building_2009-01-16,state_building,2009-01-16,02-090-0010,88104,Aluminum,Aluminum PM2.5 LC,0.024,Micrograms/cubic meter (LC),24 HOUR,811,Met One SASS/SuperSASS Teflon - Energy dispersive XRF,not proven,not present in AirData daily file
fairbanks_state_building_2009-01-16,state_building,2009-01-16,02-090-0010,88107,Barium,Barium PM2.5 LC,0.001,Micrograms/cubic meter (LC),24 HOUR,811,Met One SASS/SuperSASS Teflon - Energy dispersive XRF,not proven,not present in AirData daily file
fairbanks_state_building_2009-01-16,state_building,2009-01-16,02-090-0010,88109,Bromine,Bromine PM2.5 LC,0.001,Micrograms/cubic meter (LC),24 HOUR,811,Met One SASS/SuperSASS Teflon - Energy dispersive XRF,not proven,not present in AirData daily file
fairbanks_state_building_2009-01-16,state_building,2009-01-16,02-090-0010,88110,Cadmium,Cadmium PM2.5 LC,0.002,Micrograms/cubic meter (LC),24 HOUR,811,Met One SASS/SuperSASS Teflon - Energy dispersive XRF,not proven,not present in AirData daily file
fairbanks_state_building_2009-01-16,state_building,2009-01-16,02-090-0010,88111,Calcium,Calcium PM2.5 LC,0.004,Micrograms/cubic meter (LC),24 HOUR,811,Met One SASS/SuperSASS Teflon - Energy dispersive XRF,not proven,not present in AirData daily file
fairbanks_state_building_2009-01-16,state_building,2009-01-16,02-090-0010,88112,Chromium,Chromium PM2.5 LC,0.002,Micrograms/cubic meter (LC),24 HOUR,811,Met One SASS/SuperSASS Teflon - Energy dispersive XRF,not proven,not present in AirData daily file
fairbanks_state_building_2009-01-16,state_building,2009-01-16,02-090-0010,88113,Cobalt,Cobalt PM2.5 LC,0,Micrograms/cubic meter (LC),24 HOUR,811,Met One SASS/SuperSASS Teflon - Energy Dispersive XRF,not proven,not present in AirData daily file
fairbanks_state_building_2009-01-16,state_building,2009-01-16,02-090-0010,88114,Copper,Copper PM2.5 LC,0.001,Micrograms/cubic meter (LC),24 HOUR,811,Met One SASS/SuperSASS Teflon - Energy dispersive XRF,not proven,not present in AirData daily file
fairbanks_state_building_2009-01-16,state_building,2009-01-16,02-090-0010,88115,Chlorine,Chlorine PM2.5 LC,0.013,Micrograms/cubic meter (LC),24 HOUR,811,Met One SASS/SuperSASS Teflon - Energy Dispersive XRF,not proven,not present in AirData daily file
fairbanks_state_building_2009-01-16,state_building,2009-01-16,02-090-0010,88124,Gallium,Gallium PM2.5 LC,0.001,Micrograms/cubic meter (LC),24 HOUR,811,Met One SASS Teflon - Energy Dispersive XRF,not proven,not present in AirData daily file
fairbanks_state_building_2009-01-16,state_building,2009-01-16,02-090-0010,88126,Iron,Iron PM2.5 LC,0.0101,Micrograms/cubic meter (LC),24 HOUR,811,Met One SASS/SuperSASS Teflon - Energy Dispersive XRF,not proven,not present in AirData daily file
fairbanks_state_building_2009-01-16,state_building,2009-01-16,02-090-0010,88128,Lead,Lead PM2.5 LC,0.004,Micrograms/cubic meter (LC),24 HOUR,811,Met One SASS/SuperSASS Teflon - Energy Dispersive XRF,not proven,not present in AirData daily file
fairbanks_state_building_2009-01-16,state_building,2009-01-16,02-090-0010,88131,Indium,Indium PM2.5 LC,0.001,Micrograms/cubic meter (LC),24 HOUR,811,Met One SASS/SuperSASS Teflon - Energy Dispersive XRF,not proven,not present in AirData daily file
fairbanks_state_building_2009-01-16,state_building,2009-01-16,02-090-0010,88132,Manganese,Manganese PM2.5 LC,0,Micrograms/cubic meter (LC),24 HOUR,811,Met One SASS/SuperSASS Teflon - Energy Dispersive XRF,not proven,not present in AirData daily file
fairbanks_state_building_2009-01-16,state_building,2009-01-16,02-090-0010,88134,Molybdenum,Molybdenum PM2.5 LC,0.003,Micrograms/cubic meter (LC),24 HOUR,811,Met One SASS Teflon - Energy Dispersive XRF,not proven,not present in AirData daily file
fairbanks_state_building_2009-01-16,state_building,2009-01-16,02-090-0010,88136,Nickel,Nickel PM2.5 LC,0,Micrograms/cubic meter (LC),24 HOUR,811,Met One SASS/SuperSASS Teflon - Energy Dispersive XRF,not proven,not present in AirData daily file
fairbanks_state_building_2009-01-16,state_building,2009-01-16,02-090-0010,88140,Magnesium,Magnesium PM2.5 LC,0.002,Micrograms/cubic meter (LC),24 HOUR,811,Met One SASS/SuperSASS Teflon - Energy Dispersive XRF,not proven,not present in AirData daily file
fairbanks_state_building_2009-01-16,state_building,2009-01-16,02-090-0010,88142,Mercury,Mercury PM2.5 LC,0,Micrograms/cubic meter (LC),24 HOUR,811,Met One SASS Teflon - Energy Dispersive XRF,not proven,not present in AirData daily file
fairbanks_state_building_2009-01-16,state_building,2009-01-16,02-090-0010,88146,Lanthanum,Lanthanum PM2.5 LC,0,Micrograms/cubic meter (LC),24 HOUR,811,Met One SASS Teflon - Energy Dispersive XRF,not proven,not present in AirData daily file
fairbanks_state_building_2009-01-16,state_building,2009-01-16,02-090-0010,88152,Phosphorus,Phosphorus PM2.5 LC,0.001,Micrograms/cubic meter (LC),24 HOUR,811,Met One SASS/SuperSASS Teflon - Energy Dispersive XRF,not proven,not present in AirData daily file
fairbanks_state_building_2009-01-16,state_building,2009-01-16,02-090-0010,88154,Selenium,Selenium PM2.5 LC,0.001,Micrograms/cubic meter (LC),24 HOUR,811,Met One SASS/SuperSASS Teflon - Energy Dispersive XRF,not proven,not present in AirData daily file
fairbanks_state_building_2009-01-16,state_building,2009-01-16,02-090-0010,88160,Tin,Tin PM2.5 LC,0,Micrograms/cubic meter (LC),24 HOUR,811,Met One SASS/SuperSASS Teflon - Energy Dispersive XRF,not proven,not present in AirData daily file
fairbanks_state_building_2009-01-16,state_building,2009-01-16,02-090-0010,88161,Titanium,Titanium PM2.5 LC,0.001,Micrograms/cubic meter (LC),24 HOUR,811,Met One SASS/SuperSASS Teflon - Energy Dispersive XRF,not proven,not present in AirData daily file
fairbanks_state_building_2009-01-16,state_building,2009-01-16,02-090-0010,88164,Vanadium,Vanadium PM2.5 LC,0.001,Micrograms/cubic meter (LC),24 HOUR,811,Met One SASS/SuperSASS Teflon - Energy Dispersive XRF,not proven,not present in AirData daily file
fairbanks_state_building_2009-01-16,state_building,2009-01-16,02-090-0010,88165,Silicon,Silicon PM2.5 LC,0.012,Micrograms/cubic meter (LC),24 HOUR,811,Met One SASS/SuperSASS Teflon - Energy Dispersive XRF,not proven,not present in AirData daily file
fairbanks_state_building_2009-01-16,state_building,2009-01-16,02-090-0010,88166,Silver,Silver PM2.5 LC,0.009,Micrograms/cubic meter (LC),24 HOUR,811,Met One SASS/SuperSASS Teflon - Energy Dispersive XRF,not proven,not present in AirData daily file
fairbanks_state_building_2009-01-16,state_building,2009-01-16,02-090-0010,88167,Zinc,Zinc PM2.5 LC,0,Micrograms/cubic meter (LC),24 HOUR,811,Met One SASS/SuperSASS Teflon - Energy Dispersive XRF,not proven,not present in AirData daily file
fairbanks_state_building_2009-01-16,state_building,2009-01-16,02-090-0010,88168,Strontium,Strontium PM2.5 LC,0.001,Micrograms/cubic meter (LC),24 HOUR,811,Met One SASS/SuperSASS Teflon - Energy Dispersive XRF,not proven,not present in AirData daily file
fairbanks_state_building_2009-01-16,state_building,2009-01-16,02-090-0010,88169,Sulfur,Sulfur PM2.5 LC,0.152,Micrograms/cubic meter (LC),24 HOUR,811,Met One SASS/SuperSASS Teflon - Energy Dispersive XRF,not proven,not present in AirData daily file
fairbanks_state_building_2009-01-16,state_building,2009-01-16,02-090-0010,88176,Rubidium,Rubidium PM2.5 LC,0,Micrograms/cubic meter (LC),24 HOUR,811,Met One SASS/SuperSASS Teflon - Energy Dispersive XRF,not proven,not present in AirData daily file
fairbanks_state_building_2009-01-16,state_building,2009-01-16,02-090-0010,88180,Potassium,Potassium PM2.5 LC,0.0103,Micrograms/cubic meter (LC),24 HOUR,811,Met One SASS/SuperSASS Teflon - Energy Dispersive XRF,not proven,not present in AirData daily file
fairbanks_state_building_2009-01-16,state_building,2009-01-16,02-090-0010,88183,Yttrium,Yttrium PM2.5 LC,0.002,Micrograms/cubic meter (LC),24 HOUR,811,Met One SASS Teflon - Energy Dispersive XRF,not proven,not present in AirData daily file
fairbanks_state_building_2009-01-16,state_building,2009-01-16,02-090-0010,88184,Sodium,Sodium PM2.5 LC,0.05,Micrograms/cubic meter (LC),24 HOUR,811,Met One SASS/SuperSASS Teflon - Energy Dispersive XRF,not proven,not present in AirData daily file
fairbanks_state_building_2009-01-16,state_building,2009-01-16,02-090-0010,88185,Zirconium,Zirconium PM2.5 LC,0.002,Micrograms/cubic meter (LC),24 HOUR,811,Met One SASS/SuperSASS Teflon - Energy Dispersive XRF,not proven,not present in AirData daily file
fairbanks_state_building_2009-01-16,state_building,2009-01-16,02-090-0010,88301,Ammonium,Ammonium Ion PM2.5 LC,0.131,Micrograms/cubic meter (LC),24 HOUR,812,Met One SASS/SuperSASS Nylon - Ion Chromatography,not proven,not present in AirData daily file
fairbanks_state_building_2009-01-16,state_building,2009-01-16,02-090-0010,88302,Sodium ion,Sodium Ion Pm2.5 LC,0.07,Micrograms/cubic meter (LC),24 HOUR,812,Met One SASS/SuperSASS Nylon - Ion Chromatography,not proven,not present in AirData daily file
fairbanks_state_building_2009-01-16,state_building,2009-01-16,02-090-0010,88303,Potassium ion,Potassium Ion PM2.5 LC,0,Micrograms/cubic meter (LC),24 HOUR,812,Met One SASS/SuperSASS Nylon - Ion Chromatography,not proven,not present in AirData daily file
fairbanks_state_building_2009-01-16,state_building,2009-01-16,02-090-0010,88305,Organic carbon,OC CSN Unadjusted PM2.5 LC TOT,3.5,Micrograms/cubic meter (LC),24 HOUR,813,Met One SASS Quartz - STN TOT,not proven,not present in AirData daily file
fairbanks_state_building_2009-01-16,state_building,2009-01-16,02-090-0010,88306,Nitrate,Total Nitrate PM2.5 LC,0.202,Micrograms/cubic meter (LC),24 HOUR,812,Met One SASS/SuperSASS Nylon - Ion Chromatography,not proven,not present in AirData daily file
fairbanks_state_building_2009-01-16,state_building,2009-01-16,02-090-0010,88307,Elemental carbon,EC CSN PM2.5 LC TOT,0.22,Micrograms/cubic meter (LC),24 HOUR,813,Met One SASS Quartz - STN TOT,not proven,not present in AirData daily file
fairbanks_state_building_2009-01-16,state_building,2009-01-16,02-090-0010,88403,Sulfate,Sulfate PM2.5 LC,0.72,Micrograms/cubic meter (LC),24 HOUR,812,Met One SASS/SuperSASS Nylon - Ion Chromatography,not proven,not present in AirData daily file
fairbanks_state_building_2009-01-19,state_building,2009-01-19,02-090-0010,88102,Antimony,Antimony PM2.5 LC,0,Micrograms/cubic meter (LC),24 HOUR,811,Met One SASS/SuperSASS Teflon - Energy dispersive XRF,not proven,not present in AirData daily file
fairbanks_state_building_2009-01-19,state_building,2009-01-19,02-090-0010,88103,Arsenic,Arsenic PM2.5 LC,0,Micrograms/cubic meter (LC),24 HOUR,811,Met One SASS/SuperSASS Teflon - Energy dispersive XRF,not proven,not present in AirData daily file
fairbanks_state_building_2009-01-19,state_building,2009-01-19,02-090-0010,88104,Aluminum,Aluminum PM2.5 LC,0,Micrograms/cubic meter (LC),24 HOUR,811,Met One SASS/SuperSASS Teflon - Energy dispersive XRF,not proven,not present in AirData daily file
fairbanks_state_building_2009-01-19,state_building,2009-01-19,02-090-0010,88107,Barium,Barium PM2.5 LC,0,Micrograms/cubic meter (LC),24 HOUR,811,Met One SASS/SuperSASS Teflon - Energy dispersive XRF,not proven,not present in AirData daily file
fairbanks_state_building_2009-01-19,state_building,2009-01-19,02-090-0010,88109,Bromine,Bromine PM2.5 LC,0.0033,Micrograms/cubic meter (LC),24 HOUR,811,Met One SASS/SuperSASS Teflon - Energy dispersive XRF,not proven,not present in AirData daily file
fairbanks_state_building_2009-01-19,state_building,2009-01-19,02-090-0010,88110,Cadmium,Cadmium PM2.5 LC,0,Micrograms/cubic meter (LC),24 HOUR,811,Met One SASS/SuperSASS Teflon - Energy dispersive XRF,not proven,not present in AirData daily file
fairbanks_state_building_2009-01-19,state_building,2009-01-19,02-090-0010,88111,Calcium,Calcium PM2.5 LC,0.0117,Micrograms/cubic meter (LC),24 HOUR,811,Met One SASS/SuperSASS Teflon - Energy dispersive XRF,not proven,not present in AirData daily file
fairbanks_state_building_2009-01-19,state_building,2009-01-19,02-090-0010,88112,Chromium,Chromium PM2.5 LC,0.001,Micrograms/cubic meter (LC),24 HOUR,811,Met One SASS/SuperSASS Teflon - Energy dispersive XRF,not proven,not present in AirData daily file
fairbanks_state_building_2009-01-19,state_building,2009-01-19,02-090-0010,88113,Cobalt,Cobalt PM2.5 LC,0,Micrograms/cubic meter (LC),24 HOUR,811,Met One SASS/SuperSASS Teflon - Energy Dispersive XRF,not proven,not present in AirData daily file
fairbanks_state_building_2009-01-19,state_building,2009-01-19,02-090-0010,88114,Copper,Copper PM2.5 LC,0,Micrograms/cubic meter (LC),24 HOUR,811,Met One SASS/SuperSASS Teflon - Energy dispersive XRF,not proven,not present in AirData daily file
fairbanks_state_building_2009-01-19,state_building,2009-01-19,02-090-0010,88115,Chlorine,Chlorine PM2.5 LC,0.028,Micrograms/cubic meter (LC),24 HOUR,811,Met One SASS/SuperSASS Teflon - Energy Dispersive XRF,not proven,not present in AirData daily file
fairbanks_state_building_2009-01-19,state_building,2009-01-19,02-090-0010,88124,Gallium,Gallium PM2.5 LC,0,Micrograms/cubic meter (LC),24 HOUR,811,Met One SASS Teflon - Energy Dispersive XRF,not proven,not present in AirData daily file
fairbanks_state_building_2009-01-19,state_building,2009-01-19,02-090-0010,88126,Iron,Iron PM2.5 LC,0.0124,Micrograms/cubic meter (LC),24 HOUR,811,Met One SASS/SuperSASS Teflon - Energy Dispersive XRF,not proven,not present in AirData daily file
fairbanks_state_building_2009-01-19,state_building,2009-01-19,02-090-0010,88128,Lead,Lead PM2.5 LC,0,Micrograms/cubic meter (LC),24 HOUR,811,Met One SASS/SuperSASS Teflon - Energy Dispersive XRF,not proven,not present in AirData daily file
fairbanks_state_building_2009-01-19,state_building,2009-01-19,02-090-0010,88131,Indium,Indium PM2.5 LC,0,Micrograms/cubic meter (LC),24 HOUR,811,Met One SASS/SuperSASS Teflon - Energy Dispersive XRF,not proven,not present in AirData daily file
fairbanks_state_building_2009-01-19,state_building,2009-01-19,02-090-0010,88132,Manganese,Manganese PM2.5 LC,0,Micrograms/cubic meter (LC),24 HOUR,811,Met One SASS/SuperSASS Teflon - Energy Dispersive XRF,not proven,not present in AirData daily file
fairbanks_state_building_2009-01-19,state_building,2009-01-19,02-090-0010,88134,Molybdenum,Molybdenum PM2.5 LC,0,Micrograms/cubic meter (LC),24 HOUR,811,Met One SASS Teflon - Energy Dispersive XRF,not proven,not present in AirData daily file
fairbanks_state_building_2009-01-19,state_building,2009-01-19,02-090-0010,88136,Nickel,Nickel PM2.5 LC,0,Micrograms/cubic meter (LC),24 HOUR,811,Met One SASS/SuperSASS Teflon - Energy Dispersive XRF,not proven,not present in AirData daily file
fairbanks_state_building_2009-01-19,state_building,2009-01-19,02-090-0010,88140,Magnesium,Magnesium PM2.5 LC,0.027,Micrograms/cubic meter (LC),24 HOUR,811,Met One SASS/SuperSASS Teflon - Energy Dispersive XRF,not proven,not present in AirData daily file
fairbanks_state_building_2009-01-19,state_building,2009-01-19,02-090-0010,88142,Mercury,Mercury PM2.5 LC,0,Micrograms/cubic meter (LC),24 HOUR,811,Met One SASS Teflon - Energy Dispersive XRF,not proven,not present in AirData daily file
fairbanks_state_building_2009-01-19,state_building,2009-01-19,02-090-0010,88146,Lanthanum,Lanthanum PM2.5 LC,0,Micrograms/cubic meter (LC),24 HOUR,811,Met One SASS Teflon - Energy Dispersive XRF,not proven,not present in AirData daily file
fairbanks_state_building_2009-01-19,state_building,2009-01-19,02-090-0010,88152,Phosphorus,Phosphorus PM2.5 LC,0,Micrograms/cubic meter (LC),24 HOUR,811,Met One SASS/SuperSASS Teflon - Energy Dispersive XRF,not proven,not present in AirData daily file
fairbanks_state_building_2009-01-19,state_building,2009-01-19,02-090-0010,88154,Selenium,Selenium PM2.5 LC,0,Micrograms/cubic meter (LC),24 HOUR,811,Met One SASS/SuperSASS Teflon - Energy Dispersive XRF,not proven,not present in AirData daily file
fairbanks_state_building_2009-01-19,state_building,2009-01-19,02-090-0010,88160,Tin,Tin PM2.5 LC,0,Micrograms/cubic meter (LC),24 HOUR,811,Met One SASS/SuperSASS Teflon - Energy Dispersive XRF,not proven,not present in AirData daily file
fairbanks_state_building_2009-01-19,state_building,2009-01-19,02-090-0010,88161,Titanium,Titanium PM2.5 LC,0,Micrograms/cubic meter (LC),24 HOUR,811,Met One SASS/SuperSASS Teflon - Energy Dispersive XRF,not proven,not present in AirData daily file
fairbanks_state_building_2009-01-19,state_building,2009-01-19,02-090-0010,88164,Vanadium,Vanadium PM2.5 LC,0,Micrograms/cubic meter (LC),24 HOUR,811,Met One SASS/SuperSASS Teflon - Energy Dispersive XRF,not proven,not present in AirData daily file
fairbanks_state_building_2009-01-19,state_building,2009-01-19,02-090-0010,88165,Silicon,Silicon PM2.5 LC,0,Micrograms/cubic meter (LC),24 HOUR,811,Met One SASS/SuperSASS Teflon - Energy Dispersive XRF,not proven,not present in AirData daily file
fairbanks_state_building_2009-01-19,state_building,2009-01-19,02-090-0010,88166,Silver,Silver PM2.5 LC,0,Micrograms/cubic meter (LC),24 HOUR,811,Met One SASS/SuperSASS Teflon - Energy Dispersive XRF,not proven,not present in AirData daily file
fairbanks_state_building_2009-01-19,state_building,2009-01-19,02-090-0010,88167,Zinc,Zinc PM2.5 LC,0.0074,Micrograms/cubic meter (LC),24 HOUR,811,Met One SASS/SuperSASS Teflon - Energy Dispersive XRF,not proven,not present in AirData daily file
fairbanks_state_building_2009-01-19,state_building,2009-01-19,02-090-0010,88168,Strontium,Strontium PM2.5 LC,0,Micrograms/cubic meter (LC),24 HOUR,811,Met One SASS/SuperSASS Teflon - Energy Dispersive XRF,not proven,not present in AirData daily file
fairbanks_state_building_2009-01-19,state_building,2009-01-19,02-090-0010,88169,Sulfur,Sulfur PM2.5 LC,0.58,Micrograms/cubic meter (LC),24 HOUR,811,Met One SASS/SuperSASS Teflon - Energy Dispersive XRF,not proven,not present in AirData daily file
fairbanks_state_building_2009-01-19,state_building,2009-01-19,02-090-0010,88176,Rubidium,Rubidium PM2.5 LC,0,Micrograms/cubic meter (LC),24 HOUR,811,Met One SASS/SuperSASS Teflon - Energy Dispersive XRF,not proven,not present in AirData daily file
fairbanks_state_building_2009-01-19,state_building,2009-01-19,02-090-0010,88180,Potassium,Potassium PM2.5 LC,0.0268,Micrograms/cubic meter (LC),24 HOUR,811,Met One SASS/SuperSASS Teflon - Energy Dispersive XRF,not proven,not present in AirData daily file
fairbanks_state_building_2009-01-19,state_building,2009-01-19,02-090-0010,88183,Yttrium,Yttrium PM2.5 LC,0,Micrograms/cubic meter (LC),24 HOUR,811,Met One SASS Teflon - Energy Dispersive XRF,not proven,not present in AirData daily file
fairbanks_state_building_2009-01-19,state_building,2009-01-19,02-090-0010,88184,Sodium,Sodium PM2.5 LC,0.229,Micrograms/cubic meter (LC),24 HOUR,811,Met One SASS/SuperSASS Teflon - Energy Dispersive XRF,not proven,not present in AirData daily file
fairbanks_state_building_2009-01-19,state_building,2009-01-19,02-090-0010,88185,Zirconium,Zirconium PM2.5 LC,0,Micrograms/cubic meter (LC),24 HOUR,811,Met One SASS/SuperSASS Teflon - Energy Dispersive XRF,not proven,not present in AirData daily file
fairbanks_state_building_2009-01-19,state_building,2009-01-19,02-090-0010,88301,Ammonium,Ammonium Ion PM2.5 LC,0.635,Micrograms/cubic meter (LC),24 HOUR,812,Met One SASS/SuperSASS Nylon - Ion Chromatography,not proven,not present in AirData daily file
fairbanks_state_building_2009-01-19,state_building,2009-01-19,02-090-0010,88302,Sodium ion,Sodium Ion Pm2.5 LC,0.27,Micrograms/cubic meter (LC),24 HOUR,812,Met One SASS/SuperSASS Nylon - Ion Chromatography,not proven,not present in AirData daily file
fairbanks_state_building_2009-01-19,state_building,2009-01-19,02-090-0010,88303,Potassium ion,Potassium Ion PM2.5 LC,0,Micrograms/cubic meter (LC),24 HOUR,812,Met One SASS/SuperSASS Nylon - Ion Chromatography,not proven,not present in AirData daily file
fairbanks_state_building_2009-01-19,state_building,2009-01-19,02-090-0010,88305,Organic carbon,OC CSN Unadjusted PM2.5 LC TOT,3.13,Micrograms/cubic meter (LC),24 HOUR,813,Met One SASS Quartz - STN TOT,not proven,not present in AirData daily file
fairbanks_state_building_2009-01-19,state_building,2009-01-19,02-090-0010,88306,Nitrate,Total Nitrate PM2.5 LC,0.996,Micrograms/cubic meter (LC),24 HOUR,812,Met One SASS/SuperSASS Nylon - Ion Chromatography,not proven,not present in AirData daily file
fairbanks_state_building_2009-01-19,state_building,2009-01-19,02-090-0010,88307,Elemental carbon,EC CSN PM2.5 LC TOT,0.51,Micrograms/cubic meter (LC),24 HOUR,813,Met One SASS Quartz - STN TOT,not proven,not present in AirData daily file
fairbanks_state_building_2009-01-19,state_building,2009-01-19,02-090-0010,88403,Sulfate,Sulfate PM2.5 LC,1.71,Micrograms/cubic meter (LC),24 HOUR,812,Met One SASS/SuperSASS Nylon - Ion Chromatography,not proven,not present in AirData daily file
fairbanks_state_building_2009-01-22,state_building,2009-01-22,02-090-0010,88102,Antimony,Antimony PM2.5 LC,0,Micrograms/cubic meter (LC),24 HOUR,811,Met One SASS/SuperSASS Teflon - Energy dispersive XRF,not proven,not present in AirData daily file
fairbanks_state_building_2009-01-22,state_building,2009-01-22,02-090-0010,88103,Arsenic,Arsenic PM2.5 LC,0,Micrograms/cubic meter (LC),24 HOUR,811,Met One SASS/SuperSASS Teflon - Energy dispersive XRF,not proven,not present in AirData daily file
fairbanks_state_building_2009-01-22,state_building,2009-01-22,02-090-0010,88104,Aluminum,Aluminum PM2.5 LC,0.005,Micrograms/cubic meter (LC),24 HOUR,811,Met One SASS/SuperSASS Teflon - Energy dispersive XRF,not proven,not present in AirData daily file
fairbanks_state_building_2009-01-22,state_building,2009-01-22,02-090-0010,88107,Barium,Barium PM2.5 LC,0,Micrograms/cubic meter (LC),24 HOUR,811,Met One SASS/SuperSASS Teflon - Energy dispersive XRF,not proven,not present in AirData daily file
fairbanks_state_building_2009-01-22,state_building,2009-01-22,02-090-0010,88109,Bromine,Bromine PM2.5 LC,0.0023,Micrograms/cubic meter (LC),24 HOUR,811,Met One SASS/SuperSASS Teflon - Energy dispersive XRF,not proven,not present in AirData daily file
fairbanks_state_building_2009-01-22,state_building,2009-01-22,02-090-0010,88110,Cadmium,Cadmium PM2.5 LC,0,Micrograms/cubic meter (LC),24 HOUR,811,Met One SASS/SuperSASS Teflon - Energy dispersive XRF,not proven,not present in AirData daily file
fairbanks_state_building_2009-01-22,state_building,2009-01-22,02-090-0010,88111,Calcium,Calcium PM2.5 LC,0.0141,Micrograms/cubic meter (LC),24 HOUR,811,Met One SASS/SuperSASS Teflon - Energy dispersive XRF,not proven,not present in AirData daily file
fairbanks_state_building_2009-01-22,state_building,2009-01-22,02-090-0010,88112,Chromium,Chromium PM2.5 LC,0.002,Micrograms/cubic meter (LC),24 HOUR,811,Met One SASS/SuperSASS Teflon - Energy dispersive XRF,not proven,not present in AirData daily file
fairbanks_state_building_2009-01-22,state_building,2009-01-22,02-090-0010,88113,Cobalt,Cobalt PM2.5 LC,0.001,Micrograms/cubic meter (LC),24 HOUR,811,Met One SASS/SuperSASS Teflon - Energy Dispersive XRF,not proven,not present in AirData daily file
fairbanks_state_building_2009-01-22,state_building,2009-01-22,02-090-0010,88114,Copper,Copper PM2.5 LC,0,Micrograms/cubic meter (LC),24 HOUR,811,Met One SASS/SuperSASS Teflon - Energy dispersive XRF,not proven,not present in AirData daily file
fairbanks_state_building_2009-01-22,state_building,2009-01-22,02-090-0010,88115,Chlorine,Chlorine PM2.5 LC,0.0376,Micrograms/cubic meter (LC),24 HOUR,811,Met One SASS/SuperSASS Teflon - Energy Dispersive XRF,not proven,not present in AirData daily file
fairbanks_state_building_2009-01-22,state_building,2009-01-22,02-090-0010,88124,Gallium,Gallium PM2.5 LC,0.001,Micrograms/cubic meter (LC),24 HOUR,811,Met One SASS Teflon - Energy Dispersive XRF,not proven,not present in AirData daily file
fairbanks_state_building_2009-01-22,state_building,2009-01-22,02-090-0010,88126,Iron,Iron PM2.5 LC,0.0121,Micrograms/cubic meter (LC),24 HOUR,811,Met One SASS/SuperSASS Teflon - Energy Dispersive XRF,not proven,not present in AirData daily file
fairbanks_state_building_2009-01-22,state_building,2009-01-22,02-090-0010,88128,Lead,Lead PM2.5 LC,0.002,Micrograms/cubic meter (LC),24 HOUR,811,Met One SASS/SuperSASS Teflon - Energy Dispersive XRF,not proven,not present in AirData daily file
fairbanks_state_building_2009-01-22,state_building,2009-01-22,02-090-0010,88131,Indium,Indium PM2.5 LC,0,Micrograms/cubic meter (LC),24 HOUR,811,Met One SASS/SuperSASS Teflon - Energy Dispersive XRF,not proven,not present in AirData daily file
fairbanks_state_building_2009-01-22,state_building,2009-01-22,02-090-0010,88132,Manganese,Manganese PM2.5 LC,0.001,Micrograms/cubic meter (LC),24 HOUR,811,Met One SASS/SuperSASS Teflon - Energy Dispersive XRF,not proven,not present in AirData daily file
fairbanks_state_building_2009-01-22,state_building,2009-01-22,02-090-0010,88134,Molybdenum,Molybdenum PM2.5 LC,0,Micrograms/cubic meter (LC),24 HOUR,811,Met One SASS Teflon - Energy Dispersive XRF,not proven,not present in AirData daily file
fairbanks_state_building_2009-01-22,state_building,2009-01-22,02-090-0010,88136,Nickel,Nickel PM2.5 LC,0.001,Micrograms/cubic meter (LC),24 HOUR,811,Met One SASS/SuperSASS Teflon - Energy Dispersive XRF,not proven,not present in AirData daily file
fairbanks_state_building_2009-01-22,state_building,2009-01-22,02-090-0010,88140,Magnesium,Magnesium PM2.5 LC,0,Micrograms/cubic meter (LC),24 HOUR,811,Met One SASS/SuperSASS Teflon - Energy Dispersive XRF,not proven,not present in AirData daily file
fairbanks_state_building_2009-01-22,state_building,2009-01-22,02-090-0010,88142,Mercury,Mercury PM2.5 LC,0,Micrograms/cubic meter (LC),24 HOUR,811,Met One SASS Teflon - Energy Dispersive XRF,not proven,not present in AirData daily file
fairbanks_state_building_2009-01-22,state_building,2009-01-22,02-090-0010,88146,Lanthanum,Lanthanum PM2.5 LC,0,Micrograms/cubic meter (LC),24 HOUR,811,Met One SASS Teflon - Energy Dispersive XRF,not proven,not present in AirData daily file
fairbanks_state_building_2009-01-22,state_building,2009-01-22,02-090-0010,88152,Phosphorus,Phosphorus PM2.5 LC,0,Micrograms/cubic meter (LC),24 HOUR,811,Met One SASS/SuperSASS Teflon - Energy Dispersive XRF,not proven,not present in AirData daily file
fairbanks_state_building_2009-01-22,state_building,2009-01-22,02-090-0010,88154,Selenium,Selenium PM2.5 LC,0,Micrograms/cubic meter (LC),24 HOUR,811,Met One SASS/SuperSASS Teflon - Energy Dispersive XRF,not proven,not present in AirData daily file
fairbanks_state_building_2009-01-22,state_building,2009-01-22,02-090-0010,88160,Tin,Tin PM2.5 LC,0.001,Micrograms/cubic meter (LC),24 HOUR,811,Met One SASS/SuperSASS Teflon - Energy Dispersive XRF,not proven,not present in AirData daily file
fairbanks_state_building_2009-01-22,state_building,2009-01-22,02-090-0010,88161,Titanium,Titanium PM2.5 LC,0.003,Micrograms/cubic meter (LC),24 HOUR,811,Met One SASS/SuperSASS Teflon - Energy Dispersive XRF,not proven,not present in AirData daily file
fairbanks_state_building_2009-01-22,state_building,2009-01-22,02-090-0010,88164,Vanadium,Vanadium PM2.5 LC,0,Micrograms/cubic meter (LC),24 HOUR,811,Met One SASS/SuperSASS Teflon - Energy Dispersive XRF,not proven,not present in AirData daily file
fairbanks_state_building_2009-01-22,state_building,2009-01-22,02-090-0010,88165,Silicon,Silicon PM2.5 LC,0.018,Micrograms/cubic meter (LC),24 HOUR,811,Met One SASS/SuperSASS Teflon - Energy Dispersive XRF,not proven,not present in AirData daily file
fairbanks_state_building_2009-01-22,state_building,2009-01-22,02-090-0010,88166,Silver,Silver PM2.5 LC,0,Micrograms/cubic meter (LC),24 HOUR,811,Met One SASS/SuperSASS Teflon - Energy Dispersive XRF,not proven,not present in AirData daily file
fairbanks_state_building_2009-01-22,state_building,2009-01-22,02-090-0010,88167,Zinc,Zinc PM2.5 LC,0.0101,Micrograms/cubic meter (LC),24 HOUR,811,Met One SASS/SuperSASS Teflon - Energy Dispersive XRF,not proven,not present in AirData daily file
fairbanks_state_building_2009-01-22,state_building,2009-01-22,02-090-0010,88168,Strontium,Strontium PM2.5 LC,0,Micrograms/cubic meter (LC),24 HOUR,811,Met One SASS/SuperSASS Teflon - Energy Dispersive XRF,not proven,not present in AirData daily file
fairbanks_state_building_2009-01-22,state_building,2009-01-22,02-090-0010,88169,Sulfur,Sulfur PM2.5 LC,0.47,Micrograms/cubic meter (LC),24 HOUR,811,Met One SASS/SuperSASS Teflon - Energy Dispersive XRF,not proven,not present in AirData daily file
fairbanks_state_building_2009-01-22,state_building,2009-01-22,02-090-0010,88176,Rubidium,Rubidium PM2.5 LC,0,Micrograms/cubic meter (LC),24 HOUR,811,Met One SASS/SuperSASS Teflon - Energy Dispersive XRF,not proven,not present in AirData daily file
fairbanks_state_building_2009-01-22,state_building,2009-01-22,02-090-0010,88180,Potassium,Potassium PM2.5 LC,0.0279,Micrograms/cubic meter (LC),24 HOUR,811,Met One SASS/SuperSASS Teflon - Energy Dispersive XRF,not proven,not present in AirData daily file
fairbanks_state_building_2009-01-22,state_building,2009-01-22,02-090-0010,88183,Yttrium,Yttrium PM2.5 LC,0,Micrograms/cubic meter (LC),24 HOUR,811,Met One SASS Teflon - Energy Dispersive XRF,not proven,not present in AirData daily file
fairbanks_state_building_2009-01-22,state_building,2009-01-22,02-090-0010,88184,Sodium,Sodium PM2.5 LC,0.067,Micrograms/cubic meter (LC),24 HOUR,811,Met One SASS/SuperSASS Teflon - Energy Dispersive XRF,not proven,not present in AirData daily file
fairbanks_state_building_2009-01-22,state_building,2009-01-22,02-090-0010,88185,Zirconium,Zirconium PM2.5 LC,0,Micrograms/cubic meter (LC),24 HOUR,811,Met One SASS/SuperSASS Teflon - Energy Dispersive XRF,not proven,not present in AirData daily file
fairbanks_state_building_2009-01-22,state_building,2009-01-22,02-090-0010,88301,Ammonium,Ammonium Ion PM2.5 LC,0.454,Micrograms/cubic meter (LC),24 HOUR,812,Met One SASS/SuperSASS Nylon - Ion Chromatography,not proven,not present in AirData daily file
fairbanks_state_building_2009-01-22,state_building,2009-01-22,02-090-0010,88302,Sodium ion,Sodium Ion Pm2.5 LC,0.077,Micrograms/cubic meter (LC),24 HOUR,812,Met One SASS/SuperSASS Nylon - Ion Chromatography,not proven,not present in AirData daily file
fairbanks_state_building_2009-01-22,state_building,2009-01-22,02-090-0010,88303,Potassium ion,Potassium Ion PM2.5 LC,0.038,Micrograms/cubic meter (LC),24 HOUR,812,Met One SASS/SuperSASS Nylon - Ion Chromatography,not proven,not present in AirData daily file
fairbanks_state_building_2009-01-22,state_building,2009-01-22,02-090-0010,88305,Organic carbon,OC CSN Unadjusted PM2.5 LC TOT,4.12,Micrograms/cubic meter (LC),24 HOUR,813,Met One SASS Quartz - STN TOT,not proven,not present in AirData daily file
fairbanks_state_building_2009-01-22,state_building,2009-01-22,02-090-0010,88306,Nitrate,Total Nitrate PM2.5 LC,0.272,Micrograms/cubic meter (LC),24 HOUR,812,Met One SASS/SuperSASS Nylon - Ion Chromatography,not proven,not present in AirData daily file
fairbanks_state_building_2009-01-22,state_building,2009-01-22,02-090-0010,88307,Elemental carbon,EC CSN PM2.5 LC TOT,0.34,Micrograms/cubic meter (LC),24 HOUR,813,Met One SASS Quartz - STN TOT,not proven,not present in AirData daily file
fairbanks_state_building_2009-01-22,state_building,2009-01-22,02-090-0010,88403,Sulfate,Sulfate PM2.5 LC,1.47,Micrograms/cubic meter (LC),24 HOUR,812,Met One SASS/SuperSASS Nylon - Ion Chromatography,not proven,not present in AirData daily file
fairbanks_state_building_2009-01-25,state_building,2009-01-25,02-090-0010,88102,Antimony,Antimony PM2.5 LC,0,Micrograms/cubic meter (LC),24 HOUR,811,Met One SASS/SuperSASS Teflon - Energy dispersive XRF,not proven,not present in AirData daily file
fairbanks_state_building_2009-01-25,state_building,2009-01-25,02-090-0010,88103,Arsenic,Arsenic PM2.5 LC,0,Micrograms/cubic meter (LC),24 HOUR,811,Met One SASS/SuperSASS Teflon - Energy dispersive XRF,not proven,not present in AirData daily file
fairbanks_state_building_2009-01-25,state_building,2009-01-25,02-090-0010,88104,Aluminum,Aluminum PM2.5 LC,0.023,Micrograms/cubic meter (LC),24 HOUR,811,Met One SASS/SuperSASS Teflon - Energy dispersive XRF,not proven,not present in AirData daily file
fairbanks_state_building_2009-01-25,state_building,2009-01-25,02-090-0010,88107,Barium,Barium PM2.5 LC,0,Micrograms/cubic meter (LC),24 HOUR,811,Met One SASS/SuperSASS Teflon - Energy dispersive XRF,not proven,not present in AirData daily file
fairbanks_state_building_2009-01-25,state_building,2009-01-25,02-090-0010,88109,Bromine,Bromine PM2.5 LC,0.0049,Micrograms/cubic meter (LC),24 HOUR,811,Met One SASS/SuperSASS Teflon - Energy dispersive XRF,not proven,not present in AirData daily file
fairbanks_state_building_2009-01-25,state_building,2009-01-25,02-090-0010,88110,Cadmium,Cadmium PM2.5 LC,0,Micrograms/cubic meter (LC),24 HOUR,811,Met One SASS/SuperSASS Teflon - Energy dispersive XRF,not proven,not present in AirData daily file
fairbanks_state_building_2009-01-25,state_building,2009-01-25,02-090-0010,88111,Calcium,Calcium PM2.5 LC,0.041,Micrograms/cubic meter (LC),24 HOUR,811,Met One SASS/SuperSASS Teflon - Energy dispersive XRF,not proven,not present in AirData daily file
fairbanks_state_building_2009-01-25,state_building,2009-01-25,02-090-0010,88112,Chromium,Chromium PM2.5 LC,0.001,Micrograms/cubic meter (LC),24 HOUR,811,Met One SASS/SuperSASS Teflon - Energy dispersive XRF,not proven,not present in AirData daily file
fairbanks_state_building_2009-01-25,state_building,2009-01-25,02-090-0010,88113,Cobalt,Cobalt PM2.5 LC,0,Micrograms/cubic meter (LC),24 HOUR,811,Met One SASS/SuperSASS Teflon - Energy Dispersive XRF,not proven,not present in AirData daily file
fairbanks_state_building_2009-01-25,state_building,2009-01-25,02-090-0010,88114,Copper,Copper PM2.5 LC,0.0035,Micrograms/cubic meter (LC),24 HOUR,811,Met One SASS/SuperSASS Teflon - Energy dispersive XRF,not proven,not present in AirData daily file
fairbanks_state_building_2009-01-25,state_building,2009-01-25,02-090-0010,88115,Chlorine,Chlorine PM2.5 LC,0.08,Micrograms/cubic meter (LC),24 HOUR,811,Met One SASS/SuperSASS Teflon - Energy Dispersive XRF,not proven,not present in AirData daily file
fairbanks_state_building_2009-01-25,state_building,2009-01-25,02-090-0010,88124,Gallium,Gallium PM2.5 LC,0,Micrograms/cubic meter (LC),24 HOUR,811,Met One SASS Teflon - Energy Dispersive XRF,not proven,not present in AirData daily file
fairbanks_state_building_2009-01-25,state_building,2009-01-25,02-090-0010,88126,Iron,Iron PM2.5 LC,0.0284,Micrograms/cubic meter (LC),24 HOUR,811,Met One SASS/SuperSASS Teflon - Energy Dispersive XRF,not proven,not present in AirData daily file
fairbanks_state_building_2009-01-25,state_building,2009-01-25,02-090-0010,88128,Lead,Lead PM2.5 LC,0.002,Micrograms/cubic meter (LC),24 HOUR,811,Met One SASS/SuperSASS Teflon - Energy Dispersive XRF,not proven,not present in AirData daily file
fairbanks_state_building_2009-01-25,state_building,2009-01-25,02-090-0010,88131,Indium,Indium PM2.5 LC,0.008,Micrograms/cubic meter (LC),24 HOUR,811,Met One SASS/SuperSASS Teflon - Energy Dispersive XRF,not proven,not present in AirData daily file
fairbanks_state_building_2009-01-25,state_building,2009-01-25,02-090-0010,88132,Manganese,Manganese PM2.5 LC,0,Micrograms/cubic meter (LC),24 HOUR,811,Met One SASS/SuperSASS Teflon - Energy Dispersive XRF,not proven,not present in AirData daily file
fairbanks_state_building_2009-01-25,state_building,2009-01-25,02-090-0010,88134,Molybdenum,Molybdenum PM2.5 LC,0,Micrograms/cubic meter (LC),24 HOUR,811,Met One SASS Teflon - Energy Dispersive XRF,not proven,not present in AirData daily file
fairbanks_state_building_2009-01-25,state_building,2009-01-25,02-090-0010,88136,Nickel,Nickel PM2.5 LC,0,Micrograms/cubic meter (LC),24 HOUR,811,Met One SASS/SuperSASS Teflon - Energy Dispersive XRF,not proven,not present in AirData daily file
fairbanks_state_building_2009-01-25,state_building,2009-01-25,02-090-0010,88140,Magnesium,Magnesium PM2.5 LC,0.004,Micrograms/cubic meter (LC),24 HOUR,811,Met One SASS/SuperSASS Teflon - Energy Dispersive XRF,not proven,not present in AirData daily file
fairbanks_state_building_2009-01-25,state_building,2009-01-25,02-090-0010,88142,Mercury,Mercury PM2.5 LC,0,Micrograms/cubic meter (LC),24 HOUR,811,Met One SASS Teflon - Energy Dispersive XRF,not proven,not present in AirData daily file
fairbanks_state_building_2009-01-25,state_building,2009-01-25,02-090-0010,88146,Lanthanum,Lanthanum PM2.5 LC,0,Micrograms/cubic meter (LC),24 HOUR,811,Met One SASS Teflon - Energy Dispersive XRF,not proven,not present in AirData daily file
fairbanks_state_building_2009-01-25,state_building,2009-01-25,02-090-0010,88152,Phosphorus,Phosphorus PM2.5 LC,0.009,Micrograms/cubic meter (LC),24 HOUR,811,Met One SASS/SuperSASS Teflon - Energy Dispersive XRF,not proven,not present in AirData daily file
fairbanks_state_building_2009-01-25,state_building,2009-01-25,02-090-0010,88154,Selenium,Selenium PM2.5 LC,0.001,Micrograms/cubic meter (LC),24 HOUR,811,Met One SASS/SuperSASS Teflon - Energy Dispersive XRF,not proven,not present in AirData daily file
fairbanks_state_building_2009-01-25,state_building,2009-01-25,02-090-0010,88160,Tin,Tin PM2.5 LC,0,Micrograms/cubic meter (LC),24 HOUR,811,Met One SASS/SuperSASS Teflon - Energy Dispersive XRF,not proven,not present in AirData daily file
fairbanks_state_building_2009-01-25,state_building,2009-01-25,02-090-0010,88161,Titanium,Titanium PM2.5 LC,0,Micrograms/cubic meter (LC),24 HOUR,811,Met One SASS/SuperSASS Teflon - Energy Dispersive XRF,not proven,not present in AirData daily file
fairbanks_state_building_2009-01-25,state_building,2009-01-25,02-090-0010,88164,Vanadium,Vanadium PM2.5 LC,0,Micrograms/cubic meter (LC),24 HOUR,811,Met One SASS/SuperSASS Teflon - Energy Dispersive XRF,not proven,not present in AirData daily file
fairbanks_state_building_2009-01-25,state_building,2009-01-25,02-090-0010,88165,Silicon,Silicon PM2.5 LC,0.02,Micrograms/cubic meter (LC),24 HOUR,811,Met One SASS/SuperSASS Teflon - Energy Dispersive XRF,not proven,not present in AirData daily file
fairbanks_state_building_2009-01-25,state_building,2009-01-25,02-090-0010,88166,Silver,Silver PM2.5 LC,0,Micrograms/cubic meter (LC),24 HOUR,811,Met One SASS/SuperSASS Teflon - Energy Dispersive XRF,not proven,not present in AirData daily file
fairbanks_state_building_2009-01-25,state_building,2009-01-25,02-090-0010,88167,Zinc,Zinc PM2.5 LC,0.0644,Micrograms/cubic meter (LC),24 HOUR,811,Met One SASS/SuperSASS Teflon - Energy Dispersive XRF,not proven,not present in AirData daily file
fairbanks_state_building_2009-01-25,state_building,2009-01-25,02-090-0010,88168,Strontium,Strontium PM2.5 LC,0.0027,Micrograms/cubic meter (LC),24 HOUR,811,Met One SASS/SuperSASS Teflon - Energy Dispersive XRF,not proven,not present in AirData daily file
fairbanks_state_building_2009-01-25,state_building,2009-01-25,02-090-0010,88169,Sulfur,Sulfur PM2.5 LC,1.46,Micrograms/cubic meter (LC),24 HOUR,811,Met One SASS/SuperSASS Teflon - Energy Dispersive XRF,not proven,not present in AirData daily file
fairbanks_state_building_2009-01-25,state_building,2009-01-25,02-090-0010,88176,Rubidium,Rubidium PM2.5 LC,0,Micrograms/cubic meter (LC),24 HOUR,811,Met One SASS/SuperSASS Teflon - Energy Dispersive XRF,not proven,not present in AirData daily file
fairbanks_state_building_2009-01-25,state_building,2009-01-25,02-090-0010,88180,Potassium,Potassium PM2.5 LC,0.134,Micrograms/cubic meter (LC),24 HOUR,811,Met One SASS/SuperSASS Teflon - Energy Dispersive XRF,not proven,not present in AirData daily file
fairbanks_state_building_2009-01-25,state_building,2009-01-25,02-090-0010,88183,Yttrium,Yttrium PM2.5 LC,0,Micrograms/cubic meter (LC),24 HOUR,811,Met One SASS Teflon - Energy Dispersive XRF,not proven,not present in AirData daily file
fairbanks_state_building_2009-01-25,state_building,2009-01-25,02-090-0010,88184,Sodium,Sodium PM2.5 LC,0.068,Micrograms/cubic meter (LC),24 HOUR,811,Met One SASS/SuperSASS Teflon - Energy Dispersive XRF,not proven,not present in AirData daily file
fairbanks_state_building_2009-01-25,state_building,2009-01-25,02-090-0010,88185,Zirconium,Zirconium PM2.5 LC,0,Micrograms/cubic meter (LC),24 HOUR,811,Met One SASS/SuperSASS Teflon - Energy Dispersive XRF,not proven,not present in AirData daily file
fairbanks_state_building_2009-01-25,state_building,2009-01-25,02-090-0010,88301,Ammonium,Ammonium Ion PM2.5 LC,2.28,Micrograms/cubic meter (LC),24 HOUR,812,Met One SASS/SuperSASS Nylon - Ion Chromatography,not proven,not present in AirData daily file
fairbanks_state_building_2009-01-25,state_building,2009-01-25,02-090-0010,88302,Sodium ion,Sodium Ion Pm2.5 LC,0.108,Micrograms/cubic meter (LC),24 HOUR,812,Met One SASS/SuperSASS Nylon - Ion Chromatography,not proven,not present in AirData daily file
fairbanks_state_building_2009-01-25,state_building,2009-01-25,02-090-0010,88303,Potassium ion,Potassium Ion PM2.5 LC,0.116,Micrograms/cubic meter (LC),24 HOUR,812,Met One SASS/SuperSASS Nylon - Ion Chromatography,not proven,not present in AirData daily file
fairbanks_state_building_2009-01-25,state_building,2009-01-25,02-090-0010,88305,Organic carbon,OC CSN Unadjusted PM2.5 LC TOT,14.4,Micrograms/cubic meter (LC),24 HOUR,813,Met One SASS Quartz - STN TOT,not proven,not present in AirData daily file
fairbanks_state_building_2009-01-25,state_building,2009-01-25,02-090-0010,88306,Nitrate,Total Nitrate PM2.5 LC,2.45,Micrograms/cubic meter (LC),24 HOUR,812,Met One SASS/SuperSASS Nylon - Ion Chromatography,not proven,not present in AirData daily file
fairbanks_state_building_2009-01-25,state_building,2009-01-25,02-090-0010,88307,Elemental carbon,EC CSN PM2.5 LC TOT,1.21,Micrograms/cubic meter (LC),24 HOUR,813,Met One SASS Quartz - STN TOT,not proven,not present in AirData daily file
fairbanks_state_building_2009-01-25,state_building,2009-01-25,02-090-0010,88403,Sulfate,Sulfate PM2.5 LC,4.06,Micrograms/cubic meter (LC),24 HOUR,812,Met One SASS/SuperSASS Nylon - Ion Chromatography,not proven,not present in AirData daily file
fairbanks_state_building_2009-01-28,state_building,2009-01-28,02-090-0010,88102,Antimony,Antimony PM2.5 LC,0,Micrograms/cubic meter (LC),24 HOUR,811,Met One SASS/SuperSASS Teflon - Energy dispersive XRF,not proven,not present in AirData daily file
fairbanks_state_building_2009-01-28,state_building,2009-01-28,02-090-0010,88103,Arsenic,Arsenic PM2.5 LC,0,Micrograms/cubic meter (LC),24 HOUR,811,Met One SASS/SuperSASS Teflon - Energy dispersive XRF,not proven,not present in AirData daily file
fairbanks_state_building_2009-01-28,state_building,2009-01-28,02-090-0010,88104,Aluminum,Aluminum PM2.5 LC,0.049,Micrograms/cubic meter (LC),24 HOUR,811,Met One SASS/SuperSASS Teflon - Energy dispersive XRF,not proven,not present in AirData daily file
fairbanks_state_building_2009-01-28,state_building,2009-01-28,02-090-0010,88107,Barium,Barium PM2.5 LC,0,Micrograms/cubic meter (LC),24 HOUR,811,Met One SASS/SuperSASS Teflon - Energy dispersive XRF,not proven,not present in AirData daily file
fairbanks_state_building_2009-01-28,state_building,2009-01-28,02-090-0010,88109,Bromine,Bromine PM2.5 LC,0.0051,Micrograms/cubic meter (LC),24 HOUR,811,Met One SASS/SuperSASS Teflon - Energy dispersive XRF,not proven,not present in AirData daily file
fairbanks_state_building_2009-01-28,state_building,2009-01-28,02-090-0010,88110,Cadmium,Cadmium PM2.5 LC,0,Micrograms/cubic meter (LC),24 HOUR,811,Met One SASS/SuperSASS Teflon - Energy dispersive XRF,not proven,not present in AirData daily file
fairbanks_state_building_2009-01-28,state_building,2009-01-28,02-090-0010,88111,Calcium,Calcium PM2.5 LC,0.0525,Micrograms/cubic meter (LC),24 HOUR,811,Met One SASS/SuperSASS Teflon - Energy dispersive XRF,not proven,not present in AirData daily file
fairbanks_state_building_2009-01-28,state_building,2009-01-28,02-090-0010,88112,Chromium,Chromium PM2.5 LC,0.002,Micrograms/cubic meter (LC),24 HOUR,811,Met One SASS/SuperSASS Teflon - Energy dispersive XRF,not proven,not present in AirData daily file
fairbanks_state_building_2009-01-28,state_building,2009-01-28,02-090-0010,88113,Cobalt,Cobalt PM2.5 LC,0.001,Micrograms/cubic meter (LC),24 HOUR,811,Met One SASS/SuperSASS Teflon - Energy Dispersive XRF,not proven,not present in AirData daily file
fairbanks_state_building_2009-01-28,state_building,2009-01-28,02-090-0010,88114,Copper,Copper PM2.5 LC,0.0035,Micrograms/cubic meter (LC),24 HOUR,811,Met One SASS/SuperSASS Teflon - Energy dispersive XRF,not proven,not present in AirData daily file
fairbanks_state_building_2009-01-28,state_building,2009-01-28,02-090-0010,88115,Chlorine,Chlorine PM2.5 LC,0.105,Micrograms/cubic meter (LC),24 HOUR,811,Met One SASS/SuperSASS Teflon - Energy Dispersive XRF,not proven,not present in AirData daily file
fairbanks_state_building_2009-01-28,state_building,2009-01-28,02-090-0010,88124,Gallium,Gallium PM2.5 LC,0,Micrograms/cubic meter (LC),24 HOUR,811,Met One SASS Teflon - Energy Dispersive XRF,not proven,not present in AirData daily file
fairbanks_state_building_2009-01-28,state_building,2009-01-28,02-090-0010,88126,Iron,Iron PM2.5 LC,0.0683,Micrograms/cubic meter (LC),24 HOUR,811,Met One SASS/SuperSASS Teflon - Energy Dispersive XRF,not proven,not present in AirData daily file
fairbanks_state_building_2009-01-28,state_building,2009-01-28,02-090-0010,88128,Lead,Lead PM2.5 LC,0.002,Micrograms/cubic meter (LC),24 HOUR,811,Met One SASS/SuperSASS Teflon - Energy Dispersive XRF,not proven,not present in AirData daily file
fairbanks_state_building_2009-01-28,state_building,2009-01-28,02-090-0010,88131,Indium,Indium PM2.5 LC,0,Micrograms/cubic meter (LC),24 HOUR,811,Met One SASS/SuperSASS Teflon - Energy Dispersive XRF,not proven,not present in AirData daily file
fairbanks_state_building_2009-01-28,state_building,2009-01-28,02-090-0010,88132,Manganese,Manganese PM2.5 LC,0.001,Micrograms/cubic meter (LC),24 HOUR,811,Met One SASS/SuperSASS Teflon - Energy Dispersive XRF,not proven,not present in AirData daily file
fairbanks_state_building_2009-01-28,state_building,2009-01-28,02-090-0010,88134,Molybdenum,Molybdenum PM2.5 LC,0,Micrograms/cubic meter (LC),24 HOUR,811,Met One SASS Teflon - Energy Dispersive XRF,not proven,not present in AirData daily file
fairbanks_state_building_2009-01-28,state_building,2009-01-28,02-090-0010,88136,Nickel,Nickel PM2.5 LC,0.001,Micrograms/cubic meter (LC),24 HOUR,811,Met One SASS/SuperSASS Teflon - Energy Dispersive XRF,not proven,not present in AirData daily file
fairbanks_state_building_2009-01-28,state_building,2009-01-28,02-090-0010,88140,Magnesium,Magnesium PM2.5 LC,0,Micrograms/cubic meter (LC),24 HOUR,811,Met One SASS/SuperSASS Teflon - Energy Dispersive XRF,not proven,not present in AirData daily file
fairbanks_state_building_2009-01-28,state_building,2009-01-28,02-090-0010,88142,Mercury,Mercury PM2.5 LC,0,Micrograms/cubic meter (LC),24 HOUR,811,Met One SASS Teflon - Energy Dispersive XRF,not proven,not present in AirData daily file
fairbanks_state_building_2009-01-28,state_building,2009-01-28,02-090-0010,88146,Lanthanum,Lanthanum PM2.5 LC,0,Micrograms/cubic meter (LC),24 HOUR,811,Met One SASS Teflon - Energy Dispersive XRF,not proven,not present in AirData daily file
fairbanks_state_building_2009-01-28,state_building,2009-01-28,02-090-0010,88152,Phosphorus,Phosphorus PM2.5 LC,0.01,Micrograms/cubic meter (LC),24 HOUR,811,Met One SASS/SuperSASS Teflon - Energy Dispersive XRF,not proven,not present in AirData daily file
fairbanks_state_building_2009-01-28,state_building,2009-01-28,02-090-0010,88154,Selenium,Selenium PM2.5 LC,0,Micrograms/cubic meter (LC),24 HOUR,811,Met One SASS/SuperSASS Teflon - Energy Dispersive XRF,not proven,not present in AirData daily file
fairbanks_state_building_2009-01-28,state_building,2009-01-28,02-090-0010,88160,Tin,Tin PM2.5 LC,0,Micrograms/cubic meter (LC),24 HOUR,811,Met One SASS/SuperSASS Teflon - Energy Dispersive XRF,not proven,not present in AirData daily file
fairbanks_state_building_2009-01-28,state_building,2009-01-28,02-090-0010,88161,Titanium,Titanium PM2.5 LC,0.003,Micrograms/cubic meter (LC),24 HOUR,811,Met One SASS/SuperSASS Teflon - Energy Dispersive XRF,not proven,not present in AirData daily file
fairbanks_state_building_2009-01-28,state_building,2009-01-28,02-090-0010,88164,Vanadium,Vanadium PM2.5 LC,0,Micrograms/cubic meter (LC),24 HOUR,811,Met One SASS/SuperSASS Teflon - Energy Dispersive XRF,not proven,not present in AirData daily file
fairbanks_state_building_2009-01-28,state_building,2009-01-28,02-090-0010,88165,Silicon,Silicon PM2.5 LC,0.005,Micrograms/cubic meter (LC),24 HOUR,811,Met One SASS/SuperSASS Teflon - Energy Dispersive XRF,not proven,not present in AirData daily file
fairbanks_state_building_2009-01-28,state_building,2009-01-28,02-090-0010,88166,Silver,Silver PM2.5 LC,0,Micrograms/cubic meter (LC),24 HOUR,811,Met One SASS/SuperSASS Teflon - Energy Dispersive XRF,not proven,not present in AirData daily file
fairbanks_state_building_2009-01-28,state_building,2009-01-28,02-090-0010,88167,Zinc,Zinc PM2.5 LC,0.0987,Micrograms/cubic meter (LC),24 HOUR,811,Met One SASS/SuperSASS Teflon - Energy Dispersive XRF,not proven,not present in AirData daily file
fairbanks_state_building_2009-01-28,state_building,2009-01-28,02-090-0010,88168,Strontium,Strontium PM2.5 LC,0.001,Micrograms/cubic meter (LC),24 HOUR,811,Met One SASS/SuperSASS Teflon - Energy Dispersive XRF,not proven,not present in AirData daily file
fairbanks_state_building_2009-01-28,state_building,2009-01-28,02-090-0010,88169,Sulfur,Sulfur PM2.5 LC,2.78,Micrograms/cubic meter (LC),24 HOUR,811,Met One SASS/SuperSASS Teflon - Energy Dispersive XRF,not proven,not present in AirData daily file
fairbanks_state_building_2009-01-28,state_building,2009-01-28,02-090-0010,88176,Rubidium,Rubidium PM2.5 LC,0,Micrograms/cubic meter (LC),24 HOUR,811,Met One SASS/SuperSASS Teflon - Energy Dispersive XRF,not proven,not present in AirData daily file
fairbanks_state_building_2009-01-28,state_building,2009-01-28,02-090-0010,88180,Potassium,Potassium PM2.5 LC,0.0922,Micrograms/cubic meter (LC),24 HOUR,811,Met One SASS/SuperSASS Teflon - Energy Dispersive XRF,not proven,not present in AirData daily file
fairbanks_state_building_2009-01-28,state_building,2009-01-28,02-090-0010,88183,Yttrium,Yttrium PM2.5 LC,0,Micrograms/cubic meter (LC),24 HOUR,811,Met One SASS Teflon - Energy Dispersive XRF,not proven,not present in AirData daily file
fairbanks_state_building_2009-01-28,state_building,2009-01-28,02-090-0010,88184,Sodium,Sodium PM2.5 LC,0.17,Micrograms/cubic meter (LC),24 HOUR,811,Met One SASS/SuperSASS Teflon - Energy Dispersive XRF,not proven,not present in AirData daily file
fairbanks_state_building_2009-01-28,state_building,2009-01-28,02-090-0010,88185,Zirconium,Zirconium PM2.5 LC,0,Micrograms/cubic meter (LC),24 HOUR,811,Met One SASS/SuperSASS Teflon - Energy Dispersive XRF,not proven,not present in AirData daily file
fairbanks_state_building_2009-01-28,state_building,2009-01-28,02-090-0010,88301,Ammonium,Ammonium Ion PM2.5 LC,3.23,Micrograms/cubic meter (LC),24 HOUR,812,Met One SASS/SuperSASS Nylon - Ion Chromatography,not proven,not present in AirData daily file
fairbanks_state_building_2009-01-28,state_building,2009-01-28,02-090-0010,88302,Sodium ion,Sodium Ion Pm2.5 LC,0.12,Micrograms/cubic meter (LC),24 HOUR,812,Met One SASS/SuperSASS Nylon - Ion Chromatography,not proven,not present in AirData daily file
fairbanks_state_building_2009-01-28,state_building,2009-01-28,02-090-0010,88303,Potassium ion,Potassium Ion PM2.5 LC,0.087,Micrograms/cubic meter (LC),24 HOUR,812,Met One SASS/SuperSASS Nylon - Ion Chromatography,not proven,not present in AirData daily file
fairbanks_state_building_2009-01-28,state_building,2009-01-28,02-090-0010,88305,Organic carbon,OC CSN Unadjusted PM2.5 LC TOT,16,Micrograms/cubic meter (LC),24 HOUR,813,Met One SASS Quartz - STN TOT,not proven,not present in AirData daily file
fairbanks_state_building_2009-01-28,state_building,2009-01-28,02-090-0010,88306,Nitrate,Total Nitrate PM2.5 LC,1.2,Micrograms/cubic meter (LC),24 HOUR,812,Met One SASS/SuperSASS Nylon - Ion Chromatography,not proven,not present in AirData daily file
fairbanks_state_building_2009-01-28,state_building,2009-01-28,02-090-0010,88307,Elemental carbon,EC CSN PM2.5 LC TOT,1.9,Micrograms/cubic meter (LC),24 HOUR,813,Met One SASS Quartz - STN TOT,not proven,not present in AirData daily file
fairbanks_state_building_2009-01-28,state_building,2009-01-28,02-090-0010,88403,Sulfate,Sulfate PM2.5 LC,7.59,Micrograms/cubic meter (LC),24 HOUR,812,Met One SASS/SuperSASS Nylon - Ion Chromatography,not proven,not present in AirData daily file
fairbanks_state_building_2009-01-31,state_building,2009-01-31,02-090-0010,88102,Antimony,Antimony PM2.5 LC,0,Micrograms/cubic meter (LC),24 HOUR,811,Met One SASS/SuperSASS Teflon - Energy dispersive XRF,not proven,not present in AirData daily file
fairbanks_state_building_2009-01-31,state_building,2009-01-31,02-090-0010,88103,Arsenic,Arsenic PM2.5 LC,0,Micrograms/cubic meter (LC),24 HOUR,811,Met One SASS/SuperSASS Teflon - Energy dispersive XRF,not proven,not present in AirData daily file
fairbanks_state_building_2009-01-31,state_building,2009-01-31,02-090-0010,88104,Aluminum,Aluminum PM2.5 LC,0.03,Micrograms/cubic meter (LC),24 HOUR,811,Met One SASS/SuperSASS Teflon - Energy dispersive XRF,not proven,not present in AirData daily file
fairbanks_state_building_2009-01-31,state_building,2009-01-31,02-090-0010,88107,Barium,Barium PM2.5 LC,0,Micrograms/cubic meter (LC),24 HOUR,811,Met One SASS/SuperSASS Teflon - Energy dispersive XRF,not proven,not present in AirData daily file
fairbanks_state_building_2009-01-31,state_building,2009-01-31,02-090-0010,88109,Bromine,Bromine PM2.5 LC,0.0044,Micrograms/cubic meter (LC),24 HOUR,811,Met One SASS/SuperSASS Teflon - Energy dispersive XRF,not proven,not present in AirData daily file
fairbanks_state_building_2009-01-31,state_building,2009-01-31,02-090-0010,88110,Cadmium,Cadmium PM2.5 LC,0,Micrograms/cubic meter (LC),24 HOUR,811,Met One SASS/SuperSASS Teflon - Energy dispersive XRF,not proven,not present in AirData daily file
fairbanks_state_building_2009-01-31,state_building,2009-01-31,02-090-0010,88111,Calcium,Calcium PM2.5 LC,0.0199,Micrograms/cubic meter (LC),24 HOUR,811,Met One SASS/SuperSASS Teflon - Energy dispersive XRF,not proven,not present in AirData daily file
fairbanks_state_building_2009-01-31,state_building,2009-01-31,02-090-0010,88112,Chromium,Chromium PM2.5 LC,0.001,Micrograms/cubic meter (LC),24 HOUR,811,Met One SASS/SuperSASS Teflon - Energy dispersive XRF,not proven,not present in AirData daily file
fairbanks_state_building_2009-01-31,state_building,2009-01-31,02-090-0010,88113,Cobalt,Cobalt PM2.5 LC,0,Micrograms/cubic meter (LC),24 HOUR,811,Met One SASS/SuperSASS Teflon - Energy Dispersive XRF,not proven,not present in AirData daily file
fairbanks_state_building_2009-01-31,state_building,2009-01-31,02-090-0010,88114,Copper,Copper PM2.5 LC,0.001,Micrograms/cubic meter (LC),24 HOUR,811,Met One SASS/SuperSASS Teflon - Energy dispersive XRF,not proven,not present in AirData daily file
fairbanks_state_building_2009-01-31,state_building,2009-01-31,02-090-0010,88115,Chlorine,Chlorine PM2.5 LC,0.0253,Micrograms/cubic meter (LC),24 HOUR,811,Met One SASS/SuperSASS Teflon - Energy Dispersive XRF,not proven,not present in AirData daily file
fairbanks_state_building_2009-01-31,state_building,2009-01-31,02-090-0010,88124,Gallium,Gallium PM2.5 LC,0,Micrograms/cubic meter (LC),24 HOUR,811,Met One SASS Teflon - Energy Dispersive XRF,not proven,not present in AirData daily file
fairbanks_state_building_2009-01-31,state_building,2009-01-31,02-090-0010,88126,Iron,Iron PM2.5 LC,0.0197,Micrograms/cubic meter (LC),24 HOUR,811,Met One SASS/SuperSASS Teflon - Energy Dispersive XRF,not proven,not present in AirData daily file
fairbanks_state_building_2009-01-31,state_building,2009-01-31,02-090-0010,88128,Lead,Lead PM2.5 LC,0.001,Micrograms/cubic meter (LC),24 HOUR,811,Met One SASS/SuperSASS Teflon - Energy Dispersive XRF,not proven,not present in AirData daily file
fairbanks_state_building_2009-01-31,state_building,2009-01-31,02-090-0010,88131,Indium,Indium PM2.5 LC,0,Micrograms/cubic meter (LC),24 HOUR,811,Met One SASS/SuperSASS Teflon - Energy Dispersive XRF,not proven,not present in AirData daily file
fairbanks_state_building_2009-01-31,state_building,2009-01-31,02-090-0010,88132,Manganese,Manganese PM2.5 LC,0.001,Micrograms/cubic meter (LC),24 HOUR,811,Met One SASS/SuperSASS Teflon - Energy Dispersive XRF,not proven,not present in AirData daily file
fairbanks_state_building_2009-01-31,state_building,2009-01-31,02-090-0010,88134,Molybdenum,Molybdenum PM2.5 LC,0,Micrograms/cubic meter (LC),24 HOUR,811,Met One SASS Teflon - Energy Dispersive XRF,not proven,not present in AirData daily file
fairbanks_state_building_2009-01-31,state_building,2009-01-31,02-090-0010,88136,Nickel,Nickel PM2.5 LC,0.001,Micrograms/cubic meter (LC),24 HOUR,811,Met One SASS/SuperSASS Teflon - Energy Dispersive XRF,not proven,not present in AirData daily file
fairbanks_state_building_2009-01-31,state_building,2009-01-31,02-090-0010,88140,Magnesium,Magnesium PM2.5 LC,0.017,Micrograms/cubic meter (LC),24 HOUR,811,Met One SASS/SuperSASS Teflon - Energy Dispersive XRF,not proven,not present in AirData daily file
fairbanks_state_building_2009-01-31,state_building,2009-01-31,02-090-0010,88142,Mercury,Mercury PM2.5 LC,0,Micrograms/cubic meter (LC),24 HOUR,811,Met One SASS Teflon - Energy Dispersive XRF,not proven,not present in AirData daily file
fairbanks_state_building_2009-01-31,state_building,2009-01-31,02-090-0010,88146,Lanthanum,Lanthanum PM2.5 LC,0,Micrograms/cubic meter (LC),24 HOUR,811,Met One SASS Teflon - Energy Dispersive XRF,not proven,not present in AirData daily file
fairbanks_state_building_2009-01-31,state_building,2009-01-31,02-090-0010,88152,Phosphorus,Phosphorus PM2.5 LC,0,Micrograms/cubic meter (LC),24 HOUR,811,Met One SASS/SuperSASS Teflon - Energy Dispersive XRF,not proven,not present in AirData daily file
fairbanks_state_building_2009-01-31,state_building,2009-01-31,02-090-0010,88154,Selenium,Selenium PM2.5 LC,0,Micrograms/cubic meter (LC),24 HOUR,811,Met One SASS/SuperSASS Teflon - Energy Dispersive XRF,not proven,not present in AirData daily file
fairbanks_state_building_2009-01-31,state_building,2009-01-31,02-090-0010,88160,Tin,Tin PM2.5 LC,0,Micrograms/cubic meter (LC),24 HOUR,811,Met One SASS/SuperSASS Teflon - Energy Dispersive XRF,not proven,not present in AirData daily file
fairbanks_state_building_2009-01-31,state_building,2009-01-31,02-090-0010,88161,Titanium,Titanium PM2.5 LC,0,Micrograms/cubic meter (LC),24 HOUR,811,Met One SASS/SuperSASS Teflon - Energy Dispersive XRF,not proven,not present in AirData daily file
fairbanks_state_building_2009-01-31,state_building,2009-01-31,02-090-0010,88164,Vanadium,Vanadium PM2.5 LC,0,Micrograms/cubic meter (LC),24 HOUR,811,Met One SASS/SuperSASS Teflon - Energy Dispersive XRF,not proven,not present in AirData daily file
fairbanks_state_building_2009-01-31,state_building,2009-01-31,02-090-0010,88165,Silicon,Silicon PM2.5 LC,0.0231,Micrograms/cubic meter (LC),24 HOUR,811,Met One SASS/SuperSASS Teflon - Energy Dispersive XRF,not proven,not present in AirData daily file
fairbanks_state_building_2009-01-31,state_building,2009-01-31,02-090-0010,88166,Silver,Silver PM2.5 LC,0,Micrograms/cubic meter (LC),24 HOUR,811,Met One SASS/SuperSASS Teflon - Energy Dispersive XRF,not proven,not present in AirData daily file
fairbanks_state_building_2009-01-31,state_building,2009-01-31,02-090-0010,88167,Zinc,Zinc PM2.5 LC,0.024,Micrograms/cubic meter (LC),24 HOUR,811,Met One SASS/SuperSASS Teflon - Energy Dispersive XRF,not proven,not present in AirData daily file
fairbanks_state_building_2009-01-31,state_building,2009-01-31,02-090-0010,88168,Strontium,Strontium PM2.5 LC,0,Micrograms/cubic meter (LC),24 HOUR,811,Met One SASS/SuperSASS Teflon - Energy Dispersive XRF,not proven,not present in AirData daily file
fairbanks_state_building_2009-01-31,state_building,2009-01-31,02-090-0010,88169,Sulfur,Sulfur PM2.5 LC,1.01,Micrograms/cubic meter (LC),24 HOUR,811,Met One SASS/SuperSASS Teflon - Energy Dispersive XRF,not proven,not present in AirData daily file
fairbanks_state_building_2009-01-31,state_building,2009-01-31,02-090-0010,88176,Rubidium,Rubidium PM2.5 LC,0,Micrograms/cubic meter (LC),24 HOUR,811,Met One SASS/SuperSASS Teflon - Energy Dispersive XRF,not proven,not present in AirData daily file
fairbanks_state_building_2009-01-31,state_building,2009-01-31,02-090-0010,88180,Potassium,Potassium PM2.5 LC,0.0511,Micrograms/cubic meter (LC),24 HOUR,811,Met One SASS/SuperSASS Teflon - Energy Dispersive XRF,not proven,not present in AirData daily file
fairbanks_state_building_2009-01-31,state_building,2009-01-31,02-090-0010,88183,Yttrium,Yttrium PM2.5 LC,0,Micrograms/cubic meter (LC),24 HOUR,811,Met One SASS Teflon - Energy Dispersive XRF,not proven,not present in AirData daily file
fairbanks_state_building_2009-01-31,state_building,2009-01-31,02-090-0010,88184,Sodium,Sodium PM2.5 LC,0.116,Micrograms/cubic meter (LC),24 HOUR,811,Met One SASS/SuperSASS Teflon - Energy Dispersive XRF,not proven,not present in AirData daily file
fairbanks_state_building_2009-01-31,state_building,2009-01-31,02-090-0010,88185,Zirconium,Zirconium PM2.5 LC,0,Micrograms/cubic meter (LC),24 HOUR,811,Met One SASS/SuperSASS Teflon - Energy Dispersive XRF,not proven,not present in AirData daily file
fairbanks_state_building_2009-01-31,state_building,2009-01-31,02-090-0010,88301,Ammonium,Ammonium Ion PM2.5 LC,1.15,Micrograms/cubic meter (LC),24 HOUR,812,Met One SASS/SuperSASS Nylon - Ion Chromatography,not proven,not present in AirData daily file
fairbanks_state_building_2009-01-31,state_building,2009-01-31,02-090-0010,88302,Sodium ion,Sodium Ion Pm2.5 LC,0.13,Micrograms/cubic meter (LC),24 HOUR,812,Met One SASS/SuperSASS Nylon - Ion Chromatography,not proven,not present in AirData daily file
fairbanks_state_building_2009-01-31,state_building,2009-01-31,02-090-0010,88303,Potassium ion,Potassium Ion PM2.5 LC,0.083,Micrograms/cubic meter (LC),24 HOUR,812,Met One SASS/SuperSASS Nylon - Ion Chromatography,not proven,not present in AirData daily file
fairbanks_state_building_2009-01-31,state_building,2009-01-31,02-090-0010,88305,Organic carbon,OC CSN Unadjusted PM2.5 LC TOT,7.22,Micrograms/cubic meter (LC),24 HOUR,813,Met One SASS Quartz - STN TOT,not proven,not present in AirData daily file
fairbanks_state_building_2009-01-31,state_building,2009-01-31,02-090-0010,88306,Nitrate,Total Nitrate PM2.5 LC,0.725,Micrograms/cubic meter (LC),24 HOUR,812,Met One SASS/SuperSASS Nylon - Ion Chromatography,not proven,not present in AirData daily file
fairbanks_state_building_2009-01-31,state_building,2009-01-31,02-090-0010,88307,Elemental carbon,EC CSN PM2.5 LC TOT,0.85,Micrograms/cubic meter (LC),24 HOUR,813,Met One SASS Quartz - STN TOT,not proven,not present in AirData daily file
fairbanks_state_building_2009-01-31,state_building,2009-01-31,02-090-0010,88403,Sulfate,Sulfate PM2.5 LC,3.01,Micrograms/cubic meter (LC),24 HOUR,812,Met One SASS/SuperSASS Nylon - Ion Chromatography,not proven,not present in AirData daily file
fairbanks_state_building_2009-02-03,state_building,2009-02-03,02-090-0010,88102,Antimony,Antimony PM2.5 LC,0,Micrograms/cubic meter (LC),24 HOUR,811,Met One SASS/SuperSASS Teflon - Energy dispersive XRF,not proven,not present in AirData daily file
fairbanks_state_building_2009-02-03,state_building,2009-02-03,02-090-0010,88103,Arsenic,Arsenic PM2.5 LC,0.001,Micrograms/cubic meter (LC),24 HOUR,811,Met One SASS/SuperSASS Teflon - Energy dispersive XRF,not proven,not present in AirData daily file
fairbanks_state_building_2009-02-03,state_building,2009-02-03,02-090-0010,88104,Aluminum,Aluminum PM2.5 LC,0.009,Micrograms/cubic meter (LC),24 HOUR,811,Met One SASS/SuperSASS Teflon - Energy dispersive XRF,not proven,not present in AirData daily file
fairbanks_state_building_2009-02-03,state_building,2009-02-03,02-090-0010,88107,Barium,Barium PM2.5 LC,0,Micrograms/cubic meter (LC),24 HOUR,811,Met One SASS/SuperSASS Teflon - Energy dispersive XRF,not proven,not present in AirData daily file
fairbanks_state_building_2009-02-03,state_building,2009-02-03,02-090-0010,88109,Bromine,Bromine PM2.5 LC,0.0061,Micrograms/cubic meter (LC),24 HOUR,811,Met One SASS/SuperSASS Teflon - Energy dispersive XRF,not proven,not present in AirData daily file
fairbanks_state_building_2009-02-03,state_building,2009-02-03,02-090-0010,88110,Cadmium,Cadmium PM2.5 LC,0,Micrograms/cubic meter (LC),24 HOUR,811,Met One SASS/SuperSASS Teflon - Energy dispersive XRF,not proven,not present in AirData daily file
fairbanks_state_building_2009-02-03,state_building,2009-02-03,02-090-0010,88111,Calcium,Calcium PM2.5 LC,0.0318,Micrograms/cubic meter (LC),24 HOUR,811,Met One SASS/SuperSASS Teflon - Energy dispersive XRF,not proven,not present in AirData daily file
fairbanks_state_building_2009-02-03,state_building,2009-02-03,02-090-0010,88112,Chromium,Chromium PM2.5 LC,0,Micrograms/cubic meter (LC),24 HOUR,811,Met One SASS/SuperSASS Teflon - Energy dispersive XRF,not proven,not present in AirData daily file
fairbanks_state_building_2009-02-03,state_building,2009-02-03,02-090-0010,88113,Cobalt,Cobalt PM2.5 LC,0.001,Micrograms/cubic meter (LC),24 HOUR,811,Met One SASS/SuperSASS Teflon - Energy Dispersive XRF,not proven,not present in AirData daily file
fairbanks_state_building_2009-02-03,state_building,2009-02-03,02-090-0010,88114,Copper,Copper PM2.5 LC,0.0028,Micrograms/cubic meter (LC),24 HOUR,811,Met One SASS/SuperSASS Teflon - Energy dispersive XRF,not proven,not present in AirData daily file
fairbanks_state_building_2009-02-03,state_building,2009-02-03,02-090-0010,88115,Chlorine,Chlorine PM2.5 LC,0.037,Micrograms/cubic meter (LC),24 HOUR,811,Met One SASS/SuperSASS Teflon - Energy Dispersive XRF,not proven,not present in AirData daily file
fairbanks_state_building_2009-02-03,state_building,2009-02-03,02-090-0010,88124,Gallium,Gallium PM2.5 LC,0,Micrograms/cubic meter (LC),24 HOUR,811,Met One SASS Teflon - Energy Dispersive XRF,not proven,not present in AirData daily file
fairbanks_state_building_2009-02-03,state_building,2009-02-03,02-090-0010,88126,Iron,Iron PM2.5 LC,0.0167,Micrograms/cubic meter (LC),24 HOUR,811,Met One SASS/SuperSASS Teflon - Energy Dispersive XRF,not proven,not present in AirData daily file
fairbanks_state_building_2009-02-03,state_building,2009-02-03,02-090-0010,88128,Lead,Lead PM2.5 LC,0,Micrograms/cubic meter (LC),24 HOUR,811,Met One SASS/SuperSASS Teflon - Energy Dispersive XRF,not proven,not present in AirData daily file
fairbanks_state_building_2009-02-03,state_building,2009-02-03,02-090-0010,88131,Indium,Indium PM2.5 LC,0,Micrograms/cubic meter (LC),24 HOUR,811,Met One SASS/SuperSASS Teflon - Energy Dispersive XRF,not proven,not present in AirData daily file
fairbanks_state_building_2009-02-03,state_building,2009-02-03,02-090-0010,88132,Manganese,Manganese PM2.5 LC,0,Micrograms/cubic meter (LC),24 HOUR,811,Met One SASS/SuperSASS Teflon - Energy Dispersive XRF,not proven,not present in AirData daily file
fairbanks_state_building_2009-02-03,state_building,2009-02-03,02-090-0010,88134,Molybdenum,Molybdenum PM2.5 LC,0,Micrograms/cubic meter (LC),24 HOUR,811,Met One SASS Teflon - Energy Dispersive XRF,not proven,not present in AirData daily file
fairbanks_state_building_2009-02-03,state_building,2009-02-03,02-090-0010,88136,Nickel,Nickel PM2.5 LC,0,Micrograms/cubic meter (LC),24 HOUR,811,Met One SASS/SuperSASS Teflon - Energy Dispersive XRF,not proven,not present in AirData daily file
fairbanks_state_building_2009-02-03,state_building,2009-02-03,02-090-0010,88140,Magnesium,Magnesium PM2.5 LC,0.009,Micrograms/cubic meter (LC),24 HOUR,811,Met One SASS/SuperSASS Teflon - Energy Dispersive XRF,not proven,not present in AirData daily file
fairbanks_state_building_2009-02-03,state_building,2009-02-03,02-090-0010,88142,Mercury,Mercury PM2.5 LC,0,Micrograms/cubic meter (LC),24 HOUR,811,Met One SASS Teflon - Energy Dispersive XRF,not proven,not present in AirData daily file
fairbanks_state_building_2009-02-03,state_building,2009-02-03,02-090-0010,88146,Lanthanum,Lanthanum PM2.5 LC,0.005,Micrograms/cubic meter (LC),24 HOUR,811,Met One SASS Teflon - Energy Dispersive XRF,not proven,not present in AirData daily file
fairbanks_state_building_2009-02-03,state_building,2009-02-03,02-090-0010,88152,Phosphorus,Phosphorus PM2.5 LC,0.013,Micrograms/cubic meter (LC),24 HOUR,811,Met One SASS/SuperSASS Teflon - Energy Dispersive XRF,not proven,not present in AirData daily file
fairbanks_state_building_2009-02-03,state_building,2009-02-03,02-090-0010,88154,Selenium,Selenium PM2.5 LC,0,Micrograms/cubic meter (LC),24 HOUR,811,Met One SASS/SuperSASS Teflon - Energy Dispersive XRF,not proven,not present in AirData daily file
fairbanks_state_building_2009-02-03,state_building,2009-02-03,02-090-0010,88160,Tin,Tin PM2.5 LC,0.022,Micrograms/cubic meter (LC),24 HOUR,811,Met One SASS/SuperSASS Teflon - Energy Dispersive XRF,not proven,not present in AirData daily file
fairbanks_state_building_2009-02-03,state_building,2009-02-03,02-090-0010,88161,Titanium,Titanium PM2.5 LC,0,Micrograms/cubic meter (LC),24 HOUR,811,Met One SASS/SuperSASS Teflon - Energy Dispersive XRF,not proven,not present in AirData daily file
fairbanks_state_building_2009-02-03,state_building,2009-02-03,02-090-0010,88164,Vanadium,Vanadium PM2.5 LC,0,Micrograms/cubic meter (LC),24 HOUR,811,Met One SASS/SuperSASS Teflon - Energy Dispersive XRF,not proven,not present in AirData daily file
fairbanks_state_building_2009-02-03,state_building,2009-02-03,02-090-0010,88165,Silicon,Silicon PM2.5 LC,0.025,Micrograms/cubic meter (LC),24 HOUR,811,Met One SASS/SuperSASS Teflon - Energy Dispersive XRF,not proven,not present in AirData daily file
fairbanks_state_building_2009-02-03,state_building,2009-02-03,02-090-0010,88166,Silver,Silver PM2.5 LC,0,Micrograms/cubic meter (LC),24 HOUR,811,Met One SASS/SuperSASS Teflon - Energy Dispersive XRF,not proven,not present in AirData daily file
fairbanks_state_building_2009-02-03,state_building,2009-02-03,02-090-0010,88167,Zinc,Zinc PM2.5 LC,0.072,Micrograms/cubic meter (LC),24 HOUR,811,Met One SASS/SuperSASS Teflon - Energy Dispersive XRF,not proven,not present in AirData daily file
fairbanks_state_building_2009-02-03,state_building,2009-02-03,02-090-0010,88168,Strontium,Strontium PM2.5 LC,0,Micrograms/cubic meter (LC),24 HOUR,811,Met One SASS/SuperSASS Teflon - Energy Dispersive XRF,not proven,not present in AirData daily file
fairbanks_state_building_2009-02-03,state_building,2009-02-03,02-090-0010,88169,Sulfur,Sulfur PM2.5 LC,1.48,Micrograms/cubic meter (LC),24 HOUR,811,Met One SASS/SuperSASS Teflon - Energy Dispersive XRF,not proven,not present in AirData daily file
fairbanks_state_building_2009-02-03,state_building,2009-02-03,02-090-0010,88176,Rubidium,Rubidium PM2.5 LC,0,Micrograms/cubic meter (LC),24 HOUR,811,Met One SASS/SuperSASS Teflon - Energy Dispersive XRF,not proven,not present in AirData daily file
fairbanks_state_building_2009-02-03,state_building,2009-02-03,02-090-0010,88180,Potassium,Potassium PM2.5 LC,0.0821,Micrograms/cubic meter (LC),24 HOUR,811,Met One SASS/SuperSASS Teflon - Energy Dispersive XRF,not proven,not present in AirData daily file
fairbanks_state_building_2009-02-03,state_building,2009-02-03,02-090-0010,88183,Yttrium,Yttrium PM2.5 LC,0,Micrograms/cubic meter (LC),24 HOUR,811,Met One SASS Teflon - Energy Dispersive XRF,not proven,not present in AirData daily file
fairbanks_state_building_2009-02-03,state_building,2009-02-03,02-090-0010,88184,Sodium,Sodium PM2.5 LC,0.128,Micrograms/cubic meter (LC),24 HOUR,811,Met One SASS/SuperSASS Teflon - Energy Dispersive XRF,not proven,not present in AirData daily file
fairbanks_state_building_2009-02-03,state_building,2009-02-03,02-090-0010,88185,Zirconium,Zirconium PM2.5 LC,0,Micrograms/cubic meter (LC),24 HOUR,811,Met One SASS/SuperSASS Teflon - Energy Dispersive XRF,not proven,not present in AirData daily file
fairbanks_state_building_2009-02-03,state_building,2009-02-03,02-090-0010,88301,Ammonium,Ammonium Ion PM2.5 LC,1.51,Micrograms/cubic meter (LC),24 HOUR,812,Met One SASS/SuperSASS Nylon - Ion Chromatography,not proven,not present in AirData daily file
fairbanks_state_building_2009-02-03,state_building,2009-02-03,02-090-0010,88302,Sodium ion,Sodium Ion Pm2.5 LC,0.09,Micrograms/cubic meter (LC),24 HOUR,812,Met One SASS/SuperSASS Nylon - Ion Chromatography,not proven,not present in AirData daily file
fairbanks_state_building_2009-02-03,state_building,2009-02-03,02-090-0010,88303,Potassium ion,Potassium Ion PM2.5 LC,0.108,Micrograms/cubic meter (LC),24 HOUR,812,Met One SASS/SuperSASS Nylon - Ion Chromatography,not proven,not present in AirData daily file
fairbanks_state_building_2009-02-03,state_building,2009-02-03,02-090-0010,88305,Organic carbon,OC CSN Unadjusted PM2.5 LC TOT,10.6,Micrograms/cubic meter (LC),24 HOUR,813,Met One SASS Quartz - STN TOT,not proven,not present in AirData daily file
fairbanks_state_building_2009-02-03,state_building,2009-02-03,02-090-0010,88306,Nitrate,Total Nitrate PM2.5 LC,0.99,Micrograms/cubic meter (LC),24 HOUR,812,Met One SASS/SuperSASS Nylon - Ion Chromatography,not proven,not present in AirData daily file
fairbanks_state_building_2009-02-03,state_building,2009-02-03,02-090-0010,88307,Elemental carbon,EC CSN PM2.5 LC TOT,1.2,Micrograms/cubic meter (LC),24 HOUR,813,Met One SASS Quartz - STN TOT,not proven,not present in AirData daily file
fairbanks_state_building_2009-02-03,state_building,2009-02-03,02-090-0010,88403,Sulfate,Sulfate PM2.5 LC,4.19,Micrograms/cubic meter (LC),24 HOUR,812,Met One SASS/SuperSASS Nylon - Ion Chromatography,not proven,not present in AirData daily file
fairbanks_state_building_2009-02-09,state_building,2009-02-09,02-090-0010,88102,Antimony,Antimony PM2.5 LC,0,Micrograms/cubic meter (LC),24 HOUR,811,Met One SASS/SuperSASS Teflon - Energy dispersive XRF,not proven,not present in AirData daily file
fairbanks_state_building_2009-02-09,state_building,2009-02-09,02-090-0010,88103,Arsenic,Arsenic PM2.5 LC,0,Micrograms/cubic meter (LC),24 HOUR,811,Met One SASS/SuperSASS Teflon - Energy dispersive XRF,not proven,not present in AirData daily file
fairbanks_state_building_2009-02-09,state_building,2009-02-09,02-090-0010,88104,Aluminum,Aluminum PM2.5 LC,0,Micrograms/cubic meter (LC),24 HOUR,811,Met One SASS/SuperSASS Teflon - Energy dispersive XRF,not proven,not present in AirData daily file
fairbanks_state_building_2009-02-09,state_building,2009-02-09,02-090-0010,88107,Barium,Barium PM2.5 LC,0,Micrograms/cubic meter (LC),24 HOUR,811,Met One SASS/SuperSASS Teflon - Energy dispersive XRF,not proven,not present in AirData daily file
fairbanks_state_building_2009-02-09,state_building,2009-02-09,02-090-0010,88109,Bromine,Bromine PM2.5 LC,0.0042,Micrograms/cubic meter (LC),24 HOUR,811,Met One SASS/SuperSASS Teflon - Energy dispersive XRF,not proven,not present in AirData daily file
fairbanks_state_building_2009-02-09,state_building,2009-02-09,02-090-0010,88110,Cadmium,Cadmium PM2.5 LC,0.015,Micrograms/cubic meter (LC),24 HOUR,811,Met One SASS/SuperSASS Teflon - Energy dispersive XRF,not proven,not present in AirData daily file
fairbanks_state_building_2009-02-09,state_building,2009-02-09,02-090-0010,88111,Calcium,Calcium PM2.5 LC,0.0209,Micrograms/cubic meter (LC),24 HOUR,811,Met One SASS/SuperSASS Teflon - Energy dispersive XRF,not proven,not present in AirData daily file
fairbanks_state_building_2009-02-09,state_building,2009-02-09,02-090-0010,88112,Chromium,Chromium PM2.5 LC,0.001,Micrograms/cubic meter (LC),24 HOUR,811,Met One SASS/SuperSASS Teflon - Energy dispersive XRF,not proven,not present in AirData daily file
fairbanks_state_building_2009-02-09,state_building,2009-02-09,02-090-0010,88113,Cobalt,Cobalt PM2.5 LC,0,Micrograms/cubic meter (LC),24 HOUR,811,Met One SASS/SuperSASS Teflon - Energy Dispersive XRF,not proven,not present in AirData daily file
fairbanks_state_building_2009-02-09,state_building,2009-02-09,02-090-0010,88114,Copper,Copper PM2.5 LC,0.001,Micrograms/cubic meter (LC),24 HOUR,811,Met One SASS/SuperSASS Teflon - Energy dispersive XRF,not proven,not present in AirData daily file
fairbanks_state_building_2009-02-09,state_building,2009-02-09,02-090-0010,88115,Chlorine,Chlorine PM2.5 LC,0.0125,Micrograms/cubic meter (LC),24 HOUR,811,Met One SASS/SuperSASS Teflon - Energy Dispersive XRF,not proven,not present in AirData daily file
fairbanks_state_building_2009-02-09,state_building,2009-02-09,02-090-0010,88124,Gallium,Gallium PM2.5 LC,0,Micrograms/cubic meter (LC),24 HOUR,811,Met One SASS Teflon - Energy Dispersive XRF,not proven,not present in AirData daily file
fairbanks_state_building_2009-02-09,state_building,2009-02-09,02-090-0010,88126,Iron,Iron PM2.5 LC,0.0161,Micrograms/cubic meter (LC),24 HOUR,811,Met One SASS/SuperSASS Teflon - Energy Dispersive XRF,not proven,not present in AirData daily file
fairbanks_state_building_2009-02-09,state_building,2009-02-09,02-090-0010,88128,Lead,Lead PM2.5 LC,0.0039,Micrograms/cubic meter (LC),24 HOUR,811,Met One SASS/SuperSASS Teflon - Energy Dispersive XRF,not proven,not present in AirData daily file
fairbanks_state_building_2009-02-09,state_building,2009-02-09,02-090-0010,88131,Indium,Indium PM2.5 LC,0,Micrograms/cubic meter (LC),24 HOUR,811,Met One SASS/SuperSASS Teflon - Energy Dispersive XRF,not proven,not present in AirData daily file
fairbanks_state_building_2009-02-09,state_building,2009-02-09,02-090-0010,88132,Manganese,Manganese PM2.5 LC,0.001,Micrograms/cubic meter (LC),24 HOUR,811,Met One SASS/SuperSASS Teflon - Energy Dispersive XRF,not proven,not present in AirData daily file
fairbanks_state_building_2009-02-09,state_building,2009-02-09,02-090-0010,88134,Molybdenum,Molybdenum PM2.5 LC,0,Micrograms/cubic meter (LC),24 HOUR,811,Met One SASS Teflon - Energy Dispersive XRF,not proven,not present in AirData daily file
fairbanks_state_building_2009-02-09,state_building,2009-02-09,02-090-0010,88136,Nickel,Nickel PM2.5 LC,0,Micrograms/cubic meter (LC),24 HOUR,811,Met One SASS/SuperSASS Teflon - Energy Dispersive XRF,not proven,not present in AirData daily file
fairbanks_state_building_2009-02-09,state_building,2009-02-09,02-090-0010,88140,Magnesium,Magnesium PM2.5 LC,0,Micrograms/cubic meter (LC),24 HOUR,811,Met One SASS/SuperSASS Teflon - Energy Dispersive XRF,not proven,not present in AirData daily file
fairbanks_state_building_2009-02-09,state_building,2009-02-09,02-090-0010,88142,Mercury,Mercury PM2.5 LC,0,Micrograms/cubic meter (LC),24 HOUR,811,Met One SASS Teflon - Energy Dispersive XRF,not proven,not present in AirData daily file
fairbanks_state_building_2009-02-09,state_building,2009-02-09,02-090-0010,88146,Lanthanum,Lanthanum PM2.5 LC,0,Micrograms/cubic meter (LC),24 HOUR,811,Met One SASS Teflon - Energy Dispersive XRF,not proven,not present in AirData daily file
fairbanks_state_building_2009-02-09,state_building,2009-02-09,02-090-0010,88152,Phosphorus,Phosphorus PM2.5 LC,0,Micrograms/cubic meter (LC),24 HOUR,811,Met One SASS/SuperSASS Teflon - Energy Dispersive XRF,not proven,not present in AirData daily file
fairbanks_state_building_2009-02-09,state_building,2009-02-09,02-090-0010,88154,Selenium,Selenium PM2.5 LC,0,Micrograms/cubic meter (LC),24 HOUR,811,Met One SASS/SuperSASS Teflon - Energy Dispersive XRF,not proven,not present in AirData daily file
fairbanks_state_building_2009-02-09,state_building,2009-02-09,02-090-0010,88160,Tin,Tin PM2.5 LC,0,Micrograms/cubic meter (LC),24 HOUR,811,Met One SASS/SuperSASS Teflon - Energy Dispersive XRF,not proven,not present in AirData daily file
fairbanks_state_building_2009-02-09,state_building,2009-02-09,02-090-0010,88161,Titanium,Titanium PM2.5 LC,0,Micrograms/cubic meter (LC),24 HOUR,811,Met One SASS/SuperSASS Teflon - Energy Dispersive XRF,not proven,not present in AirData daily file
fairbanks_state_building_2009-02-09,state_building,2009-02-09,02-090-0010,88164,Vanadium,Vanadium PM2.5 LC,0,Micrograms/cubic meter (LC),24 HOUR,811,Met One SASS/SuperSASS Teflon - Energy Dispersive XRF,not proven,not present in AirData daily file
fairbanks_state_building_2009-02-09,state_building,2009-02-09,02-090-0010,88165,Silicon,Silicon PM2.5 LC,0.0272,Micrograms/cubic meter (LC),24 HOUR,811,Met One SASS/SuperSASS Teflon - Energy Dispersive XRF,not proven,not present in AirData daily file
fairbanks_state_building_2009-02-09,state_building,2009-02-09,02-090-0010,88166,Silver,Silver PM2.5 LC,0,Micrograms/cubic meter (LC),24 HOUR,811,Met One SASS/SuperSASS Teflon - Energy Dispersive XRF,not proven,not present in AirData daily file
fairbanks_state_building_2009-02-09,state_building,2009-02-09,02-090-0010,88167,Zinc,Zinc PM2.5 LC,0.0244,Micrograms/cubic meter (LC),24 HOUR,811,Met One SASS/SuperSASS Teflon - Energy Dispersive XRF,not proven,not present in AirData daily file
fairbanks_state_building_2009-02-09,state_building,2009-02-09,02-090-0010,88168,Strontium,Strontium PM2.5 LC,0,Micrograms/cubic meter (LC),24 HOUR,811,Met One SASS/SuperSASS Teflon - Energy Dispersive XRF,not proven,not present in AirData daily file
fairbanks_state_building_2009-02-09,state_building,2009-02-09,02-090-0010,88169,Sulfur,Sulfur PM2.5 LC,0.684,Micrograms/cubic meter (LC),24 HOUR,811,Met One SASS/SuperSASS Teflon - Energy Dispersive XRF,not proven,not present in AirData daily file
fairbanks_state_building_2009-02-09,state_building,2009-02-09,02-090-0010,88176,Rubidium,Rubidium PM2.5 LC,0,Micrograms/cubic meter (LC),24 HOUR,811,Met One SASS/SuperSASS Teflon - Energy Dispersive XRF,not proven,not present in AirData daily file
fairbanks_state_building_2009-02-09,state_building,2009-02-09,02-090-0010,88180,Potassium,Potassium PM2.5 LC,0.0414,Micrograms/cubic meter (LC),24 HOUR,811,Met One SASS/SuperSASS Teflon - Energy Dispersive XRF,not proven,not present in AirData daily file
fairbanks_state_building_2009-02-09,state_building,2009-02-09,02-090-0010,88183,Yttrium,Yttrium PM2.5 LC,0,Micrograms/cubic meter (LC),24 HOUR,811,Met One SASS Teflon - Energy Dispersive XRF,not proven,not present in AirData daily file
fairbanks_state_building_2009-02-09,state_building,2009-02-09,02-090-0010,88184,Sodium,Sodium PM2.5 LC,0.032,Micrograms/cubic meter (LC),24 HOUR,811,Met One SASS/SuperSASS Teflon - Energy Dispersive XRF,not proven,not present in AirData daily file
fairbanks_state_building_2009-02-09,state_building,2009-02-09,02-090-0010,88185,Zirconium,Zirconium PM2.5 LC,0,Micrograms/cubic meter (LC),24 HOUR,811,Met One SASS/SuperSASS Teflon - Energy Dispersive XRF,not proven,not present in AirData daily file
fairbanks_state_building_2009-02-09,state_building,2009-02-09,02-090-0010,88301,Ammonium,Ammonium Ion PM2.5 LC,0.876,Micrograms/cubic meter (LC),24 HOUR,812,Met One SASS/SuperSASS Nylon - Ion Chromatography,not proven,not present in AirData daily file
fairbanks_state_building_2009-02-09,state_building,2009-02-09,02-090-0010,88302,Sodium ion,Sodium Ion Pm2.5 LC,0.05,Micrograms/cubic meter (LC),24 HOUR,812,Met One SASS/SuperSASS Nylon - Ion Chromatography,not proven,not present in AirData daily file
fairbanks_state_building_2009-02-09,state_building,2009-02-09,02-090-0010,88303,Potassium ion,Potassium Ion PM2.5 LC,0.068,Micrograms/cubic meter (LC),24 HOUR,812,Met One SASS/SuperSASS Nylon - Ion Chromatography,not proven,not present in AirData daily file
fairbanks_state_building_2009-02-09,state_building,2009-02-09,02-090-0010,88305,Organic carbon,OC CSN Unadjusted PM2.5 LC TOT,6.64,Micrograms/cubic meter (LC),24 HOUR,813,Met One SASS Quartz - STN TOT,not proven,not present in AirData daily file
fairbanks_state_building_2009-02-09,state_building,2009-02-09,02-090-0010,88306,Nitrate,Total Nitrate PM2.5 LC,0.98,Micrograms/cubic meter (LC),24 HOUR,812,Met One SASS/SuperSASS Nylon - Ion Chromatography,not proven,not present in AirData daily file
fairbanks_state_building_2009-02-09,state_building,2009-02-09,02-090-0010,88307,Elemental carbon,EC CSN PM2.5 LC TOT,0.95,Micrograms/cubic meter (LC),24 HOUR,813,Met One SASS Quartz - STN TOT,not proven,not present in AirData daily file
fairbanks_state_building_2009-02-09,state_building,2009-02-09,02-090-0010,88403,Sulfate,Sulfate PM2.5 LC,1.92,Micrograms/cubic meter (LC),24 HOUR,812,Met One SASS/SuperSASS Nylon - Ion Chromatography,not proven,not present in AirData daily file
fairbanks_state_building_2009-02-12,state_building,2009-02-12,02-090-0010,88102,Antimony,Antimony PM2.5 LC,0,Micrograms/cubic meter (LC),24 HOUR,811,Met One SASS/SuperSASS Teflon - Energy dispersive XRF,not proven,not present in AirData daily file
fairbanks_state_building_2009-02-12,state_building,2009-02-12,02-090-0010,88103,Arsenic,Arsenic PM2.5 LC,0.0017,Micrograms/cubic meter (LC),24 HOUR,811,Met One SASS/SuperSASS Teflon - Energy dispersive XRF,not proven,not present in AirData daily file
fairbanks_state_building_2009-02-12,state_building,2009-02-12,02-090-0010,88104,Aluminum,Aluminum PM2.5 LC,0.03,Micrograms/cubic meter (LC),24 HOUR,811,Met One SASS/SuperSASS Teflon - Energy dispersive XRF,not proven,not present in AirData daily file
fairbanks_state_building_2009-02-12,state_building,2009-02-12,02-090-0010,88107,Barium,Barium PM2.5 LC,0,Micrograms/cubic meter (LC),24 HOUR,811,Met One SASS/SuperSASS Teflon - Energy dispersive XRF,not proven,not present in AirData daily file
fairbanks_state_building_2009-02-12,state_building,2009-02-12,02-090-0010,88109,Bromine,Bromine PM2.5 LC,0,Micrograms/cubic meter (LC),24 HOUR,811,Met One SASS/SuperSASS Teflon - Energy dispersive XRF,not proven,not present in AirData daily file
fairbanks_state_building_2009-02-12,state_building,2009-02-12,02-090-0010,88110,Cadmium,Cadmium PM2.5 LC,0.005,Micrograms/cubic meter (LC),24 HOUR,811,Met One SASS/SuperSASS Teflon - Energy dispersive XRF,not proven,not present in AirData daily file
fairbanks_state_building_2009-02-12,state_building,2009-02-12,02-090-0010,88111,Calcium,Calcium PM2.5 LC,0.0416,Micrograms/cubic meter (LC),24 HOUR,811,Met One SASS/SuperSASS Teflon - Energy dispersive XRF,not proven,not present in AirData daily file
fairbanks_state_building_2009-02-12,state_building,2009-02-12,02-090-0010,88112,Chromium,Chromium PM2.5 LC,0.0034,Micrograms/cubic meter (LC),24 HOUR,811,Met One SASS/SuperSASS Teflon - Energy dispersive XRF,not proven,not present in AirData daily file
fairbanks_state_building_2009-02-12,state_building,2009-02-12,02-090-0010,88113,Cobalt,Cobalt PM2.5 LC,0.001,Micrograms/cubic meter (LC),24 HOUR,811,Met One SASS/SuperSASS Teflon - Energy Dispersive XRF,not proven,not present in AirData daily file
fairbanks_state_building_2009-02-12,state_building,2009-02-12,02-090-0010,88114,Copper,Copper PM2.5 LC,0.0022,Micrograms/cubic meter (LC),24 HOUR,811,Met One SASS/SuperSASS Teflon - Energy dispersive XRF,not proven,not present in AirData daily file
fairbanks_state_building_2009-02-12,state_building,2009-02-12,02-090-0010,88115,Chlorine,Chlorine PM2.5 LC,0.07,Micrograms/cubic meter (LC),24 HOUR,811,Met One SASS/SuperSASS Teflon - Energy Dispersive XRF,not proven,not present in AirData daily file
fairbanks_state_building_2009-02-12,state_building,2009-02-12,02-090-0010,88124,Gallium,Gallium PM2.5 LC,0,Micrograms/cubic meter (LC),24 HOUR,811,Met One SASS Teflon - Energy Dispersive XRF,not proven,not present in AirData daily file
fairbanks_state_building_2009-02-12,state_building,2009-02-12,02-090-0010,88126,Iron,Iron PM2.5 LC,0.0539,Micrograms/cubic meter (LC),24 HOUR,811,Met One SASS/SuperSASS Teflon - Energy Dispersive XRF,not proven,not present in AirData daily file
fairbanks_state_building_2009-02-12,state_building,2009-02-12,02-090-0010,88128,Lead,Lead PM2.5 LC,0,Micrograms/cubic meter (LC),24 HOUR,811,Met One SASS/SuperSASS Teflon - Energy Dispersive XRF,not proven,not present in AirData daily file
fairbanks_state_building_2009-02-12,state_building,2009-02-12,02-090-0010,88131,Indium,Indium PM2.5 LC,0,Micrograms/cubic meter (LC),24 HOUR,811,Met One SASS/SuperSASS Teflon - Energy Dispersive XRF,not proven,not present in AirData daily file
fairbanks_state_building_2009-02-12,state_building,2009-02-12,02-090-0010,88132,Manganese,Manganese PM2.5 LC,0,Micrograms/cubic meter (LC),24 HOUR,811,Met One SASS/SuperSASS Teflon - Energy Dispersive XRF,not proven,not present in AirData daily file
fairbanks_state_building_2009-02-12,state_building,2009-02-12,02-090-0010,88134,Molybdenum,Molybdenum PM2.5 LC,0,Micrograms/cubic meter (LC),24 HOUR,811,Met One SASS Teflon - Energy Dispersive XRF,not proven,not present in AirData daily file
fairbanks_state_building_2009-02-12,state_building,2009-02-12,02-090-0010,88136,Nickel,Nickel PM2.5 LC,0,Micrograms/cubic meter (LC),24 HOUR,811,Met One SASS/SuperSASS Teflon - Energy Dispersive XRF,not proven,not present in AirData daily file
fairbanks_state_building_2009-02-12,state_building,2009-02-12,02-090-0010,88140,Magnesium,Magnesium PM2.5 LC,0,Micrograms/cubic meter (LC),24 HOUR,811,Met One SASS/SuperSASS Teflon - Energy Dispersive XRF,not proven,not present in AirData daily file
fairbanks_state_building_2009-02-12,state_building,2009-02-12,02-090-0010,88142,Mercury,Mercury PM2.5 LC,0,Micrograms/cubic meter (LC),24 HOUR,811,Met One SASS Teflon - Energy Dispersive XRF,not proven,not present in AirData daily file
fairbanks_state_building_2009-02-12,state_building,2009-02-12,02-090-0010,88146,Lanthanum,Lanthanum PM2.5 LC,0,Micrograms/cubic meter (LC),24 HOUR,811,Met One SASS Teflon - Energy Dispersive XRF,not proven,not present in AirData daily file
fairbanks_state_building_2009-02-12,state_building,2009-02-12,02-090-0010,88152,Phosphorus,Phosphorus PM2.5 LC,0,Micrograms/cubic meter (LC),24 HOUR,811,Met One SASS/SuperSASS Teflon - Energy Dispersive XRF,not proven,not present in AirData daily file
fairbanks_state_building_2009-02-12,state_building,2009-02-12,02-090-0010,88154,Selenium,Selenium PM2.5 LC,0,Micrograms/cubic meter (LC),24 HOUR,811,Met One SASS/SuperSASS Teflon - Energy Dispersive XRF,not proven,not present in AirData daily file
fairbanks_state_building_2009-02-12,state_building,2009-02-12,02-090-0010,88160,Tin,Tin PM2.5 LC,0,Micrograms/cubic meter (LC),24 HOUR,811,Met One SASS/SuperSASS Teflon - Energy Dispersive XRF,not proven,not present in AirData daily file
fairbanks_state_building_2009-02-12,state_building,2009-02-12,02-090-0010,88161,Titanium,Titanium PM2.5 LC,0,Micrograms/cubic meter (LC),24 HOUR,811,Met One SASS/SuperSASS Teflon - Energy Dispersive XRF,not proven,not present in AirData daily file
fairbanks_state_building_2009-02-12,state_building,2009-02-12,02-090-0010,88164,Vanadium,Vanadium PM2.5 LC,0,Micrograms/cubic meter (LC),24 HOUR,811,Met One SASS/SuperSASS Teflon - Energy Dispersive XRF,not proven,not present in AirData daily file
fairbanks_state_building_2009-02-12,state_building,2009-02-12,02-090-0010,88165,Silicon,Silicon PM2.5 LC,0.018,Micrograms/cubic meter (LC),24 HOUR,811,Met One SASS/SuperSASS Teflon - Energy Dispersive XRF,not proven,not present in AirData daily file
fairbanks_state_building_2009-02-12,state_building,2009-02-12,02-090-0010,88166,Silver,Silver PM2.5 LC,0.001,Micrograms/cubic meter (LC),24 HOUR,811,Met One SASS/SuperSASS Teflon - Energy Dispersive XRF,not proven,not present in AirData daily file
fairbanks_state_building_2009-02-12,state_building,2009-02-12,02-090-0010,88167,Zinc,Zinc PM2.5 LC,0.0404,Micrograms/cubic meter (LC),24 HOUR,811,Met One SASS/SuperSASS Teflon - Energy Dispersive XRF,not proven,not present in AirData daily file
fairbanks_state_building_2009-02-12,state_building,2009-02-12,02-090-0010,88168,Strontium,Strontium PM2.5 LC,0.0341,Micrograms/cubic meter (LC),24 HOUR,811,Met One SASS/SuperSASS Teflon - Energy Dispersive XRF,not proven,not present in AirData daily file
fairbanks_state_building_2009-02-12,state_building,2009-02-12,02-090-0010,88169,Sulfur,Sulfur PM2.5 LC,0.968,Micrograms/cubic meter (LC),24 HOUR,811,Met One SASS/SuperSASS Teflon - Energy Dispersive XRF,not proven,not present in AirData daily file
fairbanks_state_building_2009-02-12,state_building,2009-02-12,02-090-0010,88176,Rubidium,Rubidium PM2.5 LC,0,Micrograms/cubic meter (LC),24 HOUR,811,Met One SASS/SuperSASS Teflon - Energy Dispersive XRF,not proven,not present in AirData daily file
fairbanks_state_building_2009-02-12,state_building,2009-02-12,02-090-0010,88180,Potassium,Potassium PM2.5 LC,0.144,Micrograms/cubic meter (LC),24 HOUR,811,Met One SASS/SuperSASS Teflon - Energy Dispersive XRF,not proven,not present in AirData daily file
fairbanks_state_building_2009-02-12,state_building,2009-02-12,02-090-0010,88183,Yttrium,Yttrium PM2.5 LC,0,Micrograms/cubic meter (LC),24 HOUR,811,Met One SASS Teflon - Energy Dispersive XRF,not proven,not present in AirData daily file
fairbanks_state_building_2009-02-12,state_building,2009-02-12,02-090-0010,88184,Sodium,Sodium PM2.5 LC,0,Micrograms/cubic meter (LC),24 HOUR,811,Met One SASS/SuperSASS Teflon - Energy Dispersive XRF,not proven,not present in AirData daily file
fairbanks_state_building_2009-02-12,state_building,2009-02-12,02-090-0010,88185,Zirconium,Zirconium PM2.5 LC,0,Micrograms/cubic meter (LC),24 HOUR,811,Met One SASS/SuperSASS Teflon - Energy Dispersive XRF,not proven,not present in AirData daily file
fairbanks_state_building_2009-02-12,state_building,2009-02-12,02-090-0010,88301,Ammonium,Ammonium Ion PM2.5 LC,1.32,Micrograms/cubic meter (LC),24 HOUR,812,Met One SASS/SuperSASS Nylon - Ion Chromatography,not proven,not present in AirData daily file
fairbanks_state_building_2009-02-12,state_building,2009-02-12,02-090-0010,88302,Sodium ion,Sodium Ion Pm2.5 LC,0.1,Micrograms/cubic meter (LC),24 HOUR,812,Met One SASS/SuperSASS Nylon - Ion Chromatography,not proven,not present in AirData daily file
fairbanks_state_building_2009-02-12,state_building,2009-02-12,02-090-0010,88303,Potassium ion,Potassium Ion PM2.5 LC,0.258,Micrograms/cubic meter (LC),24 HOUR,812,Met One SASS/SuperSASS Nylon - Ion Chromatography,not proven,not present in AirData daily file
fairbanks_state_building_2009-02-12,state_building,2009-02-12,02-090-0010,88305,Organic carbon,OC CSN Unadjusted PM2.5 LC TOT,10.4,Micrograms/cubic meter (LC),24 HOUR,813,Met One SASS Quartz - STN TOT,not proven,not present in AirData daily file
fairbanks_state_building_2009-02-12,state_building,2009-02-12,02-090-0010,88306,Nitrate,Total Nitrate PM2.5 LC,1.87,Micrograms/cubic meter (LC),24 HOUR,812,Met One SASS/SuperSASS Nylon - Ion Chromatography,not proven,not present in AirData daily file
fairbanks_state_building_2009-02-12,state_building,2009-02-12,02-090-0010,88307,Elemental carbon,EC CSN PM2.5 LC TOT,1.26,Micrograms/cubic meter (LC),24 HOUR,813,Met One SASS Quartz - STN TOT,not proven,not present in AirData daily file
fairbanks_state_building_2009-02-12,state_building,2009-02-12,02-090-0010,88403,Sulfate,Sulfate PM2.5 LC,2.65,Micrograms/cubic meter (LC),24 HOUR,812,Met One SASS/SuperSASS Nylon - Ion Chromatography,not proven,not present in AirData daily file
fairbanks_state_building_2009-02-15,state_building,2009-02-15,02-090-0010,88102,Antimony,Antimony PM2.5 LC,0,Micrograms/cubic meter (LC),24 HOUR,811,Met One SASS/SuperSASS Teflon - Energy dispersive XRF,not proven,not present in AirData daily file
fairbanks_state_building_2009-02-15,state_building,2009-02-15,02-090-0010,88103,Arsenic,Arsenic PM2.5 LC,0,Micrograms/cubic meter (LC),24 HOUR,811,Met One SASS/SuperSASS Teflon - Energy dispersive XRF,not proven,not present in AirData daily file
fairbanks_state_building_2009-02-15,state_building,2009-02-15,02-090-0010,88104,Aluminum,Aluminum PM2.5 LC,0,Micrograms/cubic meter (LC),24 HOUR,811,Met One SASS/SuperSASS Teflon - Energy dispersive XRF,not proven,not present in AirData daily file
fairbanks_state_building_2009-02-15,state_building,2009-02-15,02-090-0010,88107,Barium,Barium PM2.5 LC,0,Micrograms/cubic meter (LC),24 HOUR,811,Met One SASS/SuperSASS Teflon - Energy dispersive XRF,not proven,not present in AirData daily file
fairbanks_state_building_2009-02-15,state_building,2009-02-15,02-090-0010,88109,Bromine,Bromine PM2.5 LC,0,Micrograms/cubic meter (LC),24 HOUR,811,Met One SASS/SuperSASS Teflon - Energy dispersive XRF,not proven,not present in AirData daily file
fairbanks_state_building_2009-02-15,state_building,2009-02-15,02-090-0010,88110,Cadmium,Cadmium PM2.5 LC,0,Micrograms/cubic meter (LC),24 HOUR,811,Met One SASS/SuperSASS Teflon - Energy dispersive XRF,not proven,not present in AirData daily file
fairbanks_state_building_2009-02-15,state_building,2009-02-15,02-090-0010,88111,Calcium,Calcium PM2.5 LC,0.0695,Micrograms/cubic meter (LC),24 HOUR,811,Met One SASS/SuperSASS Teflon - Energy dispersive XRF,not proven,not present in AirData daily file
fairbanks_state_building_2009-02-15,state_building,2009-02-15,02-090-0010,88112,Chromium,Chromium PM2.5 LC,0,Micrograms/cubic meter (LC),24 HOUR,811,Met One SASS/SuperSASS Teflon - Energy dispersive XRF,not proven,not present in AirData daily file
fairbanks_state_building_2009-02-15,state_building,2009-02-15,02-090-0010,88113,Cobalt,Cobalt PM2.5 LC,0,Micrograms/cubic meter (LC),24 HOUR,811,Met One SASS/SuperSASS Teflon - Energy Dispersive XRF,not proven,not present in AirData daily file
fairbanks_state_building_2009-02-15,state_building,2009-02-15,02-090-0010,88114,Copper,Copper PM2.5 LC,0.0049,Micrograms/cubic meter (LC),24 HOUR,811,Met One SASS/SuperSASS Teflon - Energy dispersive XRF,not proven,not present in AirData daily file
fairbanks_state_building_2009-02-15,state_building,2009-02-15,02-090-0010,88115,Chlorine,Chlorine PM2.5 LC,0.143,Micrograms/cubic meter (LC),24 HOUR,811,Met One SASS/SuperSASS Teflon - Energy Dispersive XRF,not proven,not present in AirData daily file
fairbanks_state_building_2009-02-15,state_building,2009-02-15,02-090-0010,88124,Gallium,Gallium PM2.5 LC,0,Micrograms/cubic meter (LC),24 HOUR,811,Met One SASS Teflon - Energy Dispersive XRF,not proven,not present in AirData daily file
fairbanks_state_building_2009-02-15,state_building,2009-02-15,02-090-0010,88126,Iron,Iron PM2.5 LC,0.0534,Micrograms/cubic meter (LC),24 HOUR,811,Met One SASS/SuperSASS Teflon - Energy Dispersive XRF,not proven,not present in AirData daily file
fairbanks_state_building_2009-02-15,state_building,2009-02-15,02-090-0010,88128,Lead,Lead PM2.5 LC,0.0027,Micrograms/cubic meter (LC),24 HOUR,811,Met One SASS/SuperSASS Teflon - Energy Dispersive XRF,not proven,not present in AirData daily file
fairbanks_state_building_2009-02-15,state_building,2009-02-15,02-090-0010,88131,Indium,Indium PM2.5 LC,0,Micrograms/cubic meter (LC),24 HOUR,811,Met One SASS/SuperSASS Teflon - Energy Dispersive XRF,not proven,not present in AirData daily file
fairbanks_state_building_2009-02-15,state_building,2009-02-15,02-090-0010,88132,Manganese,Manganese PM2.5 LC,0,Micrograms/cubic meter (LC),24 HOUR,811,Met One SASS/SuperSASS Teflon - Energy Dispersive XRF,not proven,not present in AirData daily file
fairbanks_state_building_2009-02-15,state_building,2009-02-15,02-090-0010,88134,Molybdenum,Molybdenum PM2.5 LC,0,Micrograms/cubic meter (LC),24 HOUR,811,Met One SASS Teflon - Energy Dispersive XRF,not proven,not present in AirData daily file
fairbanks_state_building_2009-02-15,state_building,2009-02-15,02-090-0010,88136,Nickel,Nickel PM2.5 LC,0,Micrograms/cubic meter (LC),24 HOUR,811,Met One SASS/SuperSASS Teflon - Energy Dispersive XRF,not proven,not present in AirData daily file
fairbanks_state_building_2009-02-15,state_building,2009-02-15,02-090-0010,88140,Magnesium,Magnesium PM2.5 LC,0.003,Micrograms/cubic meter (LC),24 HOUR,811,Met One SASS/SuperSASS Teflon - Energy Dispersive XRF,not proven,not present in AirData daily file
fairbanks_state_building_2009-02-15,state_building,2009-02-15,02-090-0010,88142,Mercury,Mercury PM2.5 LC,0.002,Micrograms/cubic meter (LC),24 HOUR,811,Met One SASS Teflon - Energy Dispersive XRF,not proven,not present in AirData daily file
fairbanks_state_building_2009-02-15,state_building,2009-02-15,02-090-0010,88146,Lanthanum,Lanthanum PM2.5 LC,0,Micrograms/cubic meter (LC),24 HOUR,811,Met One SASS Teflon - Energy Dispersive XRF,not proven,not present in AirData daily file
fairbanks_state_building_2009-02-15,state_building,2009-02-15,02-090-0010,88152,Phosphorus,Phosphorus PM2.5 LC,0,Micrograms/cubic meter (LC),24 HOUR,811,Met One SASS/SuperSASS Teflon - Energy Dispersive XRF,not proven,not present in AirData daily file
fairbanks_state_building_2009-02-15,state_building,2009-02-15,02-090-0010,88154,Selenium,Selenium PM2.5 LC,0,Micrograms/cubic meter (LC),24 HOUR,811,Met One SASS/SuperSASS Teflon - Energy Dispersive XRF,not proven,not present in AirData daily file
fairbanks_state_building_2009-02-15,state_building,2009-02-15,02-090-0010,88160,Tin,Tin PM2.5 LC,0,Micrograms/cubic meter (LC),24 HOUR,811,Met One SASS/SuperSASS Teflon - Energy Dispersive XRF,not proven,not present in AirData daily file
fairbanks_state_building_2009-02-15,state_building,2009-02-15,02-090-0010,88161,Titanium,Titanium PM2.5 LC,0.003,Micrograms/cubic meter (LC),24 HOUR,811,Met One SASS/SuperSASS Teflon - Energy Dispersive XRF,not proven,not present in AirData daily file
fairbanks_state_building_2009-02-15,state_building,2009-02-15,02-090-0010,88164,Vanadium,Vanadium PM2.5 LC,0,Micrograms/cubic meter (LC),24 HOUR,811,Met One SASS/SuperSASS Teflon - Energy Dispersive XRF,not proven,not present in AirData daily file
fairbanks_state_building_2009-02-15,state_building,2009-02-15,02-090-0010,88165,Silicon,Silicon PM2.5 LC,0.036,Micrograms/cubic meter (LC),24 HOUR,811,Met One SASS/SuperSASS Teflon - Energy Dispersive XRF,not proven,not present in AirData daily file
fairbanks_state_building_2009-02-15,state_building,2009-02-15,02-090-0010,88166,Silver,Silver PM2.5 LC,0,Micrograms/cubic meter (LC),24 HOUR,811,Met One SASS/SuperSASS Teflon - Energy Dispersive XRF,not proven,not present in AirData daily file
fairbanks_state_building_2009-02-15,state_building,2009-02-15,02-090-0010,88167,Zinc,Zinc PM2.5 LC,0.0801,Micrograms/cubic meter (LC),24 HOUR,811,Met One SASS/SuperSASS Teflon - Energy Dispersive XRF,not proven,not present in AirData daily file
fairbanks_state_building_2009-02-15,state_building,2009-02-15,02-090-0010,88168,Strontium,Strontium PM2.5 LC,0.0033,Micrograms/cubic meter (LC),24 HOUR,811,Met One SASS/SuperSASS Teflon - Energy Dispersive XRF,not proven,not present in AirData daily file
fairbanks_state_building_2009-02-15,state_building,2009-02-15,02-090-0010,88169,Sulfur,Sulfur PM2.5 LC,1.77,Micrograms/cubic meter (LC),24 HOUR,811,Met One SASS/SuperSASS Teflon - Energy Dispersive XRF,not proven,not present in AirData daily file
fairbanks_state_building_2009-02-15,state_building,2009-02-15,02-090-0010,88176,Rubidium,Rubidium PM2.5 LC,0,Micrograms/cubic meter (LC),24 HOUR,811,Met One SASS/SuperSASS Teflon - Energy Dispersive XRF,not proven,not present in AirData daily file
fairbanks_state_building_2009-02-15,state_building,2009-02-15,02-090-0010,88180,Potassium,Potassium PM2.5 LC,0.161,Micrograms/cubic meter (LC),24 HOUR,811,Met One SASS/SuperSASS Teflon - Energy Dispersive XRF,not proven,not present in AirData daily file
fairbanks_state_building_2009-02-15,state_building,2009-02-15,02-090-0010,88183,Yttrium,Yttrium PM2.5 LC,0,Micrograms/cubic meter (LC),24 HOUR,811,Met One SASS Teflon - Energy Dispersive XRF,not proven,not present in AirData daily file
fairbanks_state_building_2009-02-15,state_building,2009-02-15,02-090-0010,88184,Sodium,Sodium PM2.5 LC,0.046,Micrograms/cubic meter (LC),24 HOUR,811,Met One SASS/SuperSASS Teflon - Energy Dispersive XRF,not proven,not present in AirData daily file
fairbanks_state_building_2009-02-15,state_building,2009-02-15,02-090-0010,88185,Zirconium,Zirconium PM2.5 LC,0,Micrograms/cubic meter (LC),24 HOUR,811,Met One SASS/SuperSASS Teflon - Energy Dispersive XRF,not proven,not present in AirData daily file
fairbanks_state_building_2009-02-15,state_building,2009-02-15,02-090-0010,88301,Ammonium,Ammonium Ion PM2.5 LC,2.62,Micrograms/cubic meter (LC),24 HOUR,812,Met One SASS/SuperSASS Nylon - Ion Chromatography,not proven,not present in AirData daily file
fairbanks_state_building_2009-02-15,state_building,2009-02-15,02-090-0010,88302,Sodium ion,Sodium Ion Pm2.5 LC,0.04,Micrograms/cubic meter (LC),24 HOUR,812,Met One SASS/SuperSASS Nylon - Ion Chromatography,not proven,not present in AirData daily file
fairbanks_state_building_2009-02-15,state_building,2009-02-15,02-090-0010,88303,Potassium ion,Potassium Ion PM2.5 LC,0.161,Micrograms/cubic meter (LC),24 HOUR,812,Met One SASS/SuperSASS Nylon - Ion Chromatography,not proven,not present in AirData daily file
fairbanks_state_building_2009-02-15,state_building,2009-02-15,02-090-0010,88305,Organic carbon,OC CSN Unadjusted PM2.5 LC TOT,13.4,Micrograms/cubic meter (LC),24 HOUR,813,Met One SASS Quartz - STN TOT,not proven,not present in AirData daily file
fairbanks_state_building_2009-02-15,state_building,2009-02-15,02-090-0010,88306,Nitrate,Total Nitrate PM2.5 LC,2.65,Micrograms/cubic meter (LC),24 HOUR,812,Met One SASS/SuperSASS Nylon - Ion Chromatography,not proven,not present in AirData daily file
fairbanks_state_building_2009-02-15,state_building,2009-02-15,02-090-0010,88307,Elemental carbon,EC CSN PM2.5 LC TOT,1.83,Micrograms/cubic meter (LC),24 HOUR,813,Met One SASS Quartz - STN TOT,not proven,not present in AirData daily file
fairbanks_state_building_2009-02-15,state_building,2009-02-15,02-090-0010,88403,Sulfate,Sulfate PM2.5 LC,4.81,Micrograms/cubic meter (LC),24 HOUR,812,Met One SASS/SuperSASS Nylon - Ion Chromatography,not proven,not present in AirData daily file
fairbanks_state_building_2009-02-18,state_building,2009-02-18,02-090-0010,88102,Antimony,Antimony PM2.5 LC,0,Micrograms/cubic meter (LC),24 HOUR,811,Met One SASS/SuperSASS Teflon - Energy dispersive XRF,not proven,not present in AirData daily file
fairbanks_state_building_2009-02-18,state_building,2009-02-18,02-090-0010,88103,Arsenic,Arsenic PM2.5 LC,0,Micrograms/cubic meter (LC),24 HOUR,811,Met One SASS/SuperSASS Teflon - Energy dispersive XRF,not proven,not present in AirData daily file
fairbanks_state_building_2009-02-18,state_building,2009-02-18,02-090-0010,88104,Aluminum,Aluminum PM2.5 LC,0.055,Micrograms/cubic meter (LC),24 HOUR,811,Met One SASS/SuperSASS Teflon - Energy dispersive XRF,not proven,not present in AirData daily file
fairbanks_state_building_2009-02-18,state_building,2009-02-18,02-090-0010,88107,Barium,Barium PM2.5 LC,0,Micrograms/cubic meter (LC),24 HOUR,811,Met One SASS/SuperSASS Teflon - Energy dispersive XRF,not proven,not present in AirData daily file
fairbanks_state_building_2009-02-18,state_building,2009-02-18,02-090-0010,88109,Bromine,Bromine PM2.5 LC,0.0136,Micrograms/cubic meter (LC),24 HOUR,811,Met One SASS/SuperSASS Teflon - Energy dispersive XRF,not proven,not present in AirData daily file
fairbanks_state_building_2009-02-18,state_building,2009-02-18,02-090-0010,88110,Cadmium,Cadmium PM2.5 LC,0,Micrograms/cubic meter (LC),24 HOUR,811,Met One SASS/SuperSASS Teflon - Energy dispersive XRF,not proven,not present in AirData daily file
fairbanks_state_building_2009-02-18,state_building,2009-02-18,02-090-0010,88111,Calcium,Calcium PM2.5 LC,0.11,Micrograms/cubic meter (LC),24 HOUR,811,Met One SASS/SuperSASS Teflon - Energy dispersive XRF,not proven,not present in AirData daily file
fairbanks_state_building_2009-02-18,state_building,2009-02-18,02-090-0010,88112,Chromium,Chromium PM2.5 LC,0.001,Micrograms/cubic meter (LC),24 HOUR,811,Met One SASS/SuperSASS Teflon - Energy dispersive XRF,not proven,not present in AirData daily file
fairbanks_state_building_2009-02-18,state_building,2009-02-18,02-090-0010,88113,Cobalt,Cobalt PM2.5 LC,0.0011,Micrograms/cubic meter (LC),24 HOUR,811,Met One SASS/SuperSASS Teflon - Energy Dispersive XRF,not proven,not present in AirData daily file
fairbanks_state_building_2009-02-18,state_building,2009-02-18,02-090-0010,88114,Copper,Copper PM2.5 LC,0.0026,Micrograms/cubic meter (LC),24 HOUR,811,Met One SASS/SuperSASS Teflon - Energy dispersive XRF,not proven,not present in AirData daily file
fairbanks_state_building_2009-02-18,state_building,2009-02-18,02-090-0010,88115,Chlorine,Chlorine PM2.5 LC,0.471,Micrograms/cubic meter (LC),24 HOUR,811,Met One SASS/SuperSASS Teflon - Energy Dispersive XRF,not proven,not present in AirData daily file
fairbanks_state_building_2009-02-18,state_building,2009-02-18,02-090-0010,88124,Gallium,Gallium PM2.5 LC,0,Micrograms/cubic meter (LC),24 HOUR,811,Met One SASS Teflon - Energy Dispersive XRF,not proven,not present in AirData daily file
fairbanks_state_building_2009-02-18,state_building,2009-02-18,02-090-0010,88126,Iron,Iron PM2.5 LC,0.0595,Micrograms/cubic meter (LC),24 HOUR,811,Met One SASS/SuperSASS Teflon - Energy Dispersive XRF,not proven,not present in AirData daily file
fairbanks_state_building_2009-02-18,state_building,2009-02-18,02-090-0010,88128,Lead,Lead PM2.5 LC,0.001,Micrograms/cubic meter (LC),24 HOUR,811,Met One SASS/SuperSASS Teflon - Energy Dispersive XRF,not proven,not present in AirData daily file
fairbanks_state_building_2009-02-18,state_building,2009-02-18,02-090-0010,88131,Indium,Indium PM2.5 LC,0,Micrograms/cubic meter (LC),24 HOUR,811,Met One SASS/SuperSASS Teflon - Energy Dispersive XRF,not proven,not present in AirData daily file
fairbanks_state_building_2009-02-18,state_building,2009-02-18,02-090-0010,88132,Manganese,Manganese PM2.5 LC,0.002,Micrograms/cubic meter (LC),24 HOUR,811,Met One SASS/SuperSASS Teflon - Energy Dispersive XRF,not proven,not present in AirData daily file
fairbanks_state_building_2009-02-18,state_building,2009-02-18,02-090-0010,88134,Molybdenum,Molybdenum PM2.5 LC,0,Micrograms/cubic meter (LC),24 HOUR,811,Met One SASS Teflon - Energy Dispersive XRF,not proven,not present in AirData daily file
fairbanks_state_building_2009-02-18,state_building,2009-02-18,02-090-0010,88136,Nickel,Nickel PM2.5 LC,0,Micrograms/cubic meter (LC),24 HOUR,811,Met One SASS/SuperSASS Teflon - Energy Dispersive XRF,not proven,not present in AirData daily file
fairbanks_state_building_2009-02-18,state_building,2009-02-18,02-090-0010,88140,Magnesium,Magnesium PM2.5 LC,0.092,Micrograms/cubic meter (LC),24 HOUR,811,Met One SASS/SuperSASS Teflon - Energy Dispersive XRF,not proven,not present in AirData daily file
fairbanks_state_building_2009-02-18,state_building,2009-02-18,02-090-0010,88142,Mercury,Mercury PM2.5 LC,0.001,Micrograms/cubic meter (LC),24 HOUR,811,Met One SASS Teflon - Energy Dispersive XRF,not proven,not present in AirData daily file
fairbanks_state_building_2009-02-18,state_building,2009-02-18,02-090-0010,88146,Lanthanum,Lanthanum PM2.5 LC,0,Micrograms/cubic meter (LC),24 HOUR,811,Met One SASS Teflon - Energy Dispersive XRF,not proven,not present in AirData daily file
fairbanks_state_building_2009-02-18,state_building,2009-02-18,02-090-0010,88152,Phosphorus,Phosphorus PM2.5 LC,0.009,Micrograms/cubic meter (LC),24 HOUR,811,Met One SASS/SuperSASS Teflon - Energy Dispersive XRF,not proven,not present in AirData daily file
fairbanks_state_building_2009-02-18,state_building,2009-02-18,02-090-0010,88154,Selenium,Selenium PM2.5 LC,0,Micrograms/cubic meter (LC),24 HOUR,811,Met One SASS/SuperSASS Teflon - Energy Dispersive XRF,not proven,not present in AirData daily file
fairbanks_state_building_2009-02-18,state_building,2009-02-18,02-090-0010,88160,Tin,Tin PM2.5 LC,0,Micrograms/cubic meter (LC),24 HOUR,811,Met One SASS/SuperSASS Teflon - Energy Dispersive XRF,not proven,not present in AirData daily file
fairbanks_state_building_2009-02-18,state_building,2009-02-18,02-090-0010,88161,Titanium,Titanium PM2.5 LC,0.002,Micrograms/cubic meter (LC),24 HOUR,811,Met One SASS/SuperSASS Teflon - Energy Dispersive XRF,not proven,not present in AirData daily file
fairbanks_state_building_2009-02-18,state_building,2009-02-18,02-090-0010,88164,Vanadium,Vanadium PM2.5 LC,0,Micrograms/cubic meter (LC),24 HOUR,811,Met One SASS/SuperSASS Teflon - Energy Dispersive XRF,not proven,not present in AirData daily file
fairbanks_state_building_2009-02-18,state_building,2009-02-18,02-090-0010,88165,Silicon,Silicon PM2.5 LC,0.062,Micrograms/cubic meter (LC),24 HOUR,811,Met One SASS/SuperSASS Teflon - Energy Dispersive XRF,not proven,not present in AirData daily file
fairbanks_state_building_2009-02-18,state_building,2009-02-18,02-090-0010,88166,Silver,Silver PM2.5 LC,0,Micrograms/cubic meter (LC),24 HOUR,811,Met One SASS/SuperSASS Teflon - Energy Dispersive XRF,not proven,not present in AirData daily file
fairbanks_state_building_2009-02-18,state_building,2009-02-18,02-090-0010,88167,Zinc,Zinc PM2.5 LC,0.0626,Micrograms/cubic meter (LC),24 HOUR,811,Met One SASS/SuperSASS Teflon - Energy Dispersive XRF,not proven,not present in AirData daily file
fairbanks_state_building_2009-02-18,state_building,2009-02-18,02-090-0010,88168,Strontium,Strontium PM2.5 LC,0.001,Micrograms/cubic meter (LC),24 HOUR,811,Met One SASS/SuperSASS Teflon - Energy Dispersive XRF,not proven,not present in AirData daily file
fairbanks_state_building_2009-02-18,state_building,2009-02-18,02-090-0010,88169,Sulfur,Sulfur PM2.5 LC,1.6,Micrograms/cubic meter (LC),24 HOUR,811,Met One SASS/SuperSASS Teflon - Energy Dispersive XRF,not proven,not present in AirData daily file
fairbanks_state_building_2009-02-18,state_building,2009-02-18,02-090-0010,88176,Rubidium,Rubidium PM2.5 LC,0,Micrograms/cubic meter (LC),24 HOUR,811,Met One SASS/SuperSASS Teflon - Energy Dispersive XRF,not proven,not present in AirData daily file
fairbanks_state_building_2009-02-18,state_building,2009-02-18,02-090-0010,88180,Potassium,Potassium PM2.5 LC,0.097,Micrograms/cubic meter (LC),24 HOUR,811,Met One SASS/SuperSASS Teflon - Energy Dispersive XRF,not proven,not present in AirData daily file
fairbanks_state_building_2009-02-18,state_building,2009-02-18,02-090-0010,88183,Yttrium,Yttrium PM2.5 LC,0,Micrograms/cubic meter (LC),24 HOUR,811,Met One SASS Teflon - Energy Dispersive XRF,not proven,not present in AirData daily file
fairbanks_state_building_2009-02-18,state_building,2009-02-18,02-090-0010,88184,Sodium,Sodium PM2.5 LC,0.239,Micrograms/cubic meter (LC),24 HOUR,811,Met One SASS/SuperSASS Teflon - Energy Dispersive XRF,not proven,not present in AirData daily file
fairbanks_state_building_2009-02-18,state_building,2009-02-18,02-090-0010,88185,Zirconium,Zirconium PM2.5 LC,0,Micrograms/cubic meter (LC),24 HOUR,811,Met One SASS/SuperSASS Teflon - Energy Dispersive XRF,not proven,not present in AirData daily file
fairbanks_state_building_2009-02-18,state_building,2009-02-18,02-090-0010,88301,Ammonium,Ammonium Ion PM2.5 LC,1.84,Micrograms/cubic meter (LC),24 HOUR,812,Met One SASS/SuperSASS Nylon - Ion Chromatography,not proven,not present in AirData daily file
fairbanks_state_building_2009-02-18,state_building,2009-02-18,02-090-0010,88302,Sodium ion,Sodium Ion Pm2.5 LC,0.3,Micrograms/cubic meter (LC),24 HOUR,812,Met One SASS/SuperSASS Nylon - Ion Chromatography,not proven,not present in AirData daily file
fairbanks_state_building_2009-02-18,state_building,2009-02-18,02-090-0010,88303,Potassium ion,Potassium Ion PM2.5 LC,0.133,Micrograms/cubic meter (LC),24 HOUR,812,Met One SASS/SuperSASS Nylon - Ion Chromatography,not proven,not present in AirData daily file
fairbanks_state_building_2009-02-18,state_building,2009-02-18,02-090-0010,88305,Organic carbon,OC CSN Unadjusted PM2.5 LC TOT,10.9,Micrograms/cubic meter (LC),24 HOUR,813,Met One SASS Quartz - STN TOT,not proven,not present in AirData daily file
fairbanks_state_building_2009-02-18,state_building,2009-02-18,02-090-0010,88306,Nitrate,Total Nitrate PM2.5 LC,1.35,Micrograms/cubic meter (LC),24 HOUR,812,Met One SASS/SuperSASS Nylon - Ion Chromatography,not proven,not present in AirData daily file
fairbanks_state_building_2009-02-18,state_building,2009-02-18,02-090-0010,88307,Elemental carbon,EC CSN PM2.5 LC TOT,1.3,Micrograms/cubic meter (LC),24 HOUR,813,Met One SASS Quartz - STN TOT,not proven,not present in AirData daily file
fairbanks_state_building_2009-02-18,state_building,2009-02-18,02-090-0010,88403,Sulfate,Sulfate PM2.5 LC,4.12,Micrograms/cubic meter (LC),24 HOUR,812,Met One SASS/SuperSASS Nylon - Ion Chromatography,not proven,not present in AirData daily file
fairbanks_state_building_2009-02-21,state_building,2009-02-21,02-090-0010,88102,Antimony,Antimony PM2.5 LC,0.001,Micrograms/cubic meter (LC),24 HOUR,811,Met One SASS/SuperSASS Teflon - Energy dispersive XRF,not proven,not present in AirData daily file
fairbanks_state_building_2009-02-21,state_building,2009-02-21,02-090-0010,88103,Arsenic,Arsenic PM2.5 LC,0,Micrograms/cubic meter (LC),24 HOUR,811,Met One SASS/SuperSASS Teflon - Energy dispersive XRF,not proven,not present in AirData daily file
fairbanks_state_building_2009-02-21,state_building,2009-02-21,02-090-0010,88104,Aluminum,Aluminum PM2.5 LC,0.019,Micrograms/cubic meter (LC),24 HOUR,811,Met One SASS/SuperSASS Teflon - Energy dispersive XRF,not proven,not present in AirData daily file
fairbanks_state_building_2009-02-21,state_building,2009-02-21,02-090-0010,88107,Barium,Barium PM2.5 LC,0,Micrograms/cubic meter (LC),24 HOUR,811,Met One SASS/SuperSASS Teflon - Energy dispersive XRF,not proven,not present in AirData daily file
fairbanks_state_building_2009-02-21,state_building,2009-02-21,02-090-0010,88109,Bromine,Bromine PM2.5 LC,0.0076,Micrograms/cubic meter (LC),24 HOUR,811,Met One SASS/SuperSASS Teflon - Energy dispersive XRF,not proven,not present in AirData daily file
fairbanks_state_building_2009-02-21,state_building,2009-02-21,02-090-0010,88110,Cadmium,Cadmium PM2.5 LC,0.014,Micrograms/cubic meter (LC),24 HOUR,811,Met One SASS/SuperSASS Teflon - Energy dispersive XRF,not proven,not present in AirData daily file
fairbanks_state_building_2009-02-21,state_building,2009-02-21,02-090-0010,88111,Calcium,Calcium PM2.5 LC,0.0477,Micrograms/cubic meter (LC),24 HOUR,811,Met One SASS/SuperSASS Teflon - Energy dispersive XRF,not proven,not present in AirData daily file
fairbanks_state_building_2009-02-21,state_building,2009-02-21,02-090-0010,88112,Chromium,Chromium PM2.5 LC,0.001,Micrograms/cubic meter (LC),24 HOUR,811,Met One SASS/SuperSASS Teflon - Energy dispersive XRF,not proven,not present in AirData daily file
fairbanks_state_building_2009-02-21,state_building,2009-02-21,02-090-0010,88113,Cobalt,Cobalt PM2.5 LC,0,Micrograms/cubic meter (LC),24 HOUR,811,Met One SASS/SuperSASS Teflon - Energy Dispersive XRF,not proven,not present in AirData daily file
fairbanks_state_building_2009-02-21,state_building,2009-02-21,02-090-0010,88114,Copper,Copper PM2.5 LC,0.002,Micrograms/cubic meter (LC),24 HOUR,811,Met One SASS/SuperSASS Teflon - Energy dispersive XRF,not proven,not present in AirData daily file
fairbanks_state_building_2009-02-21,state_building,2009-02-21,02-090-0010,88115,Chlorine,Chlorine PM2.5 LC,0.55,Micrograms/cubic meter (LC),24 HOUR,811,Met One SASS/SuperSASS Teflon - Energy Dispersive XRF,not proven,not present in AirData daily file
fairbanks_state_building_2009-02-21,state_building,2009-02-21,02-090-0010,88126,Iron,Iron PM2.5 LC,0.0134,Micrograms/cubic meter (LC),24 HOUR,811,Met One SASS/SuperSASS Teflon - Energy Dispersive XRF,not proven,not present in AirData daily file
fairbanks_state_building_2009-02-21,state_building,2009-02-21,02-090-0010,88128,Lead,Lead PM2.5 LC,0.0053,Micrograms/cubic meter (LC),24 HOUR,811,Met One SASS/SuperSASS Teflon - Energy Dispersive XRF,not proven,not present in AirData daily file
fairbanks_state_building_2009-02-21,state_building,2009-02-21,02-090-0010,88131,Indium,Indium PM2.5 LC,0.018,Micrograms/cubic meter (LC),24 HOUR,811,Met One SASS/SuperSASS Teflon - Energy Dispersive XRF,not proven,not present in AirData daily file
fairbanks_state_building_2009-02-21,state_building,2009-02-21,02-090-0010,88132,Manganese,Manganese PM2.5 LC,0.001,Micrograms/cubic meter (LC),24 HOUR,811,Met One SASS/SuperSASS Teflon - Energy Dispersive XRF,not proven,not present in AirData daily file
fairbanks_state_building_2009-02-21,state_building,2009-02-21,02-090-0010,88136,Nickel,Nickel PM2.5 LC,0.001,Micrograms/cubic meter (LC),24 HOUR,811,Met One SASS/SuperSASS Teflon - Energy Dispersive XRF,not proven,not present in AirData daily file
fairbanks_state_building_2009-02-21,state_building,2009-02-21,02-090-0010,88140,Magnesium,Magnesium PM2.5 LC,0,Micrograms/cubic meter (LC),24 HOUR,811,Met One SASS/SuperSASS Teflon - Energy Dispersive XRF,not proven,not present in AirData daily file
fairbanks_state_building_2009-02-21,state_building,2009-02-21,02-090-0010,88152,Phosphorus,Phosphorus PM2.5 LC,0,Micrograms/cubic meter (LC),24 HOUR,811,Met One SASS/SuperSASS Teflon - Energy Dispersive XRF,not proven,not present in AirData daily file
fairbanks_state_building_2009-02-21,state_building,2009-02-21,02-090-0010,88154,Selenium,Selenium PM2.5 LC,0,Micrograms/cubic meter (LC),24 HOUR,811,Met One SASS/SuperSASS Teflon - Energy Dispersive XRF,not proven,not present in AirData daily file
fairbanks_state_building_2009-02-21,state_building,2009-02-21,02-090-0010,88160,Tin,Tin PM2.5 LC,0.047,Micrograms/cubic meter (LC),24 HOUR,811,Met One SASS/SuperSASS Teflon - Energy Dispersive XRF,not proven,not present in AirData daily file
fairbanks_state_building_2009-02-21,state_building,2009-02-21,02-090-0010,88161,Titanium,Titanium PM2.5 LC,0,Micrograms/cubic meter (LC),24 HOUR,811,Met One SASS/SuperSASS Teflon - Energy Dispersive XRF,not proven,not present in AirData daily file
fairbanks_state_building_2009-02-21,state_building,2009-02-21,02-090-0010,88164,Vanadium,Vanadium PM2.5 LC,0,Micrograms/cubic meter (LC),24 HOUR,811,Met One SASS/SuperSASS Teflon - Energy Dispersive XRF,not proven,not present in AirData daily file
fairbanks_state_building_2009-02-21,state_building,2009-02-21,02-090-0010,88165,Silicon,Silicon PM2.5 LC,0.024,Micrograms/cubic meter (LC),24 HOUR,811,Met One SASS/SuperSASS Teflon - Energy Dispersive XRF,not proven,not present in AirData daily file
fairbanks_state_building_2009-02-21,state_building,2009-02-21,02-090-0010,88166,Silver,Silver PM2.5 LC,0.006,Micrograms/cubic meter (LC),24 HOUR,811,Met One SASS/SuperSASS Teflon - Energy Dispersive XRF,not proven,not present in AirData daily file
fairbanks_state_building_2009-02-21,state_building,2009-02-21,02-090-0010,88167,Zinc,Zinc PM2.5 LC,0.0394,Micrograms/cubic meter (LC),24 HOUR,811,Met One SASS/SuperSASS Teflon - Energy Dispersive XRF,not proven,not present in AirData daily file
fairbanks_state_building_2009-02-21,state_building,2009-02-21,02-090-0010,88168,Strontium,Strontium PM2.5 LC,0.001,Micrograms/cubic meter (LC),24 HOUR,811,Met One SASS/SuperSASS Teflon - Energy Dispersive XRF,not proven,not present in AirData daily file
fairbanks_state_building_2009-02-21,state_building,2009-02-21,02-090-0010,88169,Sulfur,Sulfur PM2.5 LC,1.01,Micrograms/cubic meter (LC),24 HOUR,811,Met One SASS/SuperSASS Teflon - Energy Dispersive XRF,not proven,not present in AirData daily file
fairbanks_state_building_2009-02-21,state_building,2009-02-21,02-090-0010,88176,Rubidium,Rubidium PM2.5 LC,0.001,Micrograms/cubic meter (LC),24 HOUR,811,Met One SASS/SuperSASS Teflon - Energy Dispersive XRF,not proven,not present in AirData daily file
fairbanks_state_building_2009-02-21,state_building,2009-02-21,02-090-0010,88180,Potassium,Potassium PM2.5 LC,0.064,Micrograms/cubic meter (LC),24 HOUR,811,Met One SASS/SuperSASS Teflon - Energy Dispersive XRF,not proven,not present in AirData daily file
fairbanks_state_building_2009-02-21,state_building,2009-02-21,02-090-0010,88184,Sodium,Sodium PM2.5 LC,0.422,Micrograms/cubic meter (LC),24 HOUR,811,Met One SASS/SuperSASS Teflon - Energy Dispersive XRF,not proven,not present in AirData daily file
fairbanks_state_building_2009-02-21,state_building,2009-02-21,02-090-0010,88185,Zirconium,Zirconium PM2.5 LC,0,Micrograms/cubic meter (LC),24 HOUR,811,Met One SASS/SuperSASS Teflon - Energy Dispersive XRF,not proven,not present in AirData daily file
fairbanks_state_building_2009-02-21,state_building,2009-02-21,02-090-0010,88301,Ammonium,Ammonium Ion PM2.5 LC,1.66,Micrograms/cubic meter (LC),24 HOUR,812,Met One SASS/SuperSASS Nylon - Ion Chromatography,not proven,not present in AirData daily file
fairbanks_state_building_2009-02-21,state_building,2009-02-21,02-090-0010,88302,Sodium ion,Sodium Ion Pm2.5 LC,0.75,Micrograms/cubic meter (LC),24 HOUR,812,Met One SASS/SuperSASS Nylon - Ion Chromatography,not proven,not present in AirData daily file
fairbanks_state_building_2009-02-21,state_building,2009-02-21,02-090-0010,88303,Potassium ion,Potassium Ion PM2.5 LC,0.125,Micrograms/cubic meter (LC),24 HOUR,812,Met One SASS/SuperSASS Nylon - Ion Chromatography,not proven,not present in AirData daily file
fairbanks_state_building_2009-02-21,state_building,2009-02-21,02-090-0010,88305,Organic carbon,OC CSN Unadjusted PM2.5 LC TOT,9.37,Micrograms/cubic meter (LC),24 HOUR,813,Met One SASS Quartz - STN TOT,not proven,not present in AirData daily file
fairbanks_state_building_2009-02-21,state_building,2009-02-21,02-090-0010,88306,Nitrate,Total Nitrate PM2.5 LC,0.939,Micrograms/cubic meter (LC),24 HOUR,812,Met One SASS/SuperSASS Nylon - Ion Chromatography,not proven,not present in AirData daily file
fairbanks_state_building_2009-02-21,state_building,2009-02-21,02-090-0010,88307,Elemental carbon,EC CSN PM2.5 LC TOT,0.64,Micrograms/cubic meter (LC),24 HOUR,813,Met One SASS Quartz - STN TOT,not proven,not present in AirData daily file
fairbanks_state_building_2009-02-21,state_building,2009-02-21,02-090-0010,88403,Sulfate,Sulfate PM2.5 LC,3.49,Micrograms/cubic meter (LC),24 HOUR,812,Met One SASS/SuperSASS Nylon - Ion Chromatography,not proven,not present in AirData daily file
fairbanks_state_building_2009-02-24,state_building,2009-02-24,02-090-0010,88102,Antimony,Antimony PM2.5 LC,0,Micrograms/cubic meter (LC),24 HOUR,811,Met One SASS/SuperSASS Teflon - Energy dispersive XRF,not proven,not present in AirData daily file
fairbanks_state_building_2009-02-24,state_building,2009-02-24,02-090-0010,88103,Arsenic,Arsenic PM2.5 LC,0,Micrograms/cubic meter (LC),24 HOUR,811,Met One SASS/SuperSASS Teflon - Energy dispersive XRF,not proven,not present in AirData daily file
fairbanks_state_building_2009-02-24,state_building,2009-02-24,02-090-0010,88104,Aluminum,Aluminum PM2.5 LC,0.021,Micrograms/cubic meter (LC),24 HOUR,811,Met One SASS/SuperSASS Teflon - Energy dispersive XRF,not proven,not present in AirData daily file
fairbanks_state_building_2009-02-24,state_building,2009-02-24,02-090-0010,88107,Barium,Barium PM2.5 LC,0,Micrograms/cubic meter (LC),24 HOUR,811,Met One SASS/SuperSASS Teflon - Energy dispersive XRF,not proven,not present in AirData daily file
fairbanks_state_building_2009-02-24,state_building,2009-02-24,02-090-0010,88109,Bromine,Bromine PM2.5 LC,0.0093,Micrograms/cubic meter (LC),24 HOUR,811,Met One SASS/SuperSASS Teflon - Energy dispersive XRF,not proven,not present in AirData daily file
fairbanks_state_building_2009-02-24,state_building,2009-02-24,02-090-0010,88110,Cadmium,Cadmium PM2.5 LC,0.006,Micrograms/cubic meter (LC),24 HOUR,811,Met One SASS/SuperSASS Teflon - Energy dispersive XRF,not proven,not present in AirData daily file
fairbanks_state_building_2009-02-24,state_building,2009-02-24,02-090-0010,88111,Calcium,Calcium PM2.5 LC,0.0577,Micrograms/cubic meter (LC),24 HOUR,811,Met One SASS/SuperSASS Teflon - Energy dispersive XRF,not proven,not present in AirData daily file
fairbanks_state_building_2009-02-24,state_building,2009-02-24,02-090-0010,88112,Chromium,Chromium PM2.5 LC,0.002,Micrograms/cubic meter (LC),24 HOUR,811,Met One SASS/SuperSASS Teflon - Energy dispersive XRF,not proven,not present in AirData daily file
fairbanks_state_building_2009-02-24,state_building,2009-02-24,02-090-0010,88113,Cobalt,Cobalt PM2.5 LC,0,Micrograms/cubic meter (LC),24 HOUR,811,Met One SASS/SuperSASS Teflon - Energy Dispersive XRF,not proven,not present in AirData daily file
fairbanks_state_building_2009-02-24,state_building,2009-02-24,02-090-0010,88114,Copper,Copper PM2.5 LC,0.0033,Micrograms/cubic meter (LC),24 HOUR,811,Met One SASS/SuperSASS Teflon - Energy dispersive XRF,not proven,not present in AirData daily file
fairbanks_state_building_2009-02-24,state_building,2009-02-24,02-090-0010,88115,Chlorine,Chlorine PM2.5 LC,0.083,Micrograms/cubic meter (LC),24 HOUR,811,Met One SASS/SuperSASS Teflon - Energy Dispersive XRF,not proven,not present in AirData daily file
fairbanks_state_building_2009-02-24,state_building,2009-02-24,02-090-0010,88126,Iron,Iron PM2.5 LC,0.0441,Micrograms/cubic meter (LC),24 HOUR,811,Met One SASS/SuperSASS Teflon - Energy Dispersive XRF,not proven,not present in AirData daily file
fairbanks_state_building_2009-02-24,state_building,2009-02-24,02-090-0010,88128,Lead,Lead PM2.5 LC,0.0055,Micrograms/cubic meter (LC),24 HOUR,811,Met One SASS/SuperSASS Teflon - Energy Dispersive XRF,not proven,not present in AirData daily file
fairbanks_state_building_2009-02-24,state_building,2009-02-24,02-090-0010,88131,Indium,Indium PM2.5 LC,0,Micrograms/cubic meter (LC),24 HOUR,811,Met One SASS/SuperSASS Teflon - Energy Dispersive XRF,not proven,not present in AirData daily file
fairbanks_state_building_2009-02-24,state_building,2009-02-24,02-090-0010,88132,Manganese,Manganese PM2.5 LC,0.001,Micrograms/cubic meter (LC),24 HOUR,811,Met One SASS/SuperSASS Teflon - Energy Dispersive XRF,not proven,not present in AirData daily file
fairbanks_state_building_2009-02-24,state_building,2009-02-24,02-090-0010,88136,Nickel,Nickel PM2.5 LC,0,Micrograms/cubic meter (LC),24 HOUR,811,Met One SASS/SuperSASS Teflon - Energy Dispersive XRF,not proven,not present in AirData daily file
fairbanks_state_building_2009-02-24,state_building,2009-02-24,02-090-0010,88140,Magnesium,Magnesium PM2.5 LC,0,Micrograms/cubic meter (LC),24 HOUR,811,Met One SASS/SuperSASS Teflon - Energy Dispersive XRF,not proven,not present in AirData daily file
fairbanks_state_building_2009-02-24,state_building,2009-02-24,02-090-0010,88152,Phosphorus,Phosphorus PM2.5 LC,0,Micrograms/cubic meter (LC),24 HOUR,811,Met One SASS/SuperSASS Teflon - Energy Dispersive XRF,not proven,not present in AirData daily file
fairbanks_state_building_2009-02-24,state_building,2009-02-24,02-090-0010,88154,Selenium,Selenium PM2.5 LC,0,Micrograms/cubic meter (LC),24 HOUR,811,Met One SASS/SuperSASS Teflon - Energy Dispersive XRF,not proven,not present in AirData daily file
fairbanks_state_building_2009-02-24,state_building,2009-02-24,02-090-0010,88160,Tin,Tin PM2.5 LC,0,Micrograms/cubic meter (LC),24 HOUR,811,Met One SASS/SuperSASS Teflon - Energy Dispersive XRF,not proven,not present in AirData daily file
fairbanks_state_building_2009-02-24,state_building,2009-02-24,02-090-0010,88161,Titanium,Titanium PM2.5 LC,0,Micrograms/cubic meter (LC),24 HOUR,811,Met One SASS/SuperSASS Teflon - Energy Dispersive XRF,not proven,not present in AirData daily file
fairbanks_state_building_2009-02-24,state_building,2009-02-24,02-090-0010,88164,Vanadium,Vanadium PM2.5 LC,0,Micrograms/cubic meter (LC),24 HOUR,811,Met One SASS/SuperSASS Teflon - Energy Dispersive XRF,not proven,not present in AirData daily file
fairbanks_state_building_2009-02-24,state_building,2009-02-24,02-090-0010,88165,Silicon,Silicon PM2.5 LC,0.047,Micrograms/cubic meter (LC),24 HOUR,811,Met One SASS/SuperSASS Teflon - Energy Dispersive XRF,not proven,not present in AirData daily file
fairbanks_state_building_2009-02-24,state_building,2009-02-24,02-090-0010,88166,Silver,Silver PM2.5 LC,0.004,Micrograms/cubic meter (LC),24 HOUR,811,Met One SASS/SuperSASS Teflon - Energy Dispersive XRF,not proven,not present in AirData daily file
fairbanks_state_building_2009-02-24,state_building,2009-02-24,02-090-0010,88167,Zinc,Zinc PM2.5 LC,0.0533,Micrograms/cubic meter (LC),24 HOUR,811,Met One SASS/SuperSASS Teflon - Energy Dispersive XRF,not proven,not present in AirData daily file
fairbanks_state_building_2009-02-24,state_building,2009-02-24,02-090-0010,88168,Strontium,Strontium PM2.5 LC,0.0025,Micrograms/cubic meter (LC),24 HOUR,811,Met One SASS/SuperSASS Teflon - Energy Dispersive XRF,not proven,not present in AirData daily file
fairbanks_state_building_2009-02-24,state_building,2009-02-24,02-090-0010,88169,Sulfur,Sulfur PM2.5 LC,1.08,Micrograms/cubic meter (LC),24 HOUR,811,Met One SASS/SuperSASS Teflon - Energy Dispersive XRF,not proven,not present in AirData daily file
fairbanks_state_building_2009-02-24,state_building,2009-02-24,02-090-0010,88176,Rubidium,Rubidium PM2.5 LC,0,Micrograms/cubic meter (LC),24 HOUR,811,Met One SASS/SuperSASS Teflon - Energy Dispersive XRF,not proven,not present in AirData daily file
fairbanks_state_building_2009-02-24,state_building,2009-02-24,02-090-0010,88180,Potassium,Potassium PM2.5 LC,0.073,Micrograms/cubic meter (LC),24 HOUR,811,Met One SASS/SuperSASS Teflon - Energy Dispersive XRF,not proven,not present in AirData daily file
fairbanks_state_building_2009-02-24,state_building,2009-02-24,02-090-0010,88184,Sodium,Sodium PM2.5 LC,0.059,Micrograms/cubic meter (LC),24 HOUR,811,Met One SASS/SuperSASS Teflon - Energy Dispersive XRF,not proven,not present in AirData daily file
fairbanks_state_building_2009-02-24,state_building,2009-02-24,02-090-0010,88185,Zirconium,Zirconium PM2.5 LC,0,Micrograms/cubic meter (LC),24 HOUR,811,Met One SASS/SuperSASS Teflon - Energy Dispersive XRF,not proven,not present in AirData daily file
fairbanks_state_building_2009-02-24,state_building,2009-02-24,02-090-0010,88301,Ammonium,Ammonium Ion PM2.5 LC,1.68,Micrograms/cubic meter (LC),24 HOUR,812,Met One SASS/SuperSASS Nylon - Ion Chromatography,not proven,not present in AirData daily file
fairbanks_state_building_2009-02-24,state_building,2009-02-24,02-090-0010,88302,Sodium ion,Sodium Ion Pm2.5 LC,0.09,Micrograms/cubic meter (LC),24 HOUR,812,Met One SASS/SuperSASS Nylon - Ion Chromatography,not proven,not present in AirData daily file
fairbanks_state_building_2009-02-24,state_building,2009-02-24,02-090-0010,88303,Potassium ion,Potassium Ion PM2.5 LC,0.099,Micrograms/cubic meter (LC),24 HOUR,812,Met One SASS/SuperSASS Nylon - Ion Chromatography,not proven,not present in AirData daily file
fairbanks_state_building_2009-02-24,state_building,2009-02-24,02-090-0010,88305,Organic carbon,OC CSN Unadjusted PM2.5 LC TOT,9.58,Micrograms/cubic meter (LC),24 HOUR,813,Met One SASS Quartz - STN TOT,not proven,not present in AirData daily file
fairbanks_state_building_2009-02-24,state_building,2009-02-24,02-090-0010,88306,Nitrate,Total Nitrate PM2.5 LC,1.87,Micrograms/cubic meter (LC),24 HOUR,812,Met One SASS/SuperSASS Nylon - Ion Chromatography,not proven,not present in AirData daily file
fairbanks_state_building_2009-02-24,state_building,2009-02-24,02-090-0010,88307,Elemental carbon,EC CSN PM2.5 LC TOT,1.33,Micrograms/cubic meter (LC),24 HOUR,813,Met One SASS Quartz - STN TOT,not proven,not present in AirData daily file
fairbanks_state_building_2009-02-24,state_building,2009-02-24,02-090-0010,88403,Sulfate,Sulfate PM2.5 LC,3.2,Micrograms/cubic meter (LC),24 HOUR,812,Met One SASS/SuperSASS Nylon - Ion Chromatography,not proven,not present in AirData daily file
fairbanks_state_building_2009-02-27,state_building,2009-02-27,02-090-0010,88102,Antimony,Antimony PM2.5 LC,0,Micrograms/cubic meter (LC),24 HOUR,811,Met One SASS/SuperSASS Teflon - Energy dispersive XRF,not proven,not present in AirData daily file
fairbanks_state_building_2009-02-27,state_building,2009-02-27,02-090-0010,88103,Arsenic,Arsenic PM2.5 LC,0,Micrograms/cubic meter (LC),24 HOUR,811,Met One SASS/SuperSASS Teflon - Energy dispersive XRF,not proven,not present in AirData daily file
fairbanks_state_building_2009-02-27,state_building,2009-02-27,02-090-0010,88104,Aluminum,Aluminum PM2.5 LC,0,Micrograms/cubic meter (LC),24 HOUR,811,Met One SASS/SuperSASS Teflon - Energy dispersive XRF,not proven,not present in AirData daily file
fairbanks_state_building_2009-02-27,state_building,2009-02-27,02-090-0010,88107,Barium,Barium PM2.5 LC,0,Micrograms/cubic meter (LC),24 HOUR,811,Met One SASS/SuperSASS Teflon - Energy dispersive XRF,not proven,not present in AirData daily file
fairbanks_state_building_2009-02-27,state_building,2009-02-27,02-090-0010,88109,Bromine,Bromine PM2.5 LC,0.0062,Micrograms/cubic meter (LC),24 HOUR,811,Met One SASS/SuperSASS Teflon - Energy dispersive XRF,not proven,not present in AirData daily file
fairbanks_state_building_2009-02-27,state_building,2009-02-27,02-090-0010,88110,Cadmium,Cadmium PM2.5 LC,0,Micrograms/cubic meter (LC),24 HOUR,811,Met One SASS/SuperSASS Teflon - Energy dispersive XRF,not proven,not present in AirData daily file
fairbanks_state_building_2009-02-27,state_building,2009-02-27,02-090-0010,88111,Calcium,Calcium PM2.5 LC,0.028,Micrograms/cubic meter (LC),24 HOUR,811,Met One SASS/SuperSASS Teflon - Energy dispersive XRF,not proven,not present in AirData daily file
fairbanks_state_building_2009-02-27,state_building,2009-02-27,02-090-0010,88112,Chromium,Chromium PM2.5 LC,0.001,Micrograms/cubic meter (LC),24 HOUR,811,Met One SASS/SuperSASS Teflon - Energy dispersive XRF,not proven,not present in AirData daily file
fairbanks_state_building_2009-02-27,state_building,2009-02-27,02-090-0010,88113,Cobalt,Cobalt PM2.5 LC,0,Micrograms/cubic meter (LC),24 HOUR,811,Met One SASS/SuperSASS Teflon - Energy Dispersive XRF,not proven,not present in AirData daily file
fairbanks_state_building_2009-02-27,state_building,2009-02-27,02-090-0010,88114,Copper,Copper PM2.5 LC,0.001,Micrograms/cubic meter (LC),24 HOUR,811,Met One SASS/SuperSASS Teflon - Energy dispersive XRF,not proven,not present in AirData daily file
fairbanks_state_building_2009-02-27,state_building,2009-02-27,02-090-0010,88115,Chlorine,Chlorine PM2.5 LC,0.291,Micrograms/cubic meter (LC),24 HOUR,811,Met One SASS/SuperSASS Teflon - Energy Dispersive XRF,not proven,not present in AirData daily file
fairbanks_state_building_2009-02-27,state_building,2009-02-27,02-090-0010,88126,Iron,Iron PM2.5 LC,0.0137,Micrograms/cubic meter (LC),24 HOUR,811,Met One SASS/SuperSASS Teflon - Energy Dispersive XRF,not proven,not present in AirData daily file
fairbanks_state_building_2009-02-27,state_building,2009-02-27,02-090-0010,88128,Lead,Lead PM2.5 LC,0,Micrograms/cubic meter (LC),24 HOUR,811,Met One SASS/SuperSASS Teflon - Energy Dispersive XRF,not proven,not present in AirData daily file
fairbanks_state_building_2009-02-27,state_building,2009-02-27,02-090-0010,88131,Indium,Indium PM2.5 LC,0,Micrograms/cubic meter (LC),24 HOUR,811,Met One SASS/SuperSASS Teflon - Energy Dispersive XRF,not proven,not present in AirData daily file
fairbanks_state_building_2009-02-27,state_building,2009-02-27,02-090-0010,88132,Manganese,Manganese PM2.5 LC,0,Micrograms/cubic meter (LC),24 HOUR,811,Met One SASS/SuperSASS Teflon - Energy Dispersive XRF,not proven,not present in AirData daily file
fairbanks_state_building_2009-02-27,state_building,2009-02-27,02-090-0010,88136,Nickel,Nickel PM2.5 LC,0,Micrograms/cubic meter (LC),24 HOUR,811,Met One SASS/SuperSASS Teflon - Energy Dispersive XRF,not proven,not present in AirData daily file
fairbanks_state_building_2009-02-27,state_building,2009-02-27,02-090-0010,88140,Magnesium,Magnesium PM2.5 LC,0.019,Micrograms/cubic meter (LC),24 HOUR,811,Met One SASS/SuperSASS Teflon - Energy Dispersive XRF,not proven,not present in AirData daily file
fairbanks_state_building_2009-02-27,state_building,2009-02-27,02-090-0010,88152,Phosphorus,Phosphorus PM2.5 LC,0,Micrograms/cubic meter (LC),24 HOUR,811,Met One SASS/SuperSASS Teflon - Energy Dispersive XRF,not proven,not present in AirData daily file
fairbanks_state_building_2009-02-27,state_building,2009-02-27,02-090-0010,88154,Selenium,Selenium PM2.5 LC,0,Micrograms/cubic meter (LC),24 HOUR,811,Met One SASS/SuperSASS Teflon - Energy Dispersive XRF,not proven,not present in AirData daily file
fairbanks_state_building_2009-02-27,state_building,2009-02-27,02-090-0010,88160,Tin,Tin PM2.5 LC,0.014,Micrograms/cubic meter (LC),24 HOUR,811,Met One SASS/SuperSASS Teflon - Energy Dispersive XRF,not proven,not present in AirData daily file
fairbanks_state_building_2009-02-27,state_building,2009-02-27,02-090-0010,88161,Titanium,Titanium PM2.5 LC,0,Micrograms/cubic meter (LC),24 HOUR,811,Met One SASS/SuperSASS Teflon - Energy Dispersive XRF,not proven,not present in AirData daily file
fairbanks_state_building_2009-02-27,state_building,2009-02-27,02-090-0010,88164,Vanadium,Vanadium PM2.5 LC,0,Micrograms/cubic meter (LC),24 HOUR,811,Met One SASS/SuperSASS Teflon - Energy Dispersive XRF,not proven,not present in AirData daily file
fairbanks_state_building_2009-02-27,state_building,2009-02-27,02-090-0010,88165,Silicon,Silicon PM2.5 LC,0.026,Micrograms/cubic meter (LC),24 HOUR,811,Met One SASS/SuperSASS Teflon - Energy Dispersive XRF,not proven,not present in AirData daily file
fairbanks_state_building_2009-02-27,state_building,2009-02-27,02-090-0010,88166,Silver,Silver PM2.5 LC,0.0152,Micrograms/cubic meter (LC),24 HOUR,811,Met One SASS/SuperSASS Teflon - Energy Dispersive XRF,not proven,not present in AirData daily file
fairbanks_state_building_2009-02-27,state_building,2009-02-27,02-090-0010,88167,Zinc,Zinc PM2.5 LC,0.0089,Micrograms/cubic meter (LC),24 HOUR,811,Met One SASS/SuperSASS Teflon - Energy Dispersive XRF,not proven,not present in AirData daily file
fairbanks_state_building_2009-02-27,state_building,2009-02-27,02-090-0010,88168,Strontium,Strontium PM2.5 LC,0.0025,Micrograms/cubic meter (LC),24 HOUR,811,Met One SASS/SuperSASS Teflon - Energy Dispersive XRF,not proven,not present in AirData daily file
fairbanks_state_building_2009-02-27,state_building,2009-02-27,02-090-0010,88169,Sulfur,Sulfur PM2.5 LC,0.537,Micrograms/cubic meter (LC),24 HOUR,811,Met One SASS/SuperSASS Teflon - Energy Dispersive XRF,not proven,not present in AirData daily file
fairbanks_state_building_2009-02-27,state_building,2009-02-27,02-090-0010,88176,Rubidium,Rubidium PM2.5 LC,0.0029,Micrograms/cubic meter (LC),24 HOUR,811,Met One SASS/SuperSASS Teflon - Energy Dispersive XRF,not proven,not present in AirData daily file
fairbanks_state_building_2009-02-27,state_building,2009-02-27,02-090-0010,88180,Potassium,Potassium PM2.5 LC,0.057,Micrograms/cubic meter (LC),24 HOUR,811,Met One SASS/SuperSASS Teflon - Energy Dispersive XRF,not proven,not present in AirData daily file
fairbanks_state_building_2009-02-27,state_building,2009-02-27,02-090-0010,88184,Sodium,Sodium PM2.5 LC,0.296,Micrograms/cubic meter (LC),24 HOUR,811,Met One SASS/SuperSASS Teflon - Energy Dispersive XRF,not proven,not present in AirData daily file
fairbanks_state_building_2009-02-27,state_building,2009-02-27,02-090-0010,88185,Zirconium,Zirconium PM2.5 LC,0,Micrograms/cubic meter (LC),24 HOUR,811,Met One SASS/SuperSASS Teflon - Energy Dispersive XRF,not proven,not present in AirData daily file
fairbanks_state_building_2009-02-27,state_building,2009-02-27,02-090-0010,88301,Ammonium,Ammonium Ion PM2.5 LC,0.548,Micrograms/cubic meter (LC),24 HOUR,812,Met One SASS/SuperSASS Nylon - Ion Chromatography,not proven,not present in AirData daily file
fairbanks_state_building_2009-02-27,state_building,2009-02-27,02-090-0010,88302,Sodium ion,Sodium Ion Pm2.5 LC,0.317,Micrograms/cubic meter (LC),24 HOUR,812,Met One SASS/SuperSASS Nylon - Ion Chromatography,not proven,not present in AirData daily file
fairbanks_state_building_2009-02-27,state_building,2009-02-27,02-090-0010,88303,Potassium ion,Potassium Ion PM2.5 LC,0.041,Micrograms/cubic meter (LC),24 HOUR,812,Met One SASS/SuperSASS Nylon - Ion Chromatography,not proven,not present in AirData daily file
fairbanks_state_building_2009-02-27,state_building,2009-02-27,02-090-0010,88305,Organic carbon,OC CSN Unadjusted PM2.5 LC TOT,2.97,Micrograms/cubic meter (LC),24 HOUR,813,Met One SASS Quartz - STN TOT,not proven,not present in AirData daily file
fairbanks_state_building_2009-02-27,state_building,2009-02-27,02-090-0010,88306,Nitrate,Total Nitrate PM2.5 LC,0.45,Micrograms/cubic meter (LC),24 HOUR,812,Met One SASS/SuperSASS Nylon - Ion Chromatography,not proven,not present in AirData daily file
fairbanks_state_building_2009-02-27,state_building,2009-02-27,02-090-0010,88307,Elemental carbon,EC CSN PM2.5 LC TOT,0.37,Micrograms/cubic meter (LC),24 HOUR,813,Met One SASS Quartz - STN TOT,not proven,not present in AirData daily file
fairbanks_state_building_2009-02-27,state_building,2009-02-27,02-090-0010,88403,Sulfate,Sulfate PM2.5 LC,1.85,Micrograms/cubic meter (LC),24 HOUR,812,Met One SASS/SuperSASS Nylon - Ion Chromatography,not proven,not present in AirData daily file
fairbanks_state_building_2009-03-02,state_building,2009-03-02,02-090-0010,88102,Antimony,Antimony PM2.5 LC,0,Micrograms/cubic meter (LC),24 HOUR,811,Met One SASS/SuperSASS Teflon - Energy dispersive XRF,not proven,not present in AirData daily file
fairbanks_state_building_2009-03-02,state_building,2009-03-02,02-090-0010,88103,Arsenic,Arsenic PM2.5 LC,0,Micrograms/cubic meter (LC),24 HOUR,811,Met One SASS/SuperSASS Teflon - Energy dispersive XRF,not proven,not present in AirData daily file
fairbanks_state_building_2009-03-02,state_building,2009-03-02,02-090-0010,88104,Aluminum,Aluminum PM2.5 LC,0.052,Micrograms/cubic meter (LC),24 HOUR,811,Met One SASS/SuperSASS Teflon - Energy dispersive XRF,not proven,not present in AirData daily file
fairbanks_state_building_2009-03-02,state_building,2009-03-02,02-090-0010,88107,Barium,Barium PM2.5 LC,0,Micrograms/cubic meter (LC),24 HOUR,811,Met One SASS/SuperSASS Teflon - Energy dispersive XRF,not proven,not present in AirData daily file
fairbanks_state_building_2009-03-02,state_building,2009-03-02,02-090-0010,88109,Bromine,Bromine PM2.5 LC,0.001,Micrograms/cubic meter (LC),24 HOUR,811,Met One SASS/SuperSASS Teflon - Energy dispersive XRF,not proven,not present in AirData daily file
fairbanks_state_building_2009-03-02,state_building,2009-03-02,02-090-0010,88110,Cadmium,Cadmium PM2.5 LC,0,Micrograms/cubic meter (LC),24 HOUR,811,Met One SASS/SuperSASS Teflon - Energy dispersive XRF,not proven,not present in AirData daily file
fairbanks_state_building_2009-03-02,state_building,2009-03-02,02-090-0010,88111,Calcium,Calcium PM2.5 LC,0.0716,Micrograms/cubic meter (LC),24 HOUR,811,Met One SASS/SuperSASS Teflon - Energy dispersive XRF,not proven,not present in AirData daily file
fairbanks_state_building_2009-03-02,state_building,2009-03-02,02-090-0010,88112,Chromium,Chromium PM2.5 LC,0.0293,Micrograms/cubic meter (LC),24 HOUR,811,Met One SASS/SuperSASS Teflon - Energy dispersive XRF,not proven,not present in AirData daily file
fairbanks_state_building_2009-03-02,state_building,2009-03-02,02-090-0010,88113,Cobalt,Cobalt PM2.5 LC,0.0014,Micrograms/cubic meter (LC),24 HOUR,811,Met One SASS/SuperSASS Teflon - Energy Dispersive XRF,not proven,not present in AirData daily file
fairbanks_state_building_2009-03-02,state_building,2009-03-02,02-090-0010,88114,Copper,Copper PM2.5 LC,0.0065,Micrograms/cubic meter (LC),24 HOUR,811,Met One SASS/SuperSASS Teflon - Energy dispersive XRF,not proven,not present in AirData daily file
fairbanks_state_building_2009-03-02,state_building,2009-03-02,02-090-0010,88115,Chlorine,Chlorine PM2.5 LC,0.11,Micrograms/cubic meter (LC),24 HOUR,811,Met One SASS/SuperSASS Teflon - Energy Dispersive XRF,not proven,not present in AirData daily file
fairbanks_state_building_2009-03-02,state_building,2009-03-02,02-090-0010,88126,Iron,Iron PM2.5 LC,0.119,Micrograms/cubic meter (LC),24 HOUR,811,Met One SASS/SuperSASS Teflon - Energy Dispersive XRF,not proven,not present in AirData daily file
fairbanks_state_building_2009-03-02,state_building,2009-03-02,02-090-0010,88128,Lead,Lead PM2.5 LC,0.003,Micrograms/cubic meter (LC),24 HOUR,811,Met One SASS/SuperSASS Teflon - Energy Dispersive XRF,not proven,not present in AirData daily file
fairbanks_state_building_2009-03-02,state_building,2009-03-02,02-090-0010,88131,Indium,Indium PM2.5 LC,0,Micrograms/cubic meter (LC),24 HOUR,811,Met One SASS/SuperSASS Teflon - Energy Dispersive XRF,not proven,not present in AirData daily file
fairbanks_state_building_2009-03-02,state_building,2009-03-02,02-090-0010,88132,Manganese,Manganese PM2.5 LC,0.001,Micrograms/cubic meter (LC),24 HOUR,811,Met One SASS/SuperSASS Teflon - Energy Dispersive XRF,not proven,not present in AirData daily file
fairbanks_state_building_2009-03-02,state_building,2009-03-02,02-090-0010,88136,Nickel,Nickel PM2.5 LC,0.0071,Micrograms/cubic meter (LC),24 HOUR,811,Met One SASS/SuperSASS Teflon - Energy Dispersive XRF,not proven,not present in AirData daily file
fairbanks_state_building_2009-03-02,state_building,2009-03-02,02-090-0010,88140,Magnesium,Magnesium PM2.5 LC,0.028,Micrograms/cubic meter (LC),24 HOUR,811,Met One SASS/SuperSASS Teflon - Energy Dispersive XRF,not proven,not present in AirData daily file
fairbanks_state_building_2009-03-02,state_building,2009-03-02,02-090-0010,88152,Phosphorus,Phosphorus PM2.5 LC,0,Micrograms/cubic meter (LC),24 HOUR,811,Met One SASS/SuperSASS Teflon - Energy Dispersive XRF,not proven,not present in AirData daily file
fairbanks_state_building_2009-03-02,state_building,2009-03-02,02-090-0010,88154,Selenium,Selenium PM2.5 LC,0,Micrograms/cubic meter (LC),24 HOUR,811,Met One SASS/SuperSASS Teflon - Energy Dispersive XRF,not proven,not present in AirData daily file
fairbanks_state_building_2009-03-02,state_building,2009-03-02,02-090-0010,88160,Tin,Tin PM2.5 LC,0,Micrograms/cubic meter (LC),24 HOUR,811,Met One SASS/SuperSASS Teflon - Energy Dispersive XRF,not proven,not present in AirData daily file
fairbanks_state_building_2009-03-02,state_building,2009-03-02,02-090-0010,88161,Titanium,Titanium PM2.5 LC,0,Micrograms/cubic meter (LC),24 HOUR,811,Met One SASS/SuperSASS Teflon - Energy Dispersive XRF,not proven,not present in AirData daily file
fairbanks_state_building_2009-03-02,state_building,2009-03-02,02-090-0010,88164,Vanadium,Vanadium PM2.5 LC,0,Micrograms/cubic meter (LC),24 HOUR,811,Met One SASS/SuperSASS Teflon - Energy Dispersive XRF,not proven,not present in AirData daily file
fairbanks_state_building_2009-03-02,state_building,2009-03-02,02-090-0010,88165,Silicon,Silicon PM2.5 LC,0.057,Micrograms/cubic meter (LC),24 HOUR,811,Met One SASS/SuperSASS Teflon - Energy Dispersive XRF,not proven,not present in AirData daily file
fairbanks_state_building_2009-03-02,state_building,2009-03-02,02-090-0010,88166,Silver,Silver PM2.5 LC,0,Micrograms/cubic meter (LC),24 HOUR,811,Met One SASS/SuperSASS Teflon - Energy Dispersive XRF,not proven,not present in AirData daily file
fairbanks_state_building_2009-03-02,state_building,2009-03-02,02-090-0010,88167,Zinc,Zinc PM2.5 LC,0.0397,Micrograms/cubic meter (LC),24 HOUR,811,Met One SASS/SuperSASS Teflon - Energy Dispersive XRF,not proven,not present in AirData daily file
fairbanks_state_building_2009-03-02,state_building,2009-03-02,02-090-0010,88168,Strontium,Strontium PM2.5 LC,0,Micrograms/cubic meter (LC),24 HOUR,811,Met One SASS/SuperSASS Teflon - Energy Dispersive XRF,not proven,not present in AirData daily file
fairbanks_state_building_2009-03-02,state_building,2009-03-02,02-090-0010,88169,Sulfur,Sulfur PM2.5 LC,0.983,Micrograms/cubic meter (LC),24 HOUR,811,Met One SASS/SuperSASS Teflon - Energy Dispersive XRF,not proven,not present in AirData daily file
fairbanks_state_building_2009-03-02,state_building,2009-03-02,02-090-0010,88176,Rubidium,Rubidium PM2.5 LC,0,Micrograms/cubic meter (LC),24 HOUR,811,Met One SASS/SuperSASS Teflon - Energy Dispersive XRF,not proven,not present in AirData daily file
fairbanks_state_building_2009-03-02,state_building,2009-03-02,02-090-0010,88180,Potassium,Potassium PM2.5 LC,0.0667,Micrograms/cubic meter (LC),24 HOUR,811,Met One SASS/SuperSASS Teflon - Energy Dispersive XRF,not proven,not present in AirData daily file
fairbanks_state_building_2009-03-02,state_building,2009-03-02,02-090-0010,88184,Sodium,Sodium PM2.5 LC,0.255,Micrograms/cubic meter (LC),24 HOUR,811,Met One SASS/SuperSASS Teflon - Energy Dispersive XRF,not proven,not present in AirData daily file
fairbanks_state_building_2009-03-02,state_building,2009-03-02,02-090-0010,88185,Zirconium,Zirconium PM2.5 LC,0,Micrograms/cubic meter (LC),24 HOUR,811,Met One SASS/SuperSASS Teflon - Energy Dispersive XRF,not proven,not present in AirData daily file
fairbanks_state_building_2009-03-02,state_building,2009-03-02,02-090-0010,88301,Ammonium,Ammonium Ion PM2.5 LC,1.24,Micrograms/cubic meter (LC),24 HOUR,812,Met One SASS/SuperSASS Nylon - Ion Chromatography,not proven,not present in AirData daily file
fairbanks_state_building_2009-03-02,state_building,2009-03-02,02-090-0010,88302,Sodium ion,Sodium Ion Pm2.5 LC,0.27,Micrograms/cubic meter (LC),24 HOUR,812,Met One SASS/SuperSASS Nylon - Ion Chromatography,not proven,not present in AirData daily file
fairbanks_state_building_2009-03-02,state_building,2009-03-02,02-090-0010,88303,Potassium ion,Potassium Ion PM2.5 LC,0.105,Micrograms/cubic meter (LC),24 HOUR,812,Met One SASS/SuperSASS Nylon - Ion Chromatography,not proven,not present in AirData daily file
fairbanks_state_building_2009-03-02,state_building,2009-03-02,02-090-0010,88305,Organic carbon,OC CSN Unadjusted PM2.5 LC TOT,7.7,Micrograms/cubic meter (LC),24 HOUR,813,Met One SASS Quartz - STN TOT,not proven,not present in AirData daily file
fairbanks_state_building_2009-03-02,state_building,2009-03-02,02-090-0010,88306,Nitrate,Total Nitrate PM2.5 LC,1.11,Micrograms/cubic meter (LC),24 HOUR,812,Met One SASS/SuperSASS Nylon - Ion Chromatography,not proven,not present in AirData daily file
fairbanks_state_building_2009-03-02,state_building,2009-03-02,02-090-0010,88307,Elemental carbon,EC CSN PM2.5 LC TOT,1.25,Micrograms/cubic meter (LC),24 HOUR,813,Met One SASS Quartz - STN TOT,not proven,not present in AirData daily file
fairbanks_state_building_2009-03-02,state_building,2009-03-02,02-090-0010,88403,Sulfate,Sulfate PM2.5 LC,3.14,Micrograms/cubic meter (LC),24 HOUR,812,Met One SASS/SuperSASS Nylon - Ion Chromatography,not proven,not present in AirData daily file
fairbanks_state_building_2009-03-05,state_building,2009-03-05,02-090-0010,88102,Antimony,Antimony PM2.5 LC,0,Micrograms/cubic meter (LC),24 HOUR,811,Met One SASS/SuperSASS Teflon - Energy dispersive XRF,not proven,not present in AirData daily file
fairbanks_state_building_2009-03-05,state_building,2009-03-05,02-090-0010,88103,Arsenic,Arsenic PM2.5 LC,0,Micrograms/cubic meter (LC),24 HOUR,811,Met One SASS/SuperSASS Teflon - Energy dispersive XRF,not proven,not present in AirData daily file
fairbanks_state_building_2009-03-05,state_building,2009-03-05,02-090-0010,88104,Aluminum,Aluminum PM2.5 LC,0.007,Micrograms/cubic meter (LC),24 HOUR,811,Met One SASS/SuperSASS Teflon - Energy dispersive XRF,not proven,not present in AirData daily file
fairbanks_state_building_2009-03-05,state_building,2009-03-05,02-090-0010,88107,Barium,Barium PM2.5 LC,0,Micrograms/cubic meter (LC),24 HOUR,811,Met One SASS/SuperSASS Teflon - Energy dispersive XRF,not proven,not present in AirData daily file
fairbanks_state_building_2009-03-05,state_building,2009-03-05,02-090-0010,88109,Bromine,Bromine PM2.5 LC,0.001,Micrograms/cubic meter (LC),24 HOUR,811,Met One SASS/SuperSASS Teflon - Energy dispersive XRF,not proven,not present in AirData daily file
fairbanks_state_building_2009-03-05,state_building,2009-03-05,02-090-0010,88110,Cadmium,Cadmium PM2.5 LC,0,Micrograms/cubic meter (LC),24 HOUR,811,Met One SASS/SuperSASS Teflon - Energy dispersive XRF,not proven,not present in AirData daily file
fairbanks_state_building_2009-03-05,state_building,2009-03-05,02-090-0010,88111,Calcium,Calcium PM2.5 LC,0.0121,Micrograms/cubic meter (LC),24 HOUR,811,Met One SASS/SuperSASS Teflon - Energy dispersive XRF,not proven,not present in AirData daily file
fairbanks_state_building_2009-03-05,state_building,2009-03-05,02-090-0010,88112,Chromium,Chromium PM2.5 LC,0,Micrograms/cubic meter (LC),24 HOUR,811,Met One SASS/SuperSASS Teflon - Energy dispersive XRF,not proven,not present in AirData daily file
fairbanks_state_building_2009-03-05,state_building,2009-03-05,02-090-0010,88113,Cobalt,Cobalt PM2.5 LC,0,Micrograms/cubic meter (LC),24 HOUR,811,Met One SASS/SuperSASS Teflon - Energy Dispersive XRF,not proven,not present in AirData daily file
fairbanks_state_building_2009-03-05,state_building,2009-03-05,02-090-0010,88114,Copper,Copper PM2.5 LC,0,Micrograms/cubic meter (LC),24 HOUR,811,Met One SASS/SuperSASS Teflon - Energy dispersive XRF,not proven,not present in AirData daily file
fairbanks_state_building_2009-03-05,state_building,2009-03-05,02-090-0010,88115,Chlorine,Chlorine PM2.5 LC,0.004,Micrograms/cubic meter (LC),24 HOUR,811,Met One SASS/SuperSASS Teflon - Energy Dispersive XRF,not proven,not present in AirData daily file
fairbanks_state_building_2009-03-05,state_building,2009-03-05,02-090-0010,88126,Iron,Iron PM2.5 LC,0.0154,Micrograms/cubic meter (LC),24 HOUR,811,Met One SASS/SuperSASS Teflon - Energy Dispersive XRF,not proven,not present in AirData daily file
fairbanks_state_building_2009-03-05,state_building,2009-03-05,02-090-0010,88128,Lead,Lead PM2.5 LC,0,Micrograms/cubic meter (LC),24 HOUR,811,Met One SASS/SuperSASS Teflon - Energy Dispersive XRF,not proven,not present in AirData daily file
fairbanks_state_building_2009-03-05,state_building,2009-03-05,02-090-0010,88131,Indium,Indium PM2.5 LC,0,Micrograms/cubic meter (LC),24 HOUR,811,Met One SASS/SuperSASS Teflon - Energy Dispersive XRF,not proven,not present in AirData daily file
fairbanks_state_building_2009-03-05,state_building,2009-03-05,02-090-0010,88132,Manganese,Manganese PM2.5 LC,0,Micrograms/cubic meter (LC),24 HOUR,811,Met One SASS/SuperSASS Teflon - Energy Dispersive XRF,not proven,not present in AirData daily file
fairbanks_state_building_2009-03-05,state_building,2009-03-05,02-090-0010,88136,Nickel,Nickel PM2.5 LC,0,Micrograms/cubic meter (LC),24 HOUR,811,Met One SASS/SuperSASS Teflon - Energy Dispersive XRF,not proven,not present in AirData daily file
fairbanks_state_building_2009-03-05,state_building,2009-03-05,02-090-0010,88140,Magnesium,Magnesium PM2.5 LC,0,Micrograms/cubic meter (LC),24 HOUR,811,Met One SASS/SuperSASS Teflon - Energy Dispersive XRF,not proven,not present in AirData daily file
fairbanks_state_building_2009-03-05,state_building,2009-03-05,02-090-0010,88152,Phosphorus,Phosphorus PM2.5 LC,0,Micrograms/cubic meter (LC),24 HOUR,811,Met One SASS/SuperSASS Teflon - Energy Dispersive XRF,not proven,not present in AirData daily file
fairbanks_state_building_2009-03-05,state_building,2009-03-05,02-090-0010,88154,Selenium,Selenium PM2.5 LC,0,Micrograms/cubic meter (LC),24 HOUR,811,Met One SASS/SuperSASS Teflon - Energy Dispersive XRF,not proven,not present in AirData daily file
fairbanks_state_building_2009-03-05,state_building,2009-03-05,02-090-0010,88160,Tin,Tin PM2.5 LC,0,Micrograms/cubic meter (LC),24 HOUR,811,Met One SASS/SuperSASS Teflon - Energy Dispersive XRF,not proven,not present in AirData daily file
fairbanks_state_building_2009-03-05,state_building,2009-03-05,02-090-0010,88161,Titanium,Titanium PM2.5 LC,0.003,Micrograms/cubic meter (LC),24 HOUR,811,Met One SASS/SuperSASS Teflon - Energy Dispersive XRF,not proven,not present in AirData daily file
fairbanks_state_building_2009-03-05,state_building,2009-03-05,02-090-0010,88164,Vanadium,Vanadium PM2.5 LC,0,Micrograms/cubic meter (LC),24 HOUR,811,Met One SASS/SuperSASS Teflon - Energy Dispersive XRF,not proven,not present in AirData daily file
fairbanks_state_building_2009-03-05,state_building,2009-03-05,02-090-0010,88165,Silicon,Silicon PM2.5 LC,0.0367,Micrograms/cubic meter (LC),24 HOUR,811,Met One SASS/SuperSASS Teflon - Energy Dispersive XRF,not proven,not present in AirData daily file
fairbanks_state_building_2009-03-05,state_building,2009-03-05,02-090-0010,88166,Silver,Silver PM2.5 LC,0,Micrograms/cubic meter (LC),24 HOUR,811,Met One SASS/SuperSASS Teflon - Energy Dispersive XRF,not proven,not present in AirData daily file
fairbanks_state_building_2009-03-05,state_building,2009-03-05,02-090-0010,88167,Zinc,Zinc PM2.5 LC,0.0078,Micrograms/cubic meter (LC),24 HOUR,811,Met One SASS/SuperSASS Teflon - Energy Dispersive XRF,not proven,not present in AirData daily file
fairbanks_state_building_2009-03-05,state_building,2009-03-05,02-090-0010,88168,Strontium,Strontium PM2.5 LC,0,Micrograms/cubic meter (LC),24 HOUR,811,Met One SASS/SuperSASS Teflon - Energy Dispersive XRF,not proven,not present in AirData daily file
fairbanks_state_building_2009-03-05,state_building,2009-03-05,02-090-0010,88169,Sulfur,Sulfur PM2.5 LC,0.398,Micrograms/cubic meter (LC),24 HOUR,811,Met One SASS/SuperSASS Teflon - Energy Dispersive XRF,not proven,not present in AirData daily file
fairbanks_state_building_2009-03-05,state_building,2009-03-05,02-090-0010,88176,Rubidium,Rubidium PM2.5 LC,0,Micrograms/cubic meter (LC),24 HOUR,811,Met One SASS/SuperSASS Teflon - Energy Dispersive XRF,not proven,not present in AirData daily file
fairbanks_state_building_2009-03-05,state_building,2009-03-05,02-090-0010,88180,Potassium,Potassium PM2.5 LC,0.0204,Micrograms/cubic meter (LC),24 HOUR,811,Met One SASS/SuperSASS Teflon - Energy Dispersive XRF,not proven,not present in AirData daily file
fairbanks_state_building_2009-03-05,state_building,2009-03-05,02-090-0010,88184,Sodium,Sodium PM2.5 LC,0.045,Micrograms/cubic meter (LC),24 HOUR,811,Met One SASS/SuperSASS Teflon - Energy Dispersive XRF,not proven,not present in AirData daily file
fairbanks_state_building_2009-03-05,state_building,2009-03-05,02-090-0010,88185,Zirconium,Zirconium PM2.5 LC,0,Micrograms/cubic meter (LC),24 HOUR,811,Met One SASS/SuperSASS Teflon - Energy Dispersive XRF,not proven,not present in AirData daily file
fairbanks_state_building_2009-03-05,state_building,2009-03-05,02-090-0010,88301,Ammonium,Ammonium Ion PM2.5 LC,0.408,Micrograms/cubic meter (LC),24 HOUR,812,Met One SASS/SuperSASS Nylon - Ion Chromatography,not proven,not present in AirData daily file
fairbanks_state_building_2009-03-05,state_building,2009-03-05,02-090-0010,88302,Sodium ion,Sodium Ion Pm2.5 LC,0.07,Micrograms/cubic meter (LC),24 HOUR,812,Met One SASS/SuperSASS Nylon - Ion Chromatography,not proven,not present in AirData daily file
fairbanks_state_building_2009-03-05,state_building,2009-03-05,02-090-0010,88303,Potassium ion,Potassium Ion PM2.5 LC,0,Micrograms/cubic meter (LC),24 HOUR,812,Met One SASS/SuperSASS Nylon - Ion Chromatography,not proven,not present in AirData daily file
fairbanks_state_building_2009-03-05,state_building,2009-03-05,02-090-0010,88305,Organic carbon,OC CSN Unadjusted PM2.5 LC TOT,3.9,Micrograms/cubic meter (LC),24 HOUR,813,Met One SASS Quartz - STN TOT,not proven,not present in AirData daily file
fairbanks_state_building_2009-03-05,state_building,2009-03-05,02-090-0010,88306,Nitrate,Total Nitrate PM2.5 LC,0.511,Micrograms/cubic meter (LC),24 HOUR,812,Met One SASS/SuperSASS Nylon - Ion Chromatography,not proven,not present in AirData daily file
fairbanks_state_building_2009-03-05,state_building,2009-03-05,02-090-0010,88307,Elemental carbon,EC CSN PM2.5 LC TOT,0.47,Micrograms/cubic meter (LC),24 HOUR,813,Met One SASS Quartz - STN TOT,not proven,not present in AirData daily file
fairbanks_state_building_2009-03-05,state_building,2009-03-05,02-090-0010,88403,Sulfate,Sulfate PM2.5 LC,1.21,Micrograms/cubic meter (LC),24 HOUR,812,Met One SASS/SuperSASS Nylon - Ion Chromatography,not proven,not present in AirData daily file
fairbanks_state_building_2009-03-08,state_building,2009-03-08,02-090-0010,88102,Antimony,Antimony PM2.5 LC,0,Micrograms/cubic meter (LC),24 HOUR,811,Met One SASS/SuperSASS Teflon - Energy dispersive XRF,not proven,not present in AirData daily file
fairbanks_state_building_2009-03-08,state_building,2009-03-08,02-090-0010,88103,Arsenic,Arsenic PM2.5 LC,0.00099,Micrograms/cubic meter (LC),24 HOUR,811,Met One SASS/SuperSASS Teflon - Energy dispersive XRF,not proven,not present in AirData daily file
fairbanks_state_building_2009-03-08,state_building,2009-03-08,02-090-0010,88104,Aluminum,Aluminum PM2.5 LC,0.026,Micrograms/cubic meter (LC),24 HOUR,811,Met One SASS/SuperSASS Teflon - Energy dispersive XRF,not proven,not present in AirData daily file
fairbanks_state_building_2009-03-08,state_building,2009-03-08,02-090-0010,88107,Barium,Barium PM2.5 LC,0,Micrograms/cubic meter (LC),24 HOUR,811,Met One SASS/SuperSASS Teflon - Energy dispersive XRF,not proven,not present in AirData daily file
fairbanks_state_building_2009-03-08,state_building,2009-03-08,02-090-0010,88109,Bromine,Bromine PM2.5 LC,0.0063,Micrograms/cubic meter (LC),24 HOUR,811,Met One SASS/SuperSASS Teflon - Energy dispersive XRF,not proven,not present in AirData daily file
fairbanks_state_building_2009-03-08,state_building,2009-03-08,02-090-0010,88110,Cadmium,Cadmium PM2.5 LC,0,Micrograms/cubic meter (LC),24 HOUR,811,Met One SASS/SuperSASS Teflon - Energy dispersive XRF,not proven,not present in AirData daily file
fairbanks_state_building_2009-03-08,state_building,2009-03-08,02-090-0010,88111,Calcium,Calcium PM2.5 LC,0.0247,Micrograms/cubic meter (LC),24 HOUR,811,Met One SASS/SuperSASS Teflon - Energy dispersive XRF,not proven,not present in AirData daily file
fairbanks_state_building_2009-03-08,state_building,2009-03-08,02-090-0010,88112,Chromium,Chromium PM2.5 LC,0.0173,Micrograms/cubic meter (LC),24 HOUR,811,Met One SASS/SuperSASS Teflon - Energy dispersive XRF,not proven,not present in AirData daily file
fairbanks_state_building_2009-03-08,state_building,2009-03-08,02-090-0010,88113,Cobalt,Cobalt PM2.5 LC,0,Micrograms/cubic meter (LC),24 HOUR,811,Met One SASS/SuperSASS Teflon - Energy Dispersive XRF,not proven,not present in AirData daily file
fairbanks_state_building_2009-03-08,state_building,2009-03-08,02-090-0010,88114,Copper,Copper PM2.5 LC,0.0035,Micrograms/cubic meter (LC),24 HOUR,811,Met One SASS/SuperSASS Teflon - Energy dispersive XRF,not proven,not present in AirData daily file
fairbanks_state_building_2009-03-08,state_building,2009-03-08,02-090-0010,88115,Chlorine,Chlorine PM2.5 LC,0.146,Micrograms/cubic meter (LC),24 HOUR,811,Met One SASS/SuperSASS Teflon - Energy Dispersive XRF,not proven,not present in AirData daily file
fairbanks_state_building_2009-03-08,state_building,2009-03-08,02-090-0010,88126,Iron,Iron PM2.5 LC,0.0724,Micrograms/cubic meter (LC),24 HOUR,811,Met One SASS/SuperSASS Teflon - Energy Dispersive XRF,not proven,not present in AirData daily file
fairbanks_state_building_2009-03-08,state_building,2009-03-08,02-090-0010,88128,Lead,Lead PM2.5 LC,0,Micrograms/cubic meter (LC),24 HOUR,811,Met One SASS/SuperSASS Teflon - Energy Dispersive XRF,not proven,not present in AirData daily file
fairbanks_state_building_2009-03-08,state_building,2009-03-08,02-090-0010,88131,Indium,Indium PM2.5 LC,0,Micrograms/cubic meter (LC),24 HOUR,811,Met One SASS/SuperSASS Teflon - Energy Dispersive XRF,not proven,not present in AirData daily file
fairbanks_state_building_2009-03-08,state_building,2009-03-08,02-090-0010,88132,Manganese,Manganese PM2.5 LC,0.002,Micrograms/cubic meter (LC),24 HOUR,811,Met One SASS/SuperSASS Teflon - Energy Dispersive XRF,not proven,not present in AirData daily file
fairbanks_state_building_2009-03-08,state_building,2009-03-08,02-090-0010,88136,Nickel,Nickel PM2.5 LC,0.0067,Micrograms/cubic meter (LC),24 HOUR,811,Met One SASS/SuperSASS Teflon - Energy Dispersive XRF,not proven,not present in AirData daily file
fairbanks_state_building_2009-03-08,state_building,2009-03-08,02-090-0010,88140,Magnesium,Magnesium PM2.5 LC,0.006,Micrograms/cubic meter (LC),24 HOUR,811,Met One SASS/SuperSASS Teflon - Energy Dispersive XRF,not proven,not present in AirData daily file
fairbanks_state_building_2009-03-08,state_building,2009-03-08,02-090-0010,88152,Phosphorus,Phosphorus PM2.5 LC,0,Micrograms/cubic meter (LC),24 HOUR,811,Met One SASS/SuperSASS Teflon - Energy Dispersive XRF,not proven,not present in AirData daily file
fairbanks_state_building_2009-03-08,state_building,2009-03-08,02-090-0010,88154,Selenium,Selenium PM2.5 LC,0,Micrograms/cubic meter (LC),24 HOUR,811,Met One SASS/SuperSASS Teflon - Energy Dispersive XRF,not proven,not present in AirData daily file
fairbanks_state_building_2009-03-08,state_building,2009-03-08,02-090-0010,88160,Tin,Tin PM2.5 LC,0,Micrograms/cubic meter (LC),24 HOUR,811,Met One SASS/SuperSASS Teflon - Energy Dispersive XRF,not proven,not present in AirData daily file
fairbanks_state_building_2009-03-08,state_building,2009-03-08,02-090-0010,88161,Titanium,Titanium PM2.5 LC,0,Micrograms/cubic meter (LC),24 HOUR,811,Met One SASS/SuperSASS Teflon - Energy Dispersive XRF,not proven,not present in AirData daily file
fairbanks_state_building_2009-03-08,state_building,2009-03-08,02-090-0010,88164,Vanadium,Vanadium PM2.5 LC,0,Micrograms/cubic meter (LC),24 HOUR,811,Met One SASS/SuperSASS Teflon - Energy Dispersive XRF,not proven,not present in AirData daily file
fairbanks_state_building_2009-03-08,state_building,2009-03-08,02-090-0010,88165,Silicon,Silicon PM2.5 LC,0.036,Micrograms/cubic meter (LC),24 HOUR,811,Met One SASS/SuperSASS Teflon - Energy Dispersive XRF,not proven,not present in AirData daily file
fairbanks_state_building_2009-03-08,state_building,2009-03-08,02-090-0010,88166,Silver,Silver PM2.5 LC,0,Micrograms/cubic meter (LC),24 HOUR,811,Met One SASS/SuperSASS Teflon - Energy Dispersive XRF,not proven,not present in AirData daily file
fairbanks_state_building_2009-03-08,state_building,2009-03-08,02-090-0010,88167,Zinc,Zinc PM2.5 LC,0.0221,Micrograms/cubic meter (LC),24 HOUR,811,Met One SASS/SuperSASS Teflon - Energy Dispersive XRF,not proven,not present in AirData daily file
fairbanks_state_building_2009-03-08,state_building,2009-03-08,02-090-0010,88168,Strontium,Strontium PM2.5 LC,0,Micrograms/cubic meter (LC),24 HOUR,811,Met One SASS/SuperSASS Teflon - Energy Dispersive XRF,not proven,not present in AirData daily file
fairbanks_state_building_2009-03-08,state_building,2009-03-08,02-090-0010,88169,Sulfur,Sulfur PM2.5 LC,0.851,Micrograms/cubic meter (LC),24 HOUR,811,Met One SASS/SuperSASS Teflon - Energy Dispersive XRF,not proven,not present in AirData daily file
fairbanks_state_building_2009-03-08,state_building,2009-03-08,02-090-0010,88176,Rubidium,Rubidium PM2.5 LC,0,Micrograms/cubic meter (LC),24 HOUR,811,Met One SASS/SuperSASS Teflon - Energy Dispersive XRF,not proven,not present in AirData daily file
fairbanks_state_building_2009-03-08,state_building,2009-03-08,02-090-0010,88180,Potassium,Potassium PM2.5 LC,0.0581,Micrograms/cubic meter (LC),24 HOUR,811,Met One SASS/SuperSASS Teflon - Energy Dispersive XRF,not proven,not present in AirData daily file
fairbanks_state_building_2009-03-08,state_building,2009-03-08,02-090-0010,88184,Sodium,Sodium PM2.5 LC,0.204,Micrograms/cubic meter (LC),24 HOUR,811,Met One SASS/SuperSASS Teflon - Energy Dispersive XRF,not proven,not present in AirData daily file
fairbanks_state_building_2009-03-08,state_building,2009-03-08,02-090-0010,88185,Zirconium,Zirconium PM2.5 LC,0,Micrograms/cubic meter (LC),24 HOUR,811,Met One SASS/SuperSASS Teflon - Energy Dispersive XRF,not proven,not present in AirData daily file
fairbanks_state_building_2009-03-08,state_building,2009-03-08,02-090-0010,88301,Ammonium,Ammonium Ion PM2.5 LC,0.968,Micrograms/cubic meter (LC),24 HOUR,812,Met One SASS/SuperSASS Nylon - Ion Chromatography,not proven,not present in AirData daily file
fairbanks_state_building_2009-03-08,state_building,2009-03-08,02-090-0010,88302,Sodium ion,Sodium Ion Pm2.5 LC,0.21,Micrograms/cubic meter (LC),24 HOUR,812,Met One SASS/SuperSASS Nylon - Ion Chromatography,not proven,not present in AirData daily file
fairbanks_state_building_2009-03-08,state_building,2009-03-08,02-090-0010,88303,Potassium ion,Potassium Ion PM2.5 LC,0.054,Micrograms/cubic meter (LC),24 HOUR,812,Met One SASS/SuperSASS Nylon - Ion Chromatography,not proven,not present in AirData daily file
fairbanks_state_building_2009-03-08,state_building,2009-03-08,02-090-0010,88305,Organic carbon,OC CSN Unadjusted PM2.5 LC TOT,4.56,Micrograms/cubic meter (LC),24 HOUR,813,Met One SASS Quartz - STN TOT,not proven,not present in AirData daily file
fairbanks_state_building_2009-03-08,state_building,2009-03-08,02-090-0010,88306,Nitrate,Total Nitrate PM2.5 LC,0.525,Micrograms/cubic meter (LC),24 HOUR,812,Met One SASS/SuperSASS Nylon - Ion Chromatography,not proven,not present in AirData daily file
fairbanks_state_building_2009-03-08,state_building,2009-03-08,02-090-0010,88307,Elemental carbon,EC CSN PM2.5 LC TOT,0.59,Micrograms/cubic meter (LC),24 HOUR,813,Met One SASS Quartz - STN TOT,not proven,not present in AirData daily file
fairbanks_state_building_2009-03-08,state_building,2009-03-08,02-090-0010,88403,Sulfate,Sulfate PM2.5 LC,2.66,Micrograms/cubic meter (LC),24 HOUR,812,Met One SASS/SuperSASS Nylon - Ion Chromatography,not proven,not present in AirData daily file
fairbanks_state_building_2009-03-11,state_building,2009-03-11,02-090-0010,88102,Antimony,Antimony PM2.5 LC,0,Micrograms/cubic meter (LC),24 HOUR,811,Met One SASS/SuperSASS Teflon - Energy dispersive XRF,not proven,not present in AirData daily file
fairbanks_state_building_2009-03-11,state_building,2009-03-11,02-090-0010,88103,Arsenic,Arsenic PM2.5 LC,0,Micrograms/cubic meter (LC),24 HOUR,811,Met One SASS/SuperSASS Teflon - Energy dispersive XRF,not proven,not present in AirData daily file
fairbanks_state_building_2009-03-11,state_building,2009-03-11,02-090-0010,88104,Aluminum,Aluminum PM2.5 LC,0.019,Micrograms/cubic meter (LC),24 HOUR,811,Met One SASS/SuperSASS Teflon - Energy dispersive XRF,not proven,not present in AirData daily file
fairbanks_state_building_2009-03-11,state_building,2009-03-11,02-090-0010,88107,Barium,Barium PM2.5 LC,0,Micrograms/cubic meter (LC),24 HOUR,811,Met One SASS/SuperSASS Teflon - Energy dispersive XRF,not proven,not present in AirData daily file
fairbanks_state_building_2009-03-11,state_building,2009-03-11,02-090-0010,88109,Bromine,Bromine PM2.5 LC,0.0023,Micrograms/cubic meter (LC),24 HOUR,811,Met One SASS/SuperSASS Teflon - Energy dispersive XRF,not proven,not present in AirData daily file
fairbanks_state_building_2009-03-11,state_building,2009-03-11,02-090-0010,88110,Cadmium,Cadmium PM2.5 LC,0.006,Micrograms/cubic meter (LC),24 HOUR,811,Met One SASS/SuperSASS Teflon - Energy dispersive XRF,not proven,not present in AirData daily file
fairbanks_state_building_2009-03-11,state_building,2009-03-11,02-090-0010,88111,Calcium,Calcium PM2.5 LC,0.0591,Micrograms/cubic meter (LC),24 HOUR,811,Met One SASS/SuperSASS Teflon - Energy dispersive XRF,not proven,not present in AirData daily file
fairbanks_state_building_2009-03-11,state_building,2009-03-11,02-090-0010,88112,Chromium,Chromium PM2.5 LC,0.002,Micrograms/cubic meter (LC),24 HOUR,811,Met One SASS/SuperSASS Teflon - Energy dispersive XRF,not proven,not present in AirData daily file
fairbanks_state_building_2009-03-11,state_building,2009-03-11,02-090-0010,88113,Cobalt,Cobalt PM2.5 LC,0,Micrograms/cubic meter (LC),24 HOUR,811,Met One SASS/SuperSASS Teflon - Energy Dispersive XRF,not proven,not present in AirData daily file
fairbanks_state_building_2009-03-11,state_building,2009-03-11,02-090-0010,88114,Copper,Copper PM2.5 LC,0.002,Micrograms/cubic meter (LC),24 HOUR,811,Met One SASS/SuperSASS Teflon - Energy dispersive XRF,not proven,not present in AirData daily file
fairbanks_state_building_2009-03-11,state_building,2009-03-11,02-090-0010,88115,Chlorine,Chlorine PM2.5 LC,0.0392,Micrograms/cubic meter (LC),24 HOUR,811,Met One SASS/SuperSASS Teflon - Energy Dispersive XRF,not proven,not present in AirData daily file
fairbanks_state_building_2009-03-11,state_building,2009-03-11,02-090-0010,88126,Iron,Iron PM2.5 LC,0.043,Micrograms/cubic meter (LC),24 HOUR,811,Met One SASS/SuperSASS Teflon - Energy Dispersive XRF,not proven,not present in AirData daily file
fairbanks_state_building_2009-03-11,state_building,2009-03-11,02-090-0010,88128,Lead,Lead PM2.5 LC,0,Micrograms/cubic meter (LC),24 HOUR,811,Met One SASS/SuperSASS Teflon - Energy Dispersive XRF,not proven,not present in AirData daily file
fairbanks_state_building_2009-03-11,state_building,2009-03-11,02-090-0010,88131,Indium,Indium PM2.5 LC,0,Micrograms/cubic meter (LC),24 HOUR,811,Met One SASS/SuperSASS Teflon - Energy Dispersive XRF,not proven,not present in AirData daily file
fairbanks_state_building_2009-03-11,state_building,2009-03-11,02-090-0010,88132,Manganese,Manganese PM2.5 LC,0.001,Micrograms/cubic meter (LC),24 HOUR,811,Met One SASS/SuperSASS Teflon - Energy Dispersive XRF,not proven,not present in AirData daily file
fairbanks_state_building_2009-03-11,state_building,2009-03-11,02-090-0010,88136,Nickel,Nickel PM2.5 LC,0,Micrograms/cubic meter (LC),24 HOUR,811,Met One SASS/SuperSASS Teflon - Energy Dispersive XRF,not proven,not present in AirData daily file
fairbanks_state_building_2009-03-11,state_building,2009-03-11,02-090-0010,88140,Magnesium,Magnesium PM2.5 LC,0,Micrograms/cubic meter (LC),24 HOUR,811,Met One SASS/SuperSASS Teflon - Energy Dispersive XRF,not proven,not present in AirData daily file
fairbanks_state_building_2009-03-11,state_building,2009-03-11,02-090-0010,88152,Phosphorus,Phosphorus PM2.5 LC,0,Micrograms/cubic meter (LC),24 HOUR,811,Met One SASS/SuperSASS Teflon - Energy Dispersive XRF,not proven,not present in AirData daily file
fairbanks_state_building_2009-03-11,state_building,2009-03-11,02-090-0010,88154,Selenium,Selenium PM2.5 LC,0,Micrograms/cubic meter (LC),24 HOUR,811,Met One SASS/SuperSASS Teflon - Energy Dispersive XRF,not proven,not present in AirData daily file
fairbanks_state_building_2009-03-11,state_building,2009-03-11,02-090-0010,88160,Tin,Tin PM2.5 LC,0,Micrograms/cubic meter (LC),24 HOUR,811,Met One SASS/SuperSASS Teflon - Energy Dispersive XRF,not proven,not present in AirData daily file
fairbanks_state_building_2009-03-11,state_building,2009-03-11,02-090-0010,88161,Titanium,Titanium PM2.5 LC,0,Micrograms/cubic meter (LC),24 HOUR,811,Met One SASS/SuperSASS Teflon - Energy Dispersive XRF,not proven,not present in AirData daily file
fairbanks_state_building_2009-03-11,state_building,2009-03-11,02-090-0010,88164,Vanadium,Vanadium PM2.5 LC,0,Micrograms/cubic meter (LC),24 HOUR,811,Met One SASS/SuperSASS Teflon - Energy Dispersive XRF,not proven,not present in AirData daily file
fairbanks_state_building_2009-03-11,state_building,2009-03-11,02-090-0010,88165,Silicon,Silicon PM2.5 LC,0.066,Micrograms/cubic meter (LC),24 HOUR,811,Met One SASS/SuperSASS Teflon - Energy Dispersive XRF,not proven,not present in AirData daily file
fairbanks_state_building_2009-03-11,state_building,2009-03-11,02-090-0010,88166,Silver,Silver PM2.5 LC,0,Micrograms/cubic meter (LC),24 HOUR,811,Met One SASS/SuperSASS Teflon - Energy Dispersive XRF,not proven,not present in AirData daily file
fairbanks_state_building_2009-03-11,state_building,2009-03-11,02-090-0010,88167,Zinc,Zinc PM2.5 LC,0.0394,Micrograms/cubic meter (LC),24 HOUR,811,Met One SASS/SuperSASS Teflon - Energy Dispersive XRF,not proven,not present in AirData daily file
fairbanks_state_building_2009-03-11,state_building,2009-03-11,02-090-0010,88168,Strontium,Strontium PM2.5 LC,0.017,Micrograms/cubic meter (LC),24 HOUR,811,Met One SASS/SuperSASS Teflon - Energy Dispersive XRF,not proven,not present in AirData daily file
fairbanks_state_building_2009-03-11,state_building,2009-03-11,02-090-0010,88169,Sulfur,Sulfur PM2.5 LC,0.725,Micrograms/cubic meter (LC),24 HOUR,811,Met One SASS/SuperSASS Teflon - Energy Dispersive XRF,not proven,not present in AirData daily file
fairbanks_state_building_2009-03-11,state_building,2009-03-11,02-090-0010,88176,Rubidium,Rubidium PM2.5 LC,0,Micrograms/cubic meter (LC),24 HOUR,811,Met One SASS/SuperSASS Teflon - Energy Dispersive XRF,not proven,not present in AirData daily file
fairbanks_state_building_2009-03-11,state_building,2009-03-11,02-090-0010,88180,Potassium,Potassium PM2.5 LC,0.087,Micrograms/cubic meter (LC),24 HOUR,811,Met One SASS/SuperSASS Teflon - Energy Dispersive XRF,not proven,not present in AirData daily file
fairbanks_state_building_2009-03-11,state_building,2009-03-11,02-090-0010,88184,Sodium,Sodium PM2.5 LC,0.033,Micrograms/cubic meter (LC),24 HOUR,811,Met One SASS/SuperSASS Teflon - Energy Dispersive XRF,not proven,not present in AirData daily file
fairbanks_state_building_2009-03-11,state_building,2009-03-11,02-090-0010,88185,Zirconium,Zirconium PM2.5 LC,0,Micrograms/cubic meter (LC),24 HOUR,811,Met One SASS/SuperSASS Teflon - Energy Dispersive XRF,not proven,not present in AirData daily file
fairbanks_state_building_2009-03-11,state_building,2009-03-11,02-090-0010,88301,Ammonium,Ammonium Ion PM2.5 LC,1.1,Micrograms/cubic meter (LC),24 HOUR,812,Met One SASS/SuperSASS Nylon - Ion Chromatography,not proven,not present in AirData daily file
fairbanks_state_building_2009-03-11,state_building,2009-03-11,02-090-0010,88302,Sodium ion,Sodium Ion Pm2.5 LC,0.08,Micrograms/cubic meter (LC),24 HOUR,812,Met One SASS/SuperSASS Nylon - Ion Chromatography,not proven,not present in AirData daily file
fairbanks_state_building_2009-03-11,state_building,2009-03-11,02-090-0010,88303,Potassium ion,Potassium Ion PM2.5 LC,0.078,Micrograms/cubic meter (LC),24 HOUR,812,Met One SASS/SuperSASS Nylon - Ion Chromatography,not proven,not present in AirData daily file
fairbanks_state_building_2009-03-11,state_building,2009-03-11,02-090-0010,88305,Organic carbon,OC CSN Unadjusted PM2.5 LC TOT,8.32,Micrograms/cubic meter (LC),24 HOUR,813,Met One SASS Quartz - STN TOT,not proven,not present in AirData daily file
fairbanks_state_building_2009-03-11,state_building,2009-03-11,02-090-0010,88306,Nitrate,Total Nitrate PM2.5 LC,1.85,Micrograms/cubic meter (LC),24 HOUR,812,Met One SASS/SuperSASS Nylon - Ion Chromatography,not proven,not present in AirData daily file
fairbanks_state_building_2009-03-11,state_building,2009-03-11,02-090-0010,88307,Elemental carbon,EC CSN PM2.5 LC TOT,1.5,Micrograms/cubic meter (LC),24 HOUR,813,Met One SASS Quartz - STN TOT,not proven,not present in AirData daily file
fairbanks_state_building_2009-03-11,state_building,2009-03-11,02-090-0010,88403,Sulfate,Sulfate PM2.5 LC,2.21,Micrograms/cubic meter (LC),24 HOUR,812,Met One SASS/SuperSASS Nylon - Ion Chromatography,not proven,not present in AirData daily file
fairbanks_state_building_2009-03-14,state_building,2009-03-14,02-090-0010,88102,Antimony,Antimony PM2.5 LC,0,Micrograms/cubic meter (LC),24 HOUR,811,Met One SASS/SuperSASS Teflon - Energy dispersive XRF,not proven,not present in AirData daily file
fairbanks_state_building_2009-03-14,state_building,2009-03-14,02-090-0010,88103,Arsenic,Arsenic PM2.5 LC,0,Micrograms/cubic meter (LC),24 HOUR,811,Met One SASS/SuperSASS Teflon - Energy dispersive XRF,not proven,not present in AirData daily file
fairbanks_state_building_2009-03-14,state_building,2009-03-14,02-090-0010,88104,Aluminum,Aluminum PM2.5 LC,0.024,Micrograms/cubic meter (LC),24 HOUR,811,Met One SASS/SuperSASS Teflon - Energy dispersive XRF,not proven,not present in AirData daily file
fairbanks_state_building_2009-03-14,state_building,2009-03-14,02-090-0010,88107,Barium,Barium PM2.5 LC,0,Micrograms/cubic meter (LC),24 HOUR,811,Met One SASS/SuperSASS Teflon - Energy dispersive XRF,not proven,not present in AirData daily file
fairbanks_state_building_2009-03-14,state_building,2009-03-14,02-090-0010,88109,Bromine,Bromine PM2.5 LC,0.0047,Micrograms/cubic meter (LC),24 HOUR,811,Met One SASS/SuperSASS Teflon - Energy dispersive XRF,not proven,not present in AirData daily file
fairbanks_state_building_2009-03-14,state_building,2009-03-14,02-090-0010,88110,Cadmium,Cadmium PM2.5 LC,0,Micrograms/cubic meter (LC),24 HOUR,811,Met One SASS/SuperSASS Teflon - Energy dispersive XRF,not proven,not present in AirData daily file
fairbanks_state_building_2009-03-14,state_building,2009-03-14,02-090-0010,88111,Calcium,Calcium PM2.5 LC,0.0209,Micrograms/cubic meter (LC),24 HOUR,811,Met One SASS/SuperSASS Teflon - Energy dispersive XRF,not proven,not present in AirData daily file
fairbanks_state_building_2009-03-14,state_building,2009-03-14,02-090-0010,88112,Chromium,Chromium PM2.5 LC,0.001,Micrograms/cubic meter (LC),24 HOUR,811,Met One SASS/SuperSASS Teflon - Energy dispersive XRF,not proven,not present in AirData daily file
fairbanks_state_building_2009-03-14,state_building,2009-03-14,02-090-0010,88113,Cobalt,Cobalt PM2.5 LC,0,Micrograms/cubic meter (LC),24 HOUR,811,Met One SASS/SuperSASS Teflon - Energy Dispersive XRF,not proven,not present in AirData daily file
fairbanks_state_building_2009-03-14,state_building,2009-03-14,02-090-0010,88114,Copper,Copper PM2.5 LC,0,Micrograms/cubic meter (LC),24 HOUR,811,Met One SASS/SuperSASS Teflon - Energy dispersive XRF,not proven,not present in AirData daily file
fairbanks_state_building_2009-03-14,state_building,2009-03-14,02-090-0010,88115,Chlorine,Chlorine PM2.5 LC,0.022,Micrograms/cubic meter (LC),24 HOUR,811,Met One SASS/SuperSASS Teflon - Energy Dispersive XRF,not proven,not present in AirData daily file
fairbanks_state_building_2009-03-14,state_building,2009-03-14,02-090-0010,88126,Iron,Iron PM2.5 LC,0.0274,Micrograms/cubic meter (LC),24 HOUR,811,Met One SASS/SuperSASS Teflon - Energy Dispersive XRF,not proven,not present in AirData daily file
fairbanks_state_building_2009-03-14,state_building,2009-03-14,02-090-0010,88128,Lead,Lead PM2.5 LC,0,Micrograms/cubic meter (LC),24 HOUR,811,Met One SASS/SuperSASS Teflon - Energy Dispersive XRF,not proven,not present in AirData daily file
fairbanks_state_building_2009-03-14,state_building,2009-03-14,02-090-0010,88131,Indium,Indium PM2.5 LC,0,Micrograms/cubic meter (LC),24 HOUR,811,Met One SASS/SuperSASS Teflon - Energy Dispersive XRF,not proven,not present in AirData daily file
fairbanks_state_building_2009-03-14,state_building,2009-03-14,02-090-0010,88132,Manganese,Manganese PM2.5 LC,0,Micrograms/cubic meter (LC),24 HOUR,811,Met One SASS/SuperSASS Teflon - Energy Dispersive XRF,not proven,not present in AirData daily file
fairbanks_state_building_2009-03-14,state_building,2009-03-14,02-090-0010,88136,Nickel,Nickel PM2.5 LC,0.001,Micrograms/cubic meter (LC),24 HOUR,811,Met One SASS/SuperSASS Teflon - Energy Dispersive XRF,not proven,not present in AirData daily file
fairbanks_state_building_2009-03-14,state_building,2009-03-14,02-090-0010,88140,Magnesium,Magnesium PM2.5 LC,0.019,Micrograms/cubic meter (LC),24 HOUR,811,Met One SASS/SuperSASS Teflon - Energy Dispersive XRF,not proven,not present in AirData daily file
fairbanks_state_building_2009-03-14,state_building,2009-03-14,02-090-0010,88152,Phosphorus,Phosphorus PM2.5 LC,0,Micrograms/cubic meter (LC),24 HOUR,811,Met One SASS/SuperSASS Teflon - Energy Dispersive XRF,not proven,not present in AirData daily file
fairbanks_state_building_2009-03-14,state_building,2009-03-14,02-090-0010,88154,Selenium,Selenium PM2.5 LC,0,Micrograms/cubic meter (LC),24 HOUR,811,Met One SASS/SuperSASS Teflon - Energy Dispersive XRF,not proven,not present in AirData daily file
fairbanks_state_building_2009-03-14,state_building,2009-03-14,02-090-0010,88160,Tin,Tin PM2.5 LC,0.019,Micrograms/cubic meter (LC),24 HOUR,811,Met One SASS/SuperSASS Teflon - Energy Dispersive XRF,not proven,not present in AirData daily file
fairbanks_state_building_2009-03-14,state_building,2009-03-14,02-090-0010,88161,Titanium,Titanium PM2.5 LC,0,Micrograms/cubic meter (LC),24 HOUR,811,Met One SASS/SuperSASS Teflon - Energy Dispersive XRF,not proven,not present in AirData daily file
fairbanks_state_building_2009-03-14,state_building,2009-03-14,02-090-0010,88164,Vanadium,Vanadium PM2.5 LC,0,Micrograms/cubic meter (LC),24 HOUR,811,Met One SASS/SuperSASS Teflon - Energy Dispersive XRF,not proven,not present in AirData daily file
fairbanks_state_building_2009-03-14,state_building,2009-03-14,02-090-0010,88165,Silicon,Silicon PM2.5 LC,0.034,Micrograms/cubic meter (LC),24 HOUR,811,Met One SASS/SuperSASS Teflon - Energy Dispersive XRF,not proven,not present in AirData daily file
fairbanks_state_building_2009-03-14,state_building,2009-03-14,02-090-0010,88166,Silver,Silver PM2.5 LC,0,Micrograms/cubic meter (LC),24 HOUR,811,Met One SASS/SuperSASS Teflon - Energy Dispersive XRF,not proven,not present in AirData daily file
fairbanks_state_building_2009-03-14,state_building,2009-03-14,02-090-0010,88167,Zinc,Zinc PM2.5 LC,0.0209,Micrograms/cubic meter (LC),24 HOUR,811,Met One SASS/SuperSASS Teflon - Energy Dispersive XRF,not proven,not present in AirData daily file
fairbanks_state_building_2009-03-14,state_building,2009-03-14,02-090-0010,88168,Strontium,Strontium PM2.5 LC,0.034,Micrograms/cubic meter (LC),24 HOUR,811,Met One SASS/SuperSASS Teflon - Energy Dispersive XRF,not proven,not present in AirData daily file
fairbanks_state_building_2009-03-14,state_building,2009-03-14,02-090-0010,88169,Sulfur,Sulfur PM2.5 LC,1.04,Micrograms/cubic meter (LC),24 HOUR,811,Met One SASS/SuperSASS Teflon - Energy Dispersive XRF,not proven,not present in AirData daily file
fairbanks_state_building_2009-03-14,state_building,2009-03-14,02-090-0010,88176,Rubidium,Rubidium PM2.5 LC,0,Micrograms/cubic meter (LC),24 HOUR,811,Met One SASS/SuperSASS Teflon - Energy Dispersive XRF,not proven,not present in AirData daily file
fairbanks_state_building_2009-03-14,state_building,2009-03-14,02-090-0010,88180,Potassium,Potassium PM2.5 LC,0.138,Micrograms/cubic meter (LC),24 HOUR,811,Met One SASS/SuperSASS Teflon - Energy Dispersive XRF,not proven,not present in AirData daily file
fairbanks_state_building_2009-03-14,state_building,2009-03-14,02-090-0010,88184,Sodium,Sodium PM2.5 LC,0.093,Micrograms/cubic meter (LC),24 HOUR,811,Met One SASS/SuperSASS Teflon - Energy Dispersive XRF,not proven,not present in AirData daily file
fairbanks_state_building_2009-03-14,state_building,2009-03-14,02-090-0010,88185,Zirconium,Zirconium PM2.5 LC,0,Micrograms/cubic meter (LC),24 HOUR,811,Met One SASS/SuperSASS Teflon - Energy Dispersive XRF,not proven,not present in AirData daily file
fairbanks_state_building_2009-03-14,state_building,2009-03-14,02-090-0010,88301,Ammonium,Ammonium Ion PM2.5 LC,1.35,Micrograms/cubic meter (LC),24 HOUR,812,Met One SASS/SuperSASS Nylon - Ion Chromatography,not proven,not present in AirData daily file
fairbanks_state_building_2009-03-14,state_building,2009-03-14,02-090-0010,88302,Sodium ion,Sodium Ion Pm2.5 LC,0.07,Micrograms/cubic meter (LC),24 HOUR,812,Met One SASS/SuperSASS Nylon - Ion Chromatography,not proven,not present in AirData daily file
fairbanks_state_building_2009-03-14,state_building,2009-03-14,02-090-0010,88303,Potassium ion,Potassium Ion PM2.5 LC,0.152,Micrograms/cubic meter (LC),24 HOUR,812,Met One SASS/SuperSASS Nylon - Ion Chromatography,not proven,not present in AirData daily file
fairbanks_state_building_2009-03-14,state_building,2009-03-14,02-090-0010,88305,Organic carbon,OC CSN Unadjusted PM2.5 LC TOT,7.28,Micrograms/cubic meter (LC),24 HOUR,813,Met One SASS Quartz - STN TOT,not proven,not present in AirData daily file
fairbanks_state_building_2009-03-14,state_building,2009-03-14,02-090-0010,88306,Nitrate,Total Nitrate PM2.5 LC,0.779,Micrograms/cubic meter (LC),24 HOUR,812,Met One SASS/SuperSASS Nylon - Ion Chromatography,not proven,not present in AirData daily file
fairbanks_state_building_2009-03-14,state_building,2009-03-14,02-090-0010,88307,Elemental carbon,EC CSN PM2.5 LC TOT,1.09,Micrograms/cubic meter (LC),24 HOUR,813,Met One SASS Quartz - STN TOT,not proven,not present in AirData daily file
fairbanks_state_building_2009-03-14,state_building,2009-03-14,02-090-0010,88403,Sulfate,Sulfate PM2.5 LC,3.32,Micrograms/cubic meter (LC),24 HOUR,812,Met One SASS/SuperSASS Nylon - Ion Chromatography,not proven,not present in AirData daily file
fairbanks_state_building_2009-03-17,state_building,2009-03-17,02-090-0010,88102,Antimony,Antimony PM2.5 LC,0,Micrograms/cubic meter (LC),24 HOUR,811,Met One SASS/SuperSASS Teflon - Energy dispersive XRF,not proven,not present in AirData daily file
fairbanks_state_building_2009-03-17,state_building,2009-03-17,02-090-0010,88103,Arsenic,Arsenic PM2.5 LC,0,Micrograms/cubic meter (LC),24 HOUR,811,Met One SASS/SuperSASS Teflon - Energy dispersive XRF,not proven,not present in AirData daily file
fairbanks_state_building_2009-03-17,state_building,2009-03-17,02-090-0010,88104,Aluminum,Aluminum PM2.5 LC,0,Micrograms/cubic meter (LC),24 HOUR,811,Met One SASS/SuperSASS Teflon - Energy dispersive XRF,not proven,not present in AirData daily file
fairbanks_state_building_2009-03-17,state_building,2009-03-17,02-090-0010,88107,Barium,Barium PM2.5 LC,0.001,Micrograms/cubic meter (LC),24 HOUR,811,Met One SASS/SuperSASS Teflon - Energy dispersive XRF,not proven,not present in AirData daily file
fairbanks_state_building_2009-03-17,state_building,2009-03-17,02-090-0010,88109,Bromine,Bromine PM2.5 LC,0.0115,Micrograms/cubic meter (LC),24 HOUR,811,Met One SASS/SuperSASS Teflon - Energy dispersive XRF,not proven,not present in AirData daily file
fairbanks_state_building_2009-03-17,state_building,2009-03-17,02-090-0010,88110,Cadmium,Cadmium PM2.5 LC,0,Micrograms/cubic meter (LC),24 HOUR,811,Met One SASS/SuperSASS Teflon - Energy dispersive XRF,not proven,not present in AirData daily file
fairbanks_state_building_2009-03-17,state_building,2009-03-17,02-090-0010,88111,Calcium,Calcium PM2.5 LC,0.0332,Micrograms/cubic meter (LC),24 HOUR,811,Met One SASS/SuperSASS Teflon - Energy dispersive XRF,not proven,not present in AirData daily file
fairbanks_state_building_2009-03-17,state_building,2009-03-17,02-090-0010,88112,Chromium,Chromium PM2.5 LC,0,Micrograms/cubic meter (LC),24 HOUR,811,Met One SASS/SuperSASS Teflon - Energy dispersive XRF,not proven,not present in AirData daily file
fairbanks_state_building_2009-03-17,state_building,2009-03-17,02-090-0010,88113,Cobalt,Cobalt PM2.5 LC,0,Micrograms/cubic meter (LC),24 HOUR,811,Met One SASS/SuperSASS Teflon - Energy Dispersive XRF,not proven,not present in AirData daily file
fairbanks_state_building_2009-03-17,state_building,2009-03-17,02-090-0010,88114,Copper,Copper PM2.5 LC,0,Micrograms/cubic meter (LC),24 HOUR,811,Met One SASS/SuperSASS Teflon - Energy dispersive XRF,not proven,not present in AirData daily file
fairbanks_state_building_2009-03-17,state_building,2009-03-17,02-090-0010,88115,Chlorine,Chlorine PM2.5 LC,0.029,Micrograms/cubic meter (LC),24 HOUR,811,Met One SASS/SuperSASS Teflon - Energy Dispersive XRF,not proven,not present in AirData daily file
fairbanks_state_building_2009-03-17,state_building,2009-03-17,02-090-0010,88126,Iron,Iron PM2.5 LC,0.0159,Micrograms/cubic meter (LC),24 HOUR,811,Met One SASS/SuperSASS Teflon - Energy Dispersive XRF,not proven,not present in AirData daily file
fairbanks_state_building_2009-03-17,state_building,2009-03-17,02-090-0010,88128,Lead,Lead PM2.5 LC,0.004,Micrograms/cubic meter (LC),24 HOUR,811,Met One SASS/SuperSASS Teflon - Energy Dispersive XRF,not proven,not present in AirData daily file
fairbanks_state_building_2009-03-17,state_building,2009-03-17,02-090-0010,88131,Indium,Indium PM2.5 LC,0.012,Micrograms/cubic meter (LC),24 HOUR,811,Met One SASS/SuperSASS Teflon - Energy Dispersive XRF,not proven,not present in AirData daily file
fairbanks_state_building_2009-03-17,state_building,2009-03-17,02-090-0010,88132,Manganese,Manganese PM2.5 LC,0,Micrograms/cubic meter (LC),24 HOUR,811,Met One SASS/SuperSASS Teflon - Energy Dispersive XRF,not proven,not present in AirData daily file
fairbanks_state_building_2009-03-17,state_building,2009-03-17,02-090-0010,88136,Nickel,Nickel PM2.5 LC,0,Micrograms/cubic meter (LC),24 HOUR,811,Met One SASS/SuperSASS Teflon - Energy Dispersive XRF,not proven,not present in AirData daily file
fairbanks_state_building_2009-03-17,state_building,2009-03-17,02-090-0010,88140,Magnesium,Magnesium PM2.5 LC,0,Micrograms/cubic meter (LC),24 HOUR,811,Met One SASS/SuperSASS Teflon - Energy Dispersive XRF,not proven,not present in AirData daily file
fairbanks_state_building_2009-03-17,state_building,2009-03-17,02-090-0010,88152,Phosphorus,Phosphorus PM2.5 LC,0,Micrograms/cubic meter (LC),24 HOUR,811,Met One SASS/SuperSASS Teflon - Energy Dispersive XRF,not proven,not present in AirData daily file
fairbanks_state_building_2009-03-17,state_building,2009-03-17,02-090-0010,88154,Selenium,Selenium PM2.5 LC,0.001,Micrograms/cubic meter (LC),24 HOUR,811,Met One SASS/SuperSASS Teflon - Energy Dispersive XRF,not proven,not present in AirData daily file
fairbanks_state_building_2009-03-17,state_building,2009-03-17,02-090-0010,88160,Tin,Tin PM2.5 LC,0.009,Micrograms/cubic meter (LC),24 HOUR,811,Met One SASS/SuperSASS Teflon - Energy Dispersive XRF,not proven,not present in AirData daily file
fairbanks_state_building_2009-03-17,state_building,2009-03-17,02-090-0010,88161,Titanium,Titanium PM2.5 LC,0.002,Micrograms/cubic meter (LC),24 HOUR,811,Met One SASS/SuperSASS Teflon - Energy Dispersive XRF,not proven,not present in AirData daily file
fairbanks_state_building_2009-03-17,state_building,2009-03-17,02-090-0010,88164,Vanadium,Vanadium PM2.5 LC,0.001,Micrograms/cubic meter (LC),24 HOUR,811,Met One SASS/SuperSASS Teflon - Energy Dispersive XRF,not proven,not present in AirData daily file
fairbanks_state_building_2009-03-17,state_building,2009-03-17,02-090-0010,88165,Silicon,Silicon PM2.5 LC,0.0372,Micrograms/cubic meter (LC),24 HOUR,811,Met One SASS/SuperSASS Teflon - Energy Dispersive XRF,not proven,not present in AirData daily file
fairbanks_state_building_2009-03-17,state_building,2009-03-17,02-090-0010,88166,Silver,Silver PM2.5 LC,0.005,Micrograms/cubic meter (LC),24 HOUR,811,Met One SASS/SuperSASS Teflon - Energy Dispersive XRF,not proven,not present in AirData daily file
fairbanks_state_building_2009-03-17,state_building,2009-03-17,02-090-0010,88167,Zinc,Zinc PM2.5 LC,0.015,Micrograms/cubic meter (LC),24 HOUR,811,Met One SASS/SuperSASS Teflon - Energy Dispersive XRF,not proven,not present in AirData daily file
fairbanks_state_building_2009-03-17,state_building,2009-03-17,02-090-0010,88168,Strontium,Strontium PM2.5 LC,0.001,Micrograms/cubic meter (LC),24 HOUR,811,Met One SASS/SuperSASS Teflon - Energy Dispersive XRF,not proven,not present in AirData daily file
fairbanks_state_building_2009-03-17,state_building,2009-03-17,02-090-0010,88169,Sulfur,Sulfur PM2.5 LC,0.878,Micrograms/cubic meter (LC),24 HOUR,811,Met One SASS/SuperSASS Teflon - Energy Dispersive XRF,not proven,not present in AirData daily file
fairbanks_state_building_2009-03-17,state_building,2009-03-17,02-090-0010,88176,Rubidium,Rubidium PM2.5 LC,0,Micrograms/cubic meter (LC),24 HOUR,811,Met One SASS/SuperSASS Teflon - Energy Dispersive XRF,not proven,not present in AirData daily file
fairbanks_state_building_2009-03-17,state_building,2009-03-17,02-090-0010,88180,Potassium,Potassium PM2.5 LC,0.0555,Micrograms/cubic meter (LC),24 HOUR,811,Met One SASS/SuperSASS Teflon - Energy Dispersive XRF,not proven,not present in AirData daily file
fairbanks_state_building_2009-03-17,state_building,2009-03-17,02-090-0010,88184,Sodium,Sodium PM2.5 LC,0.21,Micrograms/cubic meter (LC),24 HOUR,811,Met One SASS/SuperSASS Teflon - Energy Dispersive XRF,not proven,not present in AirData daily file
fairbanks_state_building_2009-03-17,state_building,2009-03-17,02-090-0010,88185,Zirconium,Zirconium PM2.5 LC,0.002,Micrograms/cubic meter (LC),24 HOUR,811,Met One SASS/SuperSASS Teflon - Energy Dispersive XRF,not proven,not present in AirData daily file
fairbanks_state_building_2009-03-17,state_building,2009-03-17,02-090-0010,88301,Ammonium,Ammonium Ion PM2.5 LC,1.2,Micrograms/cubic meter (LC),24 HOUR,812,Met One SASS/SuperSASS Nylon - Ion Chromatography,not proven,not present in AirData daily file
fairbanks_state_building_2009-03-17,state_building,2009-03-17,02-090-0010,88302,Sodium ion,Sodium Ion Pm2.5 LC,0.25,Micrograms/cubic meter (LC),24 HOUR,812,Met One SASS/SuperSASS Nylon - Ion Chromatography,not proven,not present in AirData daily file
fairbanks_state_building_2009-03-17,state_building,2009-03-17,02-090-0010,88303,Potassium ion,Potassium Ion PM2.5 LC,0.093,Micrograms/cubic meter (LC),24 HOUR,812,Met One SASS/SuperSASS Nylon - Ion Chromatography,not proven,not present in AirData daily file
fairbanks_state_building_2009-03-17,state_building,2009-03-17,02-090-0010,88305,Organic carbon,OC CSN Unadjusted PM2.5 LC TOT,5.07,Micrograms/cubic meter (LC),24 HOUR,813,Met One SASS Quartz - STN TOT,not proven,not present in AirData daily file
fairbanks_state_building_2009-03-17,state_building,2009-03-17,02-090-0010,88306,Nitrate,Total Nitrate PM2.5 LC,0.632,Micrograms/cubic meter (LC),24 HOUR,812,Met One SASS/SuperSASS Nylon - Ion Chromatography,not proven,not present in AirData daily file
fairbanks_state_building_2009-03-17,state_building,2009-03-17,02-090-0010,88307,Elemental carbon,EC CSN PM2.5 LC TOT,0.89,Micrograms/cubic meter (LC),24 HOUR,813,Met One SASS Quartz - STN TOT,not proven,not present in AirData daily file
fairbanks_state_building_2009-03-17,state_building,2009-03-17,02-090-0010,88403,Sulfate,Sulfate PM2.5 LC,2.97,Micrograms/cubic meter (LC),24 HOUR,812,Met One SASS/SuperSASS Nylon - Ion Chromatography,not proven,not present in AirData daily file
fairbanks_state_building_2009-03-23,state_building,2009-03-23,02-090-0010,88102,Antimony,Antimony PM2.5 LC,0,Micrograms/cubic meter (LC),24 HOUR,811,Met One SASS/SuperSASS Teflon - Energy dispersive XRF,not proven,not present in AirData daily file
fairbanks_state_building_2009-03-23,state_building,2009-03-23,02-090-0010,88103,Arsenic,Arsenic PM2.5 LC,0,Micrograms/cubic meter (LC),24 HOUR,811,Met One SASS/SuperSASS Teflon - Energy dispersive XRF,not proven,not present in AirData daily file
fairbanks_state_building_2009-03-23,state_building,2009-03-23,02-090-0010,88104,Aluminum,Aluminum PM2.5 LC,0.022,Micrograms/cubic meter (LC),24 HOUR,811,Met One SASS/SuperSASS Teflon - Energy dispersive XRF,not proven,not present in AirData daily file
fairbanks_state_building_2009-03-23,state_building,2009-03-23,02-090-0010,88107,Barium,Barium PM2.5 LC,0,Micrograms/cubic meter (LC),24 HOUR,811,Met One SASS/SuperSASS Teflon - Energy dispersive XRF,not proven,not present in AirData daily file
fairbanks_state_building_2009-03-23,state_building,2009-03-23,02-090-0010,88109,Bromine,Bromine PM2.5 LC,0.0038,Micrograms/cubic meter (LC),24 HOUR,811,Met One SASS/SuperSASS Teflon - Energy dispersive XRF,not proven,not present in AirData daily file
fairbanks_state_building_2009-03-23,state_building,2009-03-23,02-090-0010,88110,Cadmium,Cadmium PM2.5 LC,0,Micrograms/cubic meter (LC),24 HOUR,811,Met One SASS/SuperSASS Teflon - Energy dispersive XRF,not proven,not present in AirData daily file
fairbanks_state_building_2009-03-23,state_building,2009-03-23,02-090-0010,88111,Calcium,Calcium PM2.5 LC,0.0132,Micrograms/cubic meter (LC),24 HOUR,811,Met One SASS/SuperSASS Teflon - Energy dispersive XRF,not proven,not present in AirData daily file
fairbanks_state_building_2009-03-23,state_building,2009-03-23,02-090-0010,88112,Chromium,Chromium PM2.5 LC,0,Micrograms/cubic meter (LC),24 HOUR,811,Met One SASS/SuperSASS Teflon - Energy dispersive XRF,not proven,not present in AirData daily file
fairbanks_state_building_2009-03-23,state_building,2009-03-23,02-090-0010,88113,Cobalt,Cobalt PM2.5 LC,0,Micrograms/cubic meter (LC),24 HOUR,811,Met One SASS/SuperSASS Teflon - Energy Dispersive XRF,not proven,not present in AirData daily file
fairbanks_state_building_2009-03-23,state_building,2009-03-23,02-090-0010,88114,Copper,Copper PM2.5 LC,0.001,Micrograms/cubic meter (LC),24 HOUR,811,Met One SASS/SuperSASS Teflon - Energy dispersive XRF,not proven,not present in AirData daily file
fairbanks_state_building_2009-03-23,state_building,2009-03-23,02-090-0010,88115,Chlorine,Chlorine PM2.5 LC,0.0156,Micrograms/cubic meter (LC),24 HOUR,811,Met One SASS/SuperSASS Teflon - Energy Dispersive XRF,not proven,not present in AirData daily file
fairbanks_state_building_2009-03-23,state_building,2009-03-23,02-090-0010,88126,Iron,Iron PM2.5 LC,0.0401,Micrograms/cubic meter (LC),24 HOUR,811,Met One SASS/SuperSASS Teflon - Energy Dispersive XRF,not proven,not present in AirData daily file
fairbanks_state_building_2009-03-23,state_building,2009-03-23,02-090-0010,88128,Lead,Lead PM2.5 LC,0.001,Micrograms/cubic meter (LC),24 HOUR,811,Met One SASS/SuperSASS Teflon - Energy Dispersive XRF,not proven,not present in AirData daily file
fairbanks_state_building_2009-03-23,state_building,2009-03-23,02-090-0010,88131,Indium,Indium PM2.5 LC,0.002,Micrograms/cubic meter (LC),24 HOUR,811,Met One SASS/SuperSASS Teflon - Energy Dispersive XRF,not proven,not present in AirData daily file
fairbanks_state_building_2009-03-23,state_building,2009-03-23,02-090-0010,88132,Manganese,Manganese PM2.5 LC,0.001,Micrograms/cubic meter (LC),24 HOUR,811,Met One SASS/SuperSASS Teflon - Energy Dispersive XRF,not proven,not present in AirData daily file
fairbanks_state_building_2009-03-23,state_building,2009-03-23,02-090-0010,88136,Nickel,Nickel PM2.5 LC,0,Micrograms/cubic meter (LC),24 HOUR,811,Met One SASS/SuperSASS Teflon - Energy Dispersive XRF,not proven,not present in AirData daily file
fairbanks_state_building_2009-03-23,state_building,2009-03-23,02-090-0010,88140,Magnesium,Magnesium PM2.5 LC,0,Micrograms/cubic meter (LC),24 HOUR,811,Met One SASS/SuperSASS Teflon - Energy Dispersive XRF,not proven,not present in AirData daily file
fairbanks_state_building_2009-03-23,state_building,2009-03-23,02-090-0010,88152,Phosphorus,Phosphorus PM2.5 LC,0,Micrograms/cubic meter (LC),24 HOUR,811,Met One SASS/SuperSASS Teflon - Energy Dispersive XRF,not proven,not present in AirData daily file
fairbanks_state_building_2009-03-23,state_building,2009-03-23,02-090-0010,88154,Selenium,Selenium PM2.5 LC,0,Micrograms/cubic meter (LC),24 HOUR,811,Met One SASS/SuperSASS Teflon - Energy Dispersive XRF,not proven,not present in AirData daily file
fairbanks_state_building_2009-03-23,state_building,2009-03-23,02-090-0010,88160,Tin,Tin PM2.5 LC,0,Micrograms/cubic meter (LC),24 HOUR,811,Met One SASS/SuperSASS Teflon - Energy Dispersive XRF,not proven,not present in AirData daily file
fairbanks_state_building_2009-03-23,state_building,2009-03-23,02-090-0010,88161,Titanium,Titanium PM2.5 LC,0.001,Micrograms/cubic meter (LC),24 HOUR,811,Met One SASS/SuperSASS Teflon - Energy Dispersive XRF,not proven,not present in AirData daily file
fairbanks_state_building_2009-03-23,state_building,2009-03-23,02-090-0010,88164,Vanadium,Vanadium PM2.5 LC,0,Micrograms/cubic meter (LC),24 HOUR,811,Met One SASS/SuperSASS Teflon - Energy Dispersive XRF,not proven,not present in AirData daily file
fairbanks_state_building_2009-03-23,state_building,2009-03-23,02-090-0010,88165,Silicon,Silicon PM2.5 LC,0.0893,Micrograms/cubic meter (LC),24 HOUR,811,Met One SASS/SuperSASS Teflon - Energy Dispersive XRF,not proven,not present in AirData daily file
fairbanks_state_building_2009-03-23,state_building,2009-03-23,02-090-0010,88166,Silver,Silver PM2.5 LC,0,Micrograms/cubic meter (LC),24 HOUR,811,Met One SASS/SuperSASS Teflon - Energy Dispersive XRF,not proven,not present in AirData daily file
fairbanks_state_building_2009-03-23,state_building,2009-03-23,02-090-0010,88167,Zinc,Zinc PM2.5 LC,0.0072,Micrograms/cubic meter (LC),24 HOUR,811,Met One SASS/SuperSASS Teflon - Energy Dispersive XRF,not proven,not present in AirData daily file
fairbanks_state_building_2009-03-23,state_building,2009-03-23,02-090-0010,88168,Strontium,Strontium PM2.5 LC,0.0187,Micrograms/cubic meter (LC),24 HOUR,811,Met One SASS/SuperSASS Teflon - Energy Dispersive XRF,not proven,not present in AirData daily file
fairbanks_state_building_2009-03-23,state_building,2009-03-23,02-090-0010,88169,Sulfur,Sulfur PM2.5 LC,0.772,Micrograms/cubic meter (LC),24 HOUR,811,Met One SASS/SuperSASS Teflon - Energy Dispersive XRF,not proven,not present in AirData daily file
fairbanks_state_building_2009-03-23,state_building,2009-03-23,02-090-0010,88176,Rubidium,Rubidium PM2.5 LC,0,Micrograms/cubic meter (LC),24 HOUR,811,Met One SASS/SuperSASS Teflon - Energy Dispersive XRF,not proven,not present in AirData daily file
fairbanks_state_building_2009-03-23,state_building,2009-03-23,02-090-0010,88180,Potassium,Potassium PM2.5 LC,0.147,Micrograms/cubic meter (LC),24 HOUR,811,Met One SASS/SuperSASS Teflon - Energy Dispersive XRF,not proven,not present in AirData daily file
fairbanks_state_building_2009-03-23,state_building,2009-03-23,02-090-0010,88184,Sodium,Sodium PM2.5 LC,0.063,Micrograms/cubic meter (LC),24 HOUR,811,Met One SASS/SuperSASS Teflon - Energy Dispersive XRF,not proven,not present in AirData daily file
fairbanks_state_building_2009-03-23,state_building,2009-03-23,02-090-0010,88185,Zirconium,Zirconium PM2.5 LC,0,Micrograms/cubic meter (LC),24 HOUR,811,Met One SASS/SuperSASS Teflon - Energy Dispersive XRF,not proven,not present in AirData daily file
fairbanks_state_building_2009-03-23,state_building,2009-03-23,02-090-0010,88301,Ammonium,Ammonium Ion PM2.5 LC,0.938,Micrograms/cubic meter (LC),24 HOUR,812,Met One SASS/SuperSASS Nylon - Ion Chromatography,not proven,not present in AirData daily file
fairbanks_state_building_2009-03-23,state_building,2009-03-23,02-090-0010,88302,Sodium ion,Sodium Ion Pm2.5 LC,0.13,Micrograms/cubic meter (LC),24 HOUR,812,Met One SASS/SuperSASS Nylon - Ion Chromatography,not proven,not present in AirData daily file
fairbanks_state_building_2009-03-23,state_building,2009-03-23,02-090-0010,88303,Potassium ion,Potassium Ion PM2.5 LC,0.165,Micrograms/cubic meter (LC),24 HOUR,812,Met One SASS/SuperSASS Nylon - Ion Chromatography,not proven,not present in AirData daily file
fairbanks_state_building_2009-03-23,state_building,2009-03-23,02-090-0010,88305,Organic carbon,OC CSN Unadjusted PM2.5 LC TOT,4.77,Micrograms/cubic meter (LC),24 HOUR,813,Met One SASS Quartz - STN TOT,not proven,not present in AirData daily file
fairbanks_state_building_2009-03-23,state_building,2009-03-23,02-090-0010,88306,Nitrate,Total Nitrate PM2.5 LC,0.757,Micrograms/cubic meter (LC),24 HOUR,812,Met One SASS/SuperSASS Nylon - Ion Chromatography,not proven,not present in AirData daily file
fairbanks_state_building_2009-03-23,state_building,2009-03-23,02-090-0010,88307,Elemental carbon,EC CSN PM2.5 LC TOT,0.82,Micrograms/cubic meter (LC),24 HOUR,813,Met One SASS Quartz - STN TOT,not proven,not present in AirData daily file
fairbanks_state_building_2009-03-23,state_building,2009-03-23,02-090-0010,88403,Sulfate,Sulfate PM2.5 LC,2.28,Micrograms/cubic meter (LC),24 HOUR,812,Met One SASS/SuperSASS Nylon - Ion Chromatography,not proven,not present in AirData daily file
fairbanks_state_building_2009-03-29,state_building,2009-03-29,02-090-0010,88102,Antimony,Antimony PM2.5 LC,0,Micrograms/cubic meter (LC),24 HOUR,811,Met One SASS/SuperSASS Teflon - Energy dispersive XRF,not proven,not present in AirData daily file
fairbanks_state_building_2009-03-29,state_building,2009-03-29,02-090-0010,88103,Arsenic,Arsenic PM2.5 LC,0,Micrograms/cubic meter (LC),24 HOUR,811,Met One SASS/SuperSASS Teflon - Energy dispersive XRF,not proven,not present in AirData daily file
fairbanks_state_building_2009-03-29,state_building,2009-03-29,02-090-0010,88104,Aluminum,Aluminum PM2.5 LC,0.024,Micrograms/cubic meter (LC),24 HOUR,811,Met One SASS/SuperSASS Teflon - Energy dispersive XRF,not proven,not present in AirData daily file
fairbanks_state_building_2009-03-29,state_building,2009-03-29,02-090-0010,88107,Barium,Barium PM2.5 LC,0,Micrograms/cubic meter (LC),24 HOUR,811,Met One SASS/SuperSASS Teflon - Energy dispersive XRF,not proven,not present in AirData daily file
fairbanks_state_building_2009-03-29,state_building,2009-03-29,02-090-0010,88109,Bromine,Bromine PM2.5 LC,0.0029,Micrograms/cubic meter (LC),24 HOUR,811,Met One SASS/SuperSASS Teflon - Energy dispersive XRF,not proven,not present in AirData daily file
fairbanks_state_building_2009-03-29,state_building,2009-03-29,02-090-0010,88110,Cadmium,Cadmium PM2.5 LC,0.012,Micrograms/cubic meter (LC),24 HOUR,811,Met One SASS/SuperSASS Teflon - Energy dispersive XRF,not proven,not present in AirData daily file
fairbanks_state_building_2009-03-29,state_building,2009-03-29,02-090-0010,88111,Calcium,Calcium PM2.5 LC,0.0361,Micrograms/cubic meter (LC),24 HOUR,811,Met One SASS/SuperSASS Teflon - Energy dispersive XRF,not proven,not present in AirData daily file
fairbanks_state_building_2009-03-29,state_building,2009-03-29,02-090-0010,88112,Chromium,Chromium PM2.5 LC,0.001,Micrograms/cubic meter (LC),24 HOUR,811,Met One SASS/SuperSASS Teflon - Energy dispersive XRF,not proven,not present in AirData daily file
fairbanks_state_building_2009-03-29,state_building,2009-03-29,02-090-0010,88113,Cobalt,Cobalt PM2.5 LC,0,Micrograms/cubic meter (LC),24 HOUR,811,Met One SASS/SuperSASS Teflon - Energy Dispersive XRF,not proven,not present in AirData daily file
fairbanks_state_building_2009-03-29,state_building,2009-03-29,02-090-0010,88114,Copper,Copper PM2.5 LC,0.001,Micrograms/cubic meter (LC),24 HOUR,811,Met One SASS/SuperSASS Teflon - Energy dispersive XRF,not proven,not present in AirData daily file
fairbanks_state_building_2009-03-29,state_building,2009-03-29,02-090-0010,88115,Chlorine,Chlorine PM2.5 LC,0.0097,Micrograms/cubic meter (LC),24 HOUR,811,Met One SASS/SuperSASS Teflon - Energy Dispersive XRF,not proven,not present in AirData daily file
fairbanks_state_building_2009-03-29,state_building,2009-03-29,02-090-0010,88126,Iron,Iron PM2.5 LC,0.0385,Micrograms/cubic meter (LC),24 HOUR,811,Met One SASS/SuperSASS Teflon - Energy Dispersive XRF,not proven,not present in AirData daily file
fairbanks_state_building_2009-03-29,state_building,2009-03-29,02-090-0010,88128,Lead,Lead PM2.5 LC,0,Micrograms/cubic meter (LC),24 HOUR,811,Met One SASS/SuperSASS Teflon - Energy Dispersive XRF,not proven,not present in AirData daily file
fairbanks_state_building_2009-03-29,state_building,2009-03-29,02-090-0010,88131,Indium,Indium PM2.5 LC,0,Micrograms/cubic meter (LC),24 HOUR,811,Met One SASS/SuperSASS Teflon - Energy Dispersive XRF,not proven,not present in AirData daily file
fairbanks_state_building_2009-03-29,state_building,2009-03-29,02-090-0010,88132,Manganese,Manganese PM2.5 LC,0,Micrograms/cubic meter (LC),24 HOUR,811,Met One SASS/SuperSASS Teflon - Energy Dispersive XRF,not proven,not present in AirData daily file
fairbanks_state_building_2009-03-29,state_building,2009-03-29,02-090-0010,88136,Nickel,Nickel PM2.5 LC,0,Micrograms/cubic meter (LC),24 HOUR,811,Met One SASS/SuperSASS Teflon - Energy Dispersive XRF,not proven,not present in AirData daily file
fairbanks_state_building_2009-03-29,state_building,2009-03-29,02-090-0010,88140,Magnesium,Magnesium PM2.5 LC,0,Micrograms/cubic meter (LC),24 HOUR,811,Met One SASS/SuperSASS Teflon - Energy Dispersive XRF,not proven,not present in AirData daily file
fairbanks_state_building_2009-03-29,state_building,2009-03-29,02-090-0010,88152,Phosphorus,Phosphorus PM2.5 LC,0,Micrograms/cubic meter (LC),24 HOUR,811,Met One SASS/SuperSASS Teflon - Energy Dispersive XRF,not proven,not present in AirData daily file
fairbanks_state_building_2009-03-29,state_building,2009-03-29,02-090-0010,88154,Selenium,Selenium PM2.5 LC,0,Micrograms/cubic meter (LC),24 HOUR,811,Met One SASS/SuperSASS Teflon - Energy Dispersive XRF,not proven,not present in AirData daily file
fairbanks_state_building_2009-03-29,state_building,2009-03-29,02-090-0010,88160,Tin,Tin PM2.5 LC,0.004,Micrograms/cubic meter (LC),24 HOUR,811,Met One SASS/SuperSASS Teflon - Energy Dispersive XRF,not proven,not present in AirData daily file
fairbanks_state_building_2009-03-29,state_building,2009-03-29,02-090-0010,88161,Titanium,Titanium PM2.5 LC,0.001,Micrograms/cubic meter (LC),24 HOUR,811,Met One SASS/SuperSASS Teflon - Energy Dispersive XRF,not proven,not present in AirData daily file
fairbanks_state_building_2009-03-29,state_building,2009-03-29,02-090-0010,88164,Vanadium,Vanadium PM2.5 LC,0,Micrograms/cubic meter (LC),24 HOUR,811,Met One SASS/SuperSASS Teflon - Energy Dispersive XRF,not proven,not present in AirData daily file
fairbanks_state_building_2009-03-29,state_building,2009-03-29,02-090-0010,88165,Silicon,Silicon PM2.5 LC,0.0838,Micrograms/cubic meter (LC),24 HOUR,811,Met One SASS/SuperSASS Teflon - Energy Dispersive XRF,not proven,not present in AirData daily file
fairbanks_state_building_2009-03-29,state_building,2009-03-29,02-090-0010,88166,Silver,Silver PM2.5 LC,0.006,Micrograms/cubic meter (LC),24 HOUR,811,Met One SASS/SuperSASS Teflon - Energy Dispersive XRF,not proven,not present in AirData daily file
fairbanks_state_building_2009-03-29,state_building,2009-03-29,02-090-0010,88167,Zinc,Zinc PM2.5 LC,0.0411,Micrograms/cubic meter (LC),24 HOUR,811,Met One SASS/SuperSASS Teflon - Energy Dispersive XRF,not proven,not present in AirData daily file
fairbanks_state_building_2009-03-29,state_building,2009-03-29,02-090-0010,88168,Strontium,Strontium PM2.5 LC,0,Micrograms/cubic meter (LC),24 HOUR,811,Met One SASS/SuperSASS Teflon - Energy Dispersive XRF,not proven,not present in AirData daily file
fairbanks_state_building_2009-03-29,state_building,2009-03-29,02-090-0010,88169,Sulfur,Sulfur PM2.5 LC,0.749,Micrograms/cubic meter (LC),24 HOUR,811,Met One SASS/SuperSASS Teflon - Energy Dispersive XRF,not proven,not present in AirData daily file
fairbanks_state_building_2009-03-29,state_building,2009-03-29,02-090-0010,88176,Rubidium,Rubidium PM2.5 LC,0,Micrograms/cubic meter (LC),24 HOUR,811,Met One SASS/SuperSASS Teflon - Energy Dispersive XRF,not proven,not present in AirData daily file
fairbanks_state_building_2009-03-29,state_building,2009-03-29,02-090-0010,88180,Potassium,Potassium PM2.5 LC,0.0567,Micrograms/cubic meter (LC),24 HOUR,811,Met One SASS/SuperSASS Teflon - Energy Dispersive XRF,not proven,not present in AirData daily file
fairbanks_state_building_2009-03-29,state_building,2009-03-29,02-090-0010,88184,Sodium,Sodium PM2.5 LC,0.053,Micrograms/cubic meter (LC),24 HOUR,811,Met One SASS/SuperSASS Teflon - Energy Dispersive XRF,not proven,not present in AirData daily file
fairbanks_state_building_2009-03-29,state_building,2009-03-29,02-090-0010,88185,Zirconium,Zirconium PM2.5 LC,0,Micrograms/cubic meter (LC),24 HOUR,811,Met One SASS/SuperSASS Teflon - Energy Dispersive XRF,not proven,not present in AirData daily file
fairbanks_state_building_2009-03-29,state_building,2009-03-29,02-090-0010,88301,Ammonium,Ammonium Ion PM2.5 LC,0.875,Micrograms/cubic meter (LC),24 HOUR,812,Met One SASS/SuperSASS Nylon - Ion Chromatography,not proven,not present in AirData daily file
fairbanks_state_building_2009-03-29,state_building,2009-03-29,02-090-0010,88302,Sodium ion,Sodium Ion Pm2.5 LC,0.06,Micrograms/cubic meter (LC),24 HOUR,812,Met One SASS/SuperSASS Nylon - Ion Chromatography,not proven,not present in AirData daily file
fairbanks_state_building_2009-03-29,state_building,2009-03-29,02-090-0010,88303,Potassium ion,Potassium Ion PM2.5 LC,0.076,Micrograms/cubic meter (LC),24 HOUR,812,Met One SASS/SuperSASS Nylon - Ion Chromatography,not proven,not present in AirData daily file
fairbanks_state_building_2009-03-29,state_building,2009-03-29,02-090-0010,88305,Organic carbon,OC CSN Unadjusted PM2.5 LC TOT,4.64,Micrograms/cubic meter (LC),24 HOUR,813,Met One SASS Quartz - STN TOT,not proven,not present in AirData daily file
fairbanks_state_building_2009-03-29,state_building,2009-03-29,02-090-0010,88306,Nitrate,Total Nitrate PM2.5 LC,0.752,Micrograms/cubic meter (LC),24 HOUR,812,Met One SASS/SuperSASS Nylon - Ion Chromatography,not proven,not present in AirData daily file
fairbanks_state_building_2009-03-29,state_building,2009-03-29,02-090-0010,88307,Elemental carbon,EC CSN PM2.5 LC TOT,0.97,Micrograms/cubic meter (LC),24 HOUR,813,Met One SASS Quartz - STN TOT,not proven,not present in AirData daily file
fairbanks_state_building_2009-03-29,state_building,2009-03-29,02-090-0010,88403,Sulfate,Sulfate PM2.5 LC,2.16,Micrograms/cubic meter (LC),24 HOUR,812,Met One SASS/SuperSASS Nylon - Ion Chromatography,not proven,not present in AirData daily file
fairbanks_state_building_2009-04-01,state_building,2009-04-01,02-090-0010,88102,Antimony,Antimony PM2.5 LC,0,Micrograms/cubic meter (LC),24 HOUR,811,Met One SASS/SuperSASS Teflon - Energy dispersive XRF,not proven,not present in AirData daily file
fairbanks_state_building_2009-04-01,state_building,2009-04-01,02-090-0010,88103,Arsenic,Arsenic PM2.5 LC,0.00105,Micrograms/cubic meter (LC),24 HOUR,811,Met One SASS/SuperSASS Teflon - Energy dispersive XRF,not proven,not present in AirData daily file
fairbanks_state_building_2009-04-01,state_building,2009-04-01,02-090-0010,88104,Aluminum,Aluminum PM2.5 LC,0.014,Micrograms/cubic meter (LC),24 HOUR,811,Met One SASS/SuperSASS Teflon - Energy dispersive XRF,not proven,not present in AirData daily file
fairbanks_state_building_2009-04-01,state_building,2009-04-01,02-090-0010,88107,Barium,Barium PM2.5 LC,0,Micrograms/cubic meter (LC),24 HOUR,811,Met One SASS/SuperSASS Teflon - Energy dispersive XRF,not proven,not present in AirData daily file
fairbanks_state_building_2009-04-01,state_building,2009-04-01,02-090-0010,88109,Bromine,Bromine PM2.5 LC,0.0052,Micrograms/cubic meter (LC),24 HOUR,811,Met One SASS/SuperSASS Teflon - Energy dispersive XRF,not proven,not present in AirData daily file
fairbanks_state_building_2009-04-01,state_building,2009-04-01,02-090-0010,88110,Cadmium,Cadmium PM2.5 LC,0,Micrograms/cubic meter (LC),24 HOUR,811,Met One SASS/SuperSASS Teflon - Energy dispersive XRF,not proven,not present in AirData daily file
fairbanks_state_building_2009-04-01,state_building,2009-04-01,02-090-0010,88111,Calcium,Calcium PM2.5 LC,0.0396,Micrograms/cubic meter (LC),24 HOUR,811,Met One SASS/SuperSASS Teflon - Energy dispersive XRF,not proven,not present in AirData daily file
fairbanks_state_building_2009-04-01,state_building,2009-04-01,02-090-0010,88112,Chromium,Chromium PM2.5 LC,0.001,Micrograms/cubic meter (LC),24 HOUR,811,Met One SASS/SuperSASS Teflon - Energy dispersive XRF,not proven,not present in AirData daily file
fairbanks_state_building_2009-04-01,state_building,2009-04-01,02-090-0010,88113,Cobalt,Cobalt PM2.5 LC,0,Micrograms/cubic meter (LC),24 HOUR,811,Met One SASS/SuperSASS Teflon - Energy Dispersive XRF,not proven,not present in AirData daily file
fairbanks_state_building_2009-04-01,state_building,2009-04-01,02-090-0010,88114,Copper,Copper PM2.5 LC,0.0043,Micrograms/cubic meter (LC),24 HOUR,811,Met One SASS/SuperSASS Teflon - Energy dispersive XRF,not proven,not present in AirData daily file
fairbanks_state_building_2009-04-01,state_building,2009-04-01,02-090-0010,88115,Chlorine,Chlorine PM2.5 LC,0.341,Micrograms/cubic meter (LC),24 HOUR,811,Met One SASS/SuperSASS Teflon - Energy Dispersive XRF,not proven,not present in AirData daily file
fairbanks_state_building_2009-04-01,state_building,2009-04-01,02-090-0010,88126,Iron,Iron PM2.5 LC,0.0243,Micrograms/cubic meter (LC),24 HOUR,811,Met One SASS/SuperSASS Teflon - Energy Dispersive XRF,not proven,not present in AirData daily file
fairbanks_state_building_2009-04-01,state_building,2009-04-01,02-090-0010,88128,Lead,Lead PM2.5 LC,0.0037,Micrograms/cubic meter (LC),24 HOUR,811,Met One SASS/SuperSASS Teflon - Energy Dispersive XRF,not proven,not present in AirData daily file
fairbanks_state_building_2009-04-01,state_building,2009-04-01,02-090-0010,88131,Indium,Indium PM2.5 LC,0,Micrograms/cubic meter (LC),24 HOUR,811,Met One SASS/SuperSASS Teflon - Energy Dispersive XRF,not proven,not present in AirData daily file
fairbanks_state_building_2009-04-01,state_building,2009-04-01,02-090-0010,88132,Manganese,Manganese PM2.5 LC,0.0023,Micrograms/cubic meter (LC),24 HOUR,811,Met One SASS/SuperSASS Teflon - Energy Dispersive XRF,not proven,not present in AirData daily file
fairbanks_state_building_2009-04-01,state_building,2009-04-01,02-090-0010,88136,Nickel,Nickel PM2.5 LC,0,Micrograms/cubic meter (LC),24 HOUR,811,Met One SASS/SuperSASS Teflon - Energy Dispersive XRF,not proven,not present in AirData daily file
fairbanks_state_building_2009-04-01,state_building,2009-04-01,02-090-0010,88140,Magnesium,Magnesium PM2.5 LC,0.041,Micrograms/cubic meter (LC),24 HOUR,811,Met One SASS/SuperSASS Teflon - Energy Dispersive XRF,not proven,not present in AirData daily file
fairbanks_state_building_2009-04-01,state_building,2009-04-01,02-090-0010,88152,Phosphorus,Phosphorus PM2.5 LC,0,Micrograms/cubic meter (LC),24 HOUR,811,Met One SASS/SuperSASS Teflon - Energy Dispersive XRF,not proven,not present in AirData daily file
fairbanks_state_building_2009-04-01,state_building,2009-04-01,02-090-0010,88154,Selenium,Selenium PM2.5 LC,0,Micrograms/cubic meter (LC),24 HOUR,811,Met One SASS/SuperSASS Teflon - Energy Dispersive XRF,not proven,not present in AirData daily file
fairbanks_state_building_2009-04-01,state_building,2009-04-01,02-090-0010,88160,Tin,Tin PM2.5 LC,0,Micrograms/cubic meter (LC),24 HOUR,811,Met One SASS/SuperSASS Teflon - Energy Dispersive XRF,not proven,not present in AirData daily file
fairbanks_state_building_2009-04-01,state_building,2009-04-01,02-090-0010,88161,Titanium,Titanium PM2.5 LC,0,Micrograms/cubic meter (LC),24 HOUR,811,Met One SASS/SuperSASS Teflon - Energy Dispersive XRF,not proven,not present in AirData daily file
fairbanks_state_building_2009-04-01,state_building,2009-04-01,02-090-0010,88164,Vanadium,Vanadium PM2.5 LC,0,Micrograms/cubic meter (LC),24 HOUR,811,Met One SASS/SuperSASS Teflon - Energy Dispersive XRF,not proven,not present in AirData daily file
fairbanks_state_building_2009-04-01,state_building,2009-04-01,02-090-0010,88165,Silicon,Silicon PM2.5 LC,0.0428,Micrograms/cubic meter (LC),24 HOUR,811,Met One SASS/SuperSASS Teflon - Energy Dispersive XRF,not proven,not present in AirData daily file
fairbanks_state_building_2009-04-01,state_building,2009-04-01,02-090-0010,88166,Silver,Silver PM2.5 LC,0.005,Micrograms/cubic meter (LC),24 HOUR,811,Met One SASS/SuperSASS Teflon - Energy Dispersive XRF,not proven,not present in AirData daily file
fairbanks_state_building_2009-04-01,state_building,2009-04-01,02-090-0010,88167,Zinc,Zinc PM2.5 LC,0.032,Micrograms/cubic meter (LC),24 HOUR,811,Met One SASS/SuperSASS Teflon - Energy Dispersive XRF,not proven,not present in AirData daily file
fairbanks_state_building_2009-04-01,state_building,2009-04-01,02-090-0010,88168,Strontium,Strontium PM2.5 LC,0,Micrograms/cubic meter (LC),24 HOUR,811,Met One SASS/SuperSASS Teflon - Energy Dispersive XRF,not proven,not present in AirData daily file
fairbanks_state_building_2009-04-01,state_building,2009-04-01,02-090-0010,88169,Sulfur,Sulfur PM2.5 LC,0.606,Micrograms/cubic meter (LC),24 HOUR,811,Met One SASS/SuperSASS Teflon - Energy Dispersive XRF,not proven,not present in AirData daily file
fairbanks_state_building_2009-04-01,state_building,2009-04-01,02-090-0010,88176,Rubidium,Rubidium PM2.5 LC,0,Micrograms/cubic meter (LC),24 HOUR,811,Met One SASS/SuperSASS Teflon - Energy Dispersive XRF,not proven,not present in AirData daily file
fairbanks_state_building_2009-04-01,state_building,2009-04-01,02-090-0010,88180,Potassium,Potassium PM2.5 LC,0.0495,Micrograms/cubic meter (LC),24 HOUR,811,Met One SASS/SuperSASS Teflon - Energy Dispersive XRF,not proven,not present in AirData daily file
fairbanks_state_building_2009-04-01,state_building,2009-04-01,02-090-0010,88184,Sodium,Sodium PM2.5 LC,0.401,Micrograms/cubic meter (LC),24 HOUR,811,Met One SASS/SuperSASS Teflon - Energy Dispersive XRF,not proven,not present in AirData daily file
fairbanks_state_building_2009-04-01,state_building,2009-04-01,02-090-0010,88185,Zirconium,Zirconium PM2.5 LC,0.0058,Micrograms/cubic meter (LC),24 HOUR,811,Met One SASS/SuperSASS Teflon - Energy Dispersive XRF,not proven,not present in AirData daily file
fairbanks_state_building_2009-04-01,state_building,2009-04-01,02-090-0010,88301,Ammonium,Ammonium Ion PM2.5 LC,0.79,Micrograms/cubic meter (LC),24 HOUR,812,Met One SASS/SuperSASS Nylon - Ion Chromatography,not proven,not present in AirData daily file
fairbanks_state_building_2009-04-01,state_building,2009-04-01,02-090-0010,88302,Sodium ion,Sodium Ion Pm2.5 LC,0.45,Micrograms/cubic meter (LC),24 HOUR,812,Met One SASS/SuperSASS Nylon - Ion Chromatography,not proven,not present in AirData daily file
fairbanks_state_building_2009-04-01,state_building,2009-04-01,02-090-0010,88303,Potassium ion,Potassium Ion PM2.5 LC,0.078,Micrograms/cubic meter (LC),24 HOUR,812,Met One SASS/SuperSASS Nylon - Ion Chromatography,not proven,not present in AirData daily file
fairbanks_state_building_2009-04-01,state_building,2009-04-01,02-090-0010,88305,Organic carbon,OC CSN Unadjusted PM2.5 LC TOT,3.56,Micrograms/cubic meter (LC),24 HOUR,813,Met One SASS Quartz - STN TOT,not proven,not present in AirData daily file
fairbanks_state_building_2009-04-01,state_building,2009-04-01,02-090-0010,88306,Nitrate,Total Nitrate PM2.5 LC,0.91,Micrograms/cubic meter (LC),24 HOUR,812,Met One SASS/SuperSASS Nylon - Ion Chromatography,not proven,not present in AirData daily file
fairbanks_state_building_2009-04-01,state_building,2009-04-01,02-090-0010,88307,Elemental carbon,EC CSN PM2.5 LC TOT,0.61,Micrograms/cubic meter (LC),24 HOUR,813,Met One SASS Quartz - STN TOT,not proven,not present in AirData daily file
fairbanks_state_building_2009-04-01,state_building,2009-04-01,02-090-0010,88403,Sulfate,Sulfate PM2.5 LC,1.94,Micrograms/cubic meter (LC),24 HOUR,812,Met One SASS/SuperSASS Nylon - Ion Chromatography,not proven,not present in AirData daily file
fairbanks_state_building_2009-04-04,state_building,2009-04-04,02-090-0010,88102,Antimony,Antimony PM2.5 LC,0,Micrograms/cubic meter (LC),24 HOUR,811,Met One SASS/SuperSASS Teflon - Energy dispersive XRF,not proven,not present in AirData daily file
fairbanks_state_building_2009-04-04,state_building,2009-04-04,02-090-0010,88103,Arsenic,Arsenic PM2.5 LC,0,Micrograms/cubic meter (LC),24 HOUR,811,Met One SASS/SuperSASS Teflon - Energy dispersive XRF,not proven,not present in AirData daily file
fairbanks_state_building_2009-04-04,state_building,2009-04-04,02-090-0010,88104,Aluminum,Aluminum PM2.5 LC,0.073,Micrograms/cubic meter (LC),24 HOUR,811,Met One SASS/SuperSASS Teflon - Energy dispersive XRF,not proven,not present in AirData daily file
fairbanks_state_building_2009-04-04,state_building,2009-04-04,02-090-0010,88107,Barium,Barium PM2.5 LC,0,Micrograms/cubic meter (LC),24 HOUR,811,Met One SASS/SuperSASS Teflon - Energy dispersive XRF,not proven,not present in AirData daily file
fairbanks_state_building_2009-04-04,state_building,2009-04-04,02-090-0010,88109,Bromine,Bromine PM2.5 LC,0.0063,Micrograms/cubic meter (LC),24 HOUR,811,Met One SASS/SuperSASS Teflon - Energy dispersive XRF,not proven,not present in AirData daily file
fairbanks_state_building_2009-04-04,state_building,2009-04-04,02-090-0010,88110,Cadmium,Cadmium PM2.5 LC,0,Micrograms/cubic meter (LC),24 HOUR,811,Met One SASS/SuperSASS Teflon - Energy dispersive XRF,not proven,not present in AirData daily file
fairbanks_state_building_2009-04-04,state_building,2009-04-04,02-090-0010,88111,Calcium,Calcium PM2.5 LC,0.0205,Micrograms/cubic meter (LC),24 HOUR,811,Met One SASS/SuperSASS Teflon - Energy dispersive XRF,not proven,not present in AirData daily file
fairbanks_state_building_2009-04-04,state_building,2009-04-04,02-090-0010,88112,Chromium,Chromium PM2.5 LC,0,Micrograms/cubic meter (LC),24 HOUR,811,Met One SASS/SuperSASS Teflon - Energy dispersive XRF,not proven,not present in AirData daily file
fairbanks_state_building_2009-04-04,state_building,2009-04-04,02-090-0010,88113,Cobalt,Cobalt PM2.5 LC,0,Micrograms/cubic meter (LC),24 HOUR,811,Met One SASS/SuperSASS Teflon - Energy Dispersive XRF,not proven,not present in AirData daily file
fairbanks_state_building_2009-04-04,state_building,2009-04-04,02-090-0010,88114,Copper,Copper PM2.5 LC,0.001,Micrograms/cubic meter (LC),24 HOUR,811,Met One SASS/SuperSASS Teflon - Energy dispersive XRF,not proven,not present in AirData daily file
fairbanks_state_building_2009-04-04,state_building,2009-04-04,02-090-0010,88115,Chlorine,Chlorine PM2.5 LC,0.0158,Micrograms/cubic meter (LC),24 HOUR,811,Met One SASS/SuperSASS Teflon - Energy Dispersive XRF,not proven,not present in AirData daily file
fairbanks_state_building_2009-04-04,state_building,2009-04-04,02-090-0010,88126,Iron,Iron PM2.5 LC,0.034,Micrograms/cubic meter (LC),24 HOUR,811,Met One SASS/SuperSASS Teflon - Energy Dispersive XRF,not proven,not present in AirData daily file
fairbanks_state_building_2009-04-04,state_building,2009-04-04,02-090-0010,88128,Lead,Lead PM2.5 LC,0.002,Micrograms/cubic meter (LC),24 HOUR,811,Met One SASS/SuperSASS Teflon - Energy Dispersive XRF,not proven,not present in AirData daily file
fairbanks_state_building_2009-04-04,state_building,2009-04-04,02-090-0010,88131,Indium,Indium PM2.5 LC,0,Micrograms/cubic meter (LC),24 HOUR,811,Met One SASS/SuperSASS Teflon - Energy Dispersive XRF,not proven,not present in AirData daily file
fairbanks_state_building_2009-04-04,state_building,2009-04-04,02-090-0010,88132,Manganese,Manganese PM2.5 LC,0,Micrograms/cubic meter (LC),24 HOUR,811,Met One SASS/SuperSASS Teflon - Energy Dispersive XRF,not proven,not present in AirData daily file
fairbanks_state_building_2009-04-04,state_building,2009-04-04,02-090-0010,88136,Nickel,Nickel PM2.5 LC,0.001,Micrograms/cubic meter (LC),24 HOUR,811,Met One SASS/SuperSASS Teflon - Energy Dispersive XRF,not proven,not present in AirData daily file
fairbanks_state_building_2009-04-04,state_building,2009-04-04,02-090-0010,88140,Magnesium,Magnesium PM2.5 LC,0,Micrograms/cubic meter (LC),24 HOUR,811,Met One SASS/SuperSASS Teflon - Energy Dispersive XRF,not proven,not present in AirData daily file
fairbanks_state_building_2009-04-04,state_building,2009-04-04,02-090-0010,88152,Phosphorus,Phosphorus PM2.5 LC,0,Micrograms/cubic meter (LC),24 HOUR,811,Met One SASS/SuperSASS Teflon - Energy Dispersive XRF,not proven,not present in AirData daily file
fairbanks_state_building_2009-04-04,state_building,2009-04-04,02-090-0010,88154,Selenium,Selenium PM2.5 LC,0,Micrograms/cubic meter (LC),24 HOUR,811,Met One SASS/SuperSASS Teflon - Energy Dispersive XRF,not proven,not present in AirData daily file
fairbanks_state_building_2009-04-04,state_building,2009-04-04,02-090-0010,88160,Tin,Tin PM2.5 LC,0,Micrograms/cubic meter (LC),24 HOUR,811,Met One SASS/SuperSASS Teflon - Energy Dispersive XRF,not proven,not present in AirData daily file
fairbanks_state_building_2009-04-04,state_building,2009-04-04,02-090-0010,88161,Titanium,Titanium PM2.5 LC,0,Micrograms/cubic meter (LC),24 HOUR,811,Met One SASS/SuperSASS Teflon - Energy Dispersive XRF,not proven,not present in AirData daily file
fairbanks_state_building_2009-04-04,state_building,2009-04-04,02-090-0010,88164,Vanadium,Vanadium PM2.5 LC,0,Micrograms/cubic meter (LC),24 HOUR,811,Met One SASS/SuperSASS Teflon - Energy Dispersive XRF,not proven,not present in AirData daily file
fairbanks_state_building_2009-04-04,state_building,2009-04-04,02-090-0010,88165,Silicon,Silicon PM2.5 LC,0.078,Micrograms/cubic meter (LC),24 HOUR,811,Met One SASS/SuperSASS Teflon - Energy Dispersive XRF,not proven,not present in AirData daily file
fairbanks_state_building_2009-04-04,state_building,2009-04-04,02-090-0010,88166,Silver,Silver PM2.5 LC,0,Micrograms/cubic meter (LC),24 HOUR,811,Met One SASS/SuperSASS Teflon - Energy Dispersive XRF,not proven,not present in AirData daily file
fairbanks_state_building_2009-04-04,state_building,2009-04-04,02-090-0010,88167,Zinc,Zinc PM2.5 LC,0.0214,Micrograms/cubic meter (LC),24 HOUR,811,Met One SASS/SuperSASS Teflon - Energy Dispersive XRF,not proven,not present in AirData daily file
fairbanks_state_building_2009-04-04,state_building,2009-04-04,02-090-0010,88168,Strontium,Strontium PM2.5 LC,0,Micrograms/cubic meter (LC),24 HOUR,811,Met One SASS/SuperSASS Teflon - Energy Dispersive XRF,not proven,not present in AirData daily file
fairbanks_state_building_2009-04-04,state_building,2009-04-04,02-090-0010,88169,Sulfur,Sulfur PM2.5 LC,0.524,Micrograms/cubic meter (LC),24 HOUR,811,Met One SASS/SuperSASS Teflon - Energy Dispersive XRF,not proven,not present in AirData daily file
fairbanks_state_building_2009-04-04,state_building,2009-04-04,02-090-0010,88176,Rubidium,Rubidium PM2.5 LC,0,Micrograms/cubic meter (LC),24 HOUR,811,Met One SASS/SuperSASS Teflon - Energy Dispersive XRF,not proven,not present in AirData daily file
fairbanks_state_building_2009-04-04,state_building,2009-04-04,02-090-0010,88180,Potassium,Potassium PM2.5 LC,0.0299,Micrograms/cubic meter (LC),24 HOUR,811,Met One SASS/SuperSASS Teflon - Energy Dispersive XRF,not proven,not present in AirData daily file
fairbanks_state_building_2009-04-04,state_building,2009-04-04,02-090-0010,88184,Sodium,Sodium PM2.5 LC,0.069,Micrograms/cubic meter (LC),24 HOUR,811,Met One SASS/SuperSASS Teflon - Energy Dispersive XRF,not proven,not present in AirData daily file
fairbanks_state_building_2009-04-04,state_building,2009-04-04,02-090-0010,88185,Zirconium,Zirconium PM2.5 LC,0,Micrograms/cubic meter (LC),24 HOUR,811,Met One SASS/SuperSASS Teflon - Energy Dispersive XRF,not proven,not present in AirData daily file
fairbanks_state_building_2009-04-04,state_building,2009-04-04,02-090-0010,88301,Ammonium,Ammonium Ion PM2.5 LC,0.692,Micrograms/cubic meter (LC),24 HOUR,812,Met One SASS/SuperSASS Nylon - Ion Chromatography,not proven,not present in AirData daily file
fairbanks_state_building_2009-04-04,state_building,2009-04-04,02-090-0010,88302,Sodium ion,Sodium Ion Pm2.5 LC,0.09,Micrograms/cubic meter (LC),24 HOUR,812,Met One SASS/SuperSASS Nylon - Ion Chromatography,not proven,not present in AirData daily file
fairbanks_state_building_2009-04-04,state_building,2009-04-04,02-090-0010,88303,Potassium ion,Potassium Ion PM2.5 LC,0,Micrograms/cubic meter (LC),24 HOUR,812,Met One SASS/SuperSASS Nylon - Ion Chromatography,not proven,not present in AirData daily file
fairbanks_state_building_2009-04-04,state_building,2009-04-04,02-090-0010,88305,Organic carbon,OC CSN Unadjusted PM2.5 LC TOT,3.1,Micrograms/cubic meter (LC),24 HOUR,813,Met One SASS Quartz - STN TOT,not proven,not present in AirData daily file
fairbanks_state_building_2009-04-04,state_building,2009-04-04,02-090-0010,88306,Nitrate,Total Nitrate PM2.5 LC,0.456,Micrograms/cubic meter (LC),24 HOUR,812,Met One SASS/SuperSASS Nylon - Ion Chromatography,not proven,not present in AirData daily file
fairbanks_state_building_2009-04-04,state_building,2009-04-04,02-090-0010,88307,Elemental carbon,EC CSN PM2.5 LC TOT,0.38,Micrograms/cubic meter (LC),24 HOUR,813,Met One SASS Quartz - STN TOT,not proven,not present in AirData daily file
fairbanks_state_building_2009-04-04,state_building,2009-04-04,02-090-0010,88403,Sulfate,Sulfate PM2.5 LC,1.71,Micrograms/cubic meter (LC),24 HOUR,812,Met One SASS/SuperSASS Nylon - Ion Chromatography,not proven,not present in AirData daily file
fairbanks_state_building_2009-04-07,state_building,2009-04-07,02-090-0010,88102,Antimony,Antimony PM2.5 LC,0,Micrograms/cubic meter (LC),24 HOUR,811,Met One SASS/SuperSASS Teflon - Energy dispersive XRF,not proven,not present in AirData daily file
fairbanks_state_building_2009-04-07,state_building,2009-04-07,02-090-0010,88103,Arsenic,Arsenic PM2.5 LC,0,Micrograms/cubic meter (LC),24 HOUR,811,Met One SASS/SuperSASS Teflon - Energy dispersive XRF,not proven,not present in AirData daily file
fairbanks_state_building_2009-04-07,state_building,2009-04-07,02-090-0010,88104,Aluminum,Aluminum PM2.5 LC,0.084,Micrograms/cubic meter (LC),24 HOUR,811,Met One SASS/SuperSASS Teflon - Energy dispersive XRF,not proven,not present in AirData daily file
fairbanks_state_building_2009-04-07,state_building,2009-04-07,02-090-0010,88107,Barium,Barium PM2.5 LC,0,Micrograms/cubic meter (LC),24 HOUR,811,Met One SASS/SuperSASS Teflon - Energy dispersive XRF,not proven,not present in AirData daily file
fairbanks_state_building_2009-04-07,state_building,2009-04-07,02-090-0010,88109,Bromine,Bromine PM2.5 LC,0.0053,Micrograms/cubic meter (LC),24 HOUR,811,Met One SASS/SuperSASS Teflon - Energy dispersive XRF,not proven,not present in AirData daily file
fairbanks_state_building_2009-04-07,state_building,2009-04-07,02-090-0010,88110,Cadmium,Cadmium PM2.5 LC,0,Micrograms/cubic meter (LC),24 HOUR,811,Met One SASS/SuperSASS Teflon - Energy dispersive XRF,not proven,not present in AirData daily file
fairbanks_state_building_2009-04-07,state_building,2009-04-07,02-090-0010,88111,Calcium,Calcium PM2.5 LC,0.059,Micrograms/cubic meter (LC),24 HOUR,811,Met One SASS/SuperSASS Teflon - Energy dispersive XRF,not proven,not present in AirData daily file
fairbanks_state_building_2009-04-07,state_building,2009-04-07,02-090-0010,88112,Chromium,Chromium PM2.5 LC,0.001,Micrograms/cubic meter (LC),24 HOUR,811,Met One SASS/SuperSASS Teflon - Energy dispersive XRF,not proven,not present in AirData daily file
fairbanks_state_building_2009-04-07,state_building,2009-04-07,02-090-0010,88113,Cobalt,Cobalt PM2.5 LC,0.001,Micrograms/cubic meter (LC),24 HOUR,811,Met One SASS/SuperSASS Teflon - Energy Dispersive XRF,not proven,not present in AirData daily file
fairbanks_state_building_2009-04-07,state_building,2009-04-07,02-090-0010,88114,Copper,Copper PM2.5 LC,0.003,Micrograms/cubic meter (LC),24 HOUR,811,Met One SASS/SuperSASS Teflon - Energy dispersive XRF,not proven,not present in AirData daily file
fairbanks_state_building_2009-04-07,state_building,2009-04-07,02-090-0010,88115,Chlorine,Chlorine PM2.5 LC,0.016,Micrograms/cubic meter (LC),24 HOUR,811,Met One SASS/SuperSASS Teflon - Energy Dispersive XRF,not proven,not present in AirData daily file
fairbanks_state_building_2009-04-07,state_building,2009-04-07,02-090-0010,88126,Iron,Iron PM2.5 LC,0.105,Micrograms/cubic meter (LC),24 HOUR,811,Met One SASS/SuperSASS Teflon - Energy Dispersive XRF,not proven,not present in AirData daily file
fairbanks_state_building_2009-04-07,state_building,2009-04-07,02-090-0010,88128,Lead,Lead PM2.5 LC,0.001,Micrograms/cubic meter (LC),24 HOUR,811,Met One SASS/SuperSASS Teflon - Energy Dispersive XRF,not proven,not present in AirData daily file
fairbanks_state_building_2009-04-07,state_building,2009-04-07,02-090-0010,88131,Indium,Indium PM2.5 LC,0,Micrograms/cubic meter (LC),24 HOUR,811,Met One SASS/SuperSASS Teflon - Energy Dispersive XRF,not proven,not present in AirData daily file
fairbanks_state_building_2009-04-07,state_building,2009-04-07,02-090-0010,88132,Manganese,Manganese PM2.5 LC,0.0019,Micrograms/cubic meter (LC),24 HOUR,811,Met One SASS/SuperSASS Teflon - Energy Dispersive XRF,not proven,not present in AirData daily file
fairbanks_state_building_2009-04-07,state_building,2009-04-07,02-090-0010,88136,Nickel,Nickel PM2.5 LC,0,Micrograms/cubic meter (LC),24 HOUR,811,Met One SASS/SuperSASS Teflon - Energy Dispersive XRF,not proven,not present in AirData daily file
fairbanks_state_building_2009-04-07,state_building,2009-04-07,02-090-0010,88140,Magnesium,Magnesium PM2.5 LC,0,Micrograms/cubic meter (LC),24 HOUR,811,Met One SASS/SuperSASS Teflon - Energy Dispersive XRF,not proven,not present in AirData daily file
fairbanks_state_building_2009-04-07,state_building,2009-04-07,02-090-0010,88152,Phosphorus,Phosphorus PM2.5 LC,0,Micrograms/cubic meter (LC),24 HOUR,811,Met One SASS/SuperSASS Teflon - Energy Dispersive XRF,not proven,not present in AirData daily file
fairbanks_state_building_2009-04-07,state_building,2009-04-07,02-090-0010,88154,Selenium,Selenium PM2.5 LC,0,Micrograms/cubic meter (LC),24 HOUR,811,Met One SASS/SuperSASS Teflon - Energy Dispersive XRF,not proven,not present in AirData daily file
fairbanks_state_building_2009-04-07,state_building,2009-04-07,02-090-0010,88160,Tin,Tin PM2.5 LC,0.013,Micrograms/cubic meter (LC),24 HOUR,811,Met One SASS/SuperSASS Teflon - Energy Dispersive XRF,not proven,not present in AirData daily file
fairbanks_state_building_2009-04-07,state_building,2009-04-07,02-090-0010,88161,Titanium,Titanium PM2.5 LC,0,Micrograms/cubic meter (LC),24 HOUR,811,Met One SASS/SuperSASS Teflon - Energy Dispersive XRF,not proven,not present in AirData daily file
fairbanks_state_building_2009-04-07,state_building,2009-04-07,02-090-0010,88164,Vanadium,Vanadium PM2.5 LC,0,Micrograms/cubic meter (LC),24 HOUR,811,Met One SASS/SuperSASS Teflon - Energy Dispersive XRF,not proven,not present in AirData daily file
fairbanks_state_building_2009-04-07,state_building,2009-04-07,02-090-0010,88165,Silicon,Silicon PM2.5 LC,0.215,Micrograms/cubic meter (LC),24 HOUR,811,Met One SASS/SuperSASS Teflon - Energy Dispersive XRF,not proven,not present in AirData daily file
fairbanks_state_building_2009-04-07,state_building,2009-04-07,02-090-0010,88166,Silver,Silver PM2.5 LC,0,Micrograms/cubic meter (LC),24 HOUR,811,Met One SASS/SuperSASS Teflon - Energy Dispersive XRF,not proven,not present in AirData daily file
fairbanks_state_building_2009-04-07,state_building,2009-04-07,02-090-0010,88167,Zinc,Zinc PM2.5 LC,0.0682,Micrograms/cubic meter (LC),24 HOUR,811,Met One SASS/SuperSASS Teflon - Energy Dispersive XRF,not proven,not present in AirData daily file
fairbanks_state_building_2009-04-07,state_building,2009-04-07,02-090-0010,88168,Strontium,Strontium PM2.5 LC,0.001,Micrograms/cubic meter (LC),24 HOUR,811,Met One SASS/SuperSASS Teflon - Energy Dispersive XRF,not proven,not present in AirData daily file
fairbanks_state_building_2009-04-07,state_building,2009-04-07,02-090-0010,88169,Sulfur,Sulfur PM2.5 LC,0.771,Micrograms/cubic meter (LC),24 HOUR,811,Met One SASS/SuperSASS Teflon - Energy Dispersive XRF,not proven,not present in AirData daily file
fairbanks_state_building_2009-04-07,state_building,2009-04-07,02-090-0010,88176,Rubidium,Rubidium PM2.5 LC,0,Micrograms/cubic meter (LC),24 HOUR,811,Met One SASS/SuperSASS Teflon - Energy Dispersive XRF,not proven,not present in AirData daily file
fairbanks_state_building_2009-04-07,state_building,2009-04-07,02-090-0010,88180,Potassium,Potassium PM2.5 LC,0.0577,Micrograms/cubic meter (LC),24 HOUR,811,Met One SASS/SuperSASS Teflon - Energy Dispersive XRF,not proven,not present in AirData daily file
fairbanks_state_building_2009-04-07,state_building,2009-04-07,02-090-0010,88184,Sodium,Sodium PM2.5 LC,0.089,Micrograms/cubic meter (LC),24 HOUR,811,Met One SASS/SuperSASS Teflon - Energy Dispersive XRF,not proven,not present in AirData daily file
fairbanks_state_building_2009-04-07,state_building,2009-04-07,02-090-0010,88185,Zirconium,Zirconium PM2.5 LC,0,Micrograms/cubic meter (LC),24 HOUR,811,Met One SASS/SuperSASS Teflon - Energy Dispersive XRF,not proven,not present in AirData daily file
fairbanks_state_building_2009-04-07,state_building,2009-04-07,02-090-0010,88301,Ammonium,Ammonium Ion PM2.5 LC,1.01,Micrograms/cubic meter (LC),24 HOUR,812,Met One SASS/SuperSASS Nylon - Ion Chromatography,not proven,not present in AirData daily file
fairbanks_state_building_2009-04-07,state_building,2009-04-07,02-090-0010,88302,Sodium ion,Sodium Ion Pm2.5 LC,0.09,Micrograms/cubic meter (LC),24 HOUR,812,Met One SASS/SuperSASS Nylon - Ion Chromatography,not proven,not present in AirData daily file
fairbanks_state_building_2009-04-07,state_building,2009-04-07,02-090-0010,88303,Potassium ion,Potassium Ion PM2.5 LC,0,Micrograms/cubic meter (LC),24 HOUR,812,Met One SASS/SuperSASS Nylon - Ion Chromatography,not proven,not present in AirData daily file
fairbanks_state_building_2009-04-07,state_building,2009-04-07,02-090-0010,88305,Organic carbon,OC CSN Unadjusted PM2.5 LC TOT,4.79,Micrograms/cubic meter (LC),24 HOUR,813,Met One SASS Quartz - STN TOT,not proven,not present in AirData daily file
fairbanks_state_building_2009-04-07,state_building,2009-04-07,02-090-0010,88306,Nitrate,Total Nitrate PM2.5 LC,1.02,Micrograms/cubic meter (LC),24 HOUR,812,Met One SASS/SuperSASS Nylon - Ion Chromatography,not proven,not present in AirData daily file
fairbanks_state_building_2009-04-07,state_building,2009-04-07,02-090-0010,88307,Elemental carbon,EC CSN PM2.5 LC TOT,0.67,Micrograms/cubic meter (LC),24 HOUR,813,Met One SASS Quartz - STN TOT,not proven,not present in AirData daily file
fairbanks_state_building_2009-04-07,state_building,2009-04-07,02-090-0010,88403,Sulfate,Sulfate PM2.5 LC,2.21,Micrograms/cubic meter (LC),24 HOUR,812,Met One SASS/SuperSASS Nylon - Ion Chromatography,not proven,not present in AirData daily file
